"Data Source","World Development Indicators",

"Last Updated Date","2026-07-13",

"Country Name","Country Code","Indicator Name","Indicator Code","1960","1961","1962","1963","1964","1965","1966","1967","1968","1969","1970","1971","1972","1973","1974","1975","1976","1977","1978","1979","1980","1981","1982","1983","1984","1985","1986","1987","1988","1989","1990","1991","1992","1993","1994","1995","1996","1997","1998","1999","2000","2001","2002","2003","2004","2005","2006","2007","2008","2009","2010","2011","2012","2013","2014","2015","2016","2017","2018","2019","2020","2021","2022","2023","2024","2025",
"Aruba","ABW","Exports of goods and services (constant 2015 US$)","NE.EXP.GNFS.KD","","","","","","","","","","","","","","","","","","","","","","","","","","","","","","","","","","","","","","","","","","","","","","","","","","","","","","","","2083567039.10615","","","","","","","","","","",
"Africa Eastern and Southern","AFE","Exports of goods and services (constant 2015 US$)","NE.EXP.GNFS.KD","","","","","","","","","","","","","","","","","96532505679.5888","93865686373.3696","90618833344.8507","96981227476.1581","103300575956.782","93817983239.7651","92796036461.0459","97234192932.9195","98176113495.5642","99454986239.5942","99456864684.8471","100752748145.429","103530538635.413","102588395610.044","98124009314.0491","96018803525.4444","101743744588.048","109566454761.881","113519644250.295","122491633261.488","132805997350.32","137294034872.82","150542236756.04","192705825000.094","193101327593.242","204217824568.672","219356636139.29","242394534276.306","258316432775.65","277711487746.935","304643853845.837","339641741445.308","366116736545.02","352233369506.398","376987124456.078","230279231599.175","194727165693.867","206265731753.139","220118907374.775","217545102289.599","213054768371.476","215412971940.386","219581344447.212","214560340506.355","193437924929.853","212513399707.763","237163617737.648","245028080171.302","254120455772.208","262660776637.167",
"Afghanistan","AFG","Exports of goods and services (constant 2015 US$)","NE.EXP.GNFS.KD","","","","","","","","","","","","","","","","","","","","","","","","","","","","","","","","","","","","","","","","","","","","","","","","","","","","","","","","","","","","","","","","","","",
"Africa Western and Central","AFW","Exports of goods and services (constant 2015 US$)","NE.EXP.GNFS.KD","","","","","","","","","","","","","","","","","","","","","","","","","","","","","","","","","","","","","","","","","","","","","","","","","","","","","","","","","","","","","","","","","","",
"Angola","AGO","Exports of goods and services (constant 2015 US$)","NE.EXP.GNFS.KD","","","","","","","","","","","","","","","","","","","","","","","","","","","","","","","","","","","","","","","","","","","13772095875.8891","13593058629.5136","15372390003.8792","18897279031.7959","21597700205.6769","25174319776.7615","27847788106.3574","27109677221.3111","26464756389.7881","25108675453.3204","26414292556.6547","26104214973.9078","26288153711.0163","26813916785.7297","21881356121.0979","21006101876.3837","17351976230.959","14527830536.1625","13365604093.2695","13098292011.3781","13671041132.5935","10081546694.7994","10233525624.3768","",
"Albania","ALB","Exports of goods and services (constant 2015 US$)","NE.EXP.GNFS.KD","","","","","","","","","","","","","","","","","","","","","","","","","","","","","","","","","","","","295304643.403764","341321532.260027","278946713.997263","373324097.426732","646212050.555773","897467686.771525","1036181740.55164","1072990715.39903","1199316606.90281","1420996686.30807","1765827911.87516","2064737149.02342","2459353868.77314","2345594806.30354","2456108288.51646","2927523376.72838","3122909071.83878","3132077566.72481","3181846159.51174","3176448581.08694","3104897798.78826","3340024538.67096","3773046407.80426","3941561635.99422","4039315332.48449","2919393222.72408","4440320287.86221","5197061339.25624","5641623298.36076","5647813716.48705","6066935414.00428",
"Andorra","AND","Exports of goods and services (constant 2015 US$)","NE.EXP.GNFS.KD","","","","","","","","","","","","","","","","","","","","","","","","","","","","","","","","","","","","","","","","","","","","","","","","","","","","","","","","","","","","","","","","","","",
"Arab World","ARB","Exports of goods and services (constant 2015 US$)","NE.EXP.GNFS.KD","","","","","","","","","","","","","","","","","","","","","","","","","","","","","","","","","","","","","","","","","","571442862521.998","573950850378.114","653494576920.521","733975478191.395","796840475972.528","853970093709.626","905403179989.108","974564459078.253","917631369897.073","1015154065418.42","924962743866.832","1006131638601.48","1022131183623.81","1019504792494.99","1035509272286.29","1059417422596.85","1103602656635.5","1155379503472.06","1146951918915.03","1060557252198.63","1103646164808.16","1254076233277.4","1318242626240.25","","",
"United Arab Emirates","ARE","Exports of goods and services (constant 2015 US$)","NE.EXP.GNFS.KD","","","","","","","","","","","","","","","","","","","","","","","","","","","","","","","","","","","","","","","","","","95458587999.4621","98465923696.2318","121024659935.55","150729417904.162","168036554592.765","187413260842.114","203965722608.142","229329318290.333","219469864823.175","233208262073.098","270676024381.848","313077885792.662","335184283851.995","349017260579.578","358529611980.939","377223222838.345","376019440269.446","382343002835.075","385217109725.96","400043503212.021","416370930595.486","451594133243.544","482662714742.742","","",
"Argentina","ARG","Exports of goods and services (constant 2015 US$)","NE.EXP.GNFS.KD","5232423634.42914","4675767446.08636","6791012783.09319","6791012783.09319","6234376464.1382","6791012783.09319","7904292800.74654","7904292800.74654","7347660171.89877","8906251165.38089","9013135452.44428","8118045999.66209","8282808731.53228","9440628603.95403","9462883794.69975","8583388373.73457","11288671241.9483","14372484706.686","15652680713.1575","15151716645.7701","14372484706.686","15120415374.0935","15717150490.8118","16123062538.4867","15705233732.1126","18148029532.2584","16284164980.3063","15717150490.8118","18659332788.746","20045781619.3356","23656348273.5258","22799008061.799","22564247943.5963","23463026769.6373","27051830214.4022","33146105665.3658","35680720379.3792","40025718989.1159","44277808443.6758","43719784992.0728","44901264661.8391","46132004177.4208","47558846392.9744","50410174346.9503","54500535536.2542","61523927130.2795","64945397756.2739","70247833528.5135","70767579313.6332","64152858356.3363","73068125669.1088","76099586869.35","72973178922.7426","70404347638.8073","65490710336.0292","63671789068.8987","67057443560.298","68811257871.9443","69255776018.3655","76008924331.3521","62754707866.8981","68059391434.0607","71160809397.8913","64415001350.2887","77171821698.9856","83004541897.3191",
"Armenia","ARM","Exports of goods and services (constant 2015 US$)","NE.EXP.GNFS.KD","","","","","","","","","","","","","","","","","","","","","","","","","","","","","","","","","","","1322190455.87669","685215191.689409","739059772.746065","688211595.517639","687729123.664429","779493088.24342","925721954.770312","1178101878.01863","1583599494.63769","2067475203.50871","2015694730.98391","2344004111.10915","2171975698.5923","2095777798.81707","1821650367.38588","1631549213.26802","2063909265.03368","2371396176.65447","2588036908.85718","2810608083.0189","2990487000.43071","3137020863.27486","3805206307.28842","4539611124.51916","4766591680.78913","5653177733.41591","3736750481.78791","4416839069.47331","7301034981.8394","9659269280.97352","12325227602.5222","8566033183.75292",
"American Samoa","ASM","Exports of goods and services (constant 2015 US$)","NE.EXP.GNFS.KD","","","","","","","","","","","","","","","","","","","","","","","","","","","","","","","","","","","","","","","","","","","771192592.592592","756133333.333333","632488888.888889","664985185.185185","620600000","628525925.925926","626148148.148148","492200000","413733333.333333","365385185.185185","382822222.222222","381237037.037037","398674074.074074","428000000","423244444.444444","330511111.111111","374896296.296296","355081481.481482","391540740.740741","284540740.740741","293259259.259259","","","",
"Antigua and Barbuda","ATG","Exports of goods and services (constant 2015 US$)","NE.EXP.GNFS.KD","","","","","","","","","","","","","","","","","","","","","","","","","","","","","","","","","","","","","","","","","","","","","","","","","","","","","","","","1016366666.66667","","","","","","","","","","",
"Australia","AUS","Exports of goods and services (constant 2015 US$)","NE.EXP.GNFS.KD","14471130715.6537","15193101591.3114","17250991122.2699","16866964060.7498","19648311023.7331","19596777069.6711","19881204854.5904","22061487526.4462","23120906697.4525","24628770372.5564","28672699210.0598","31446613391.2073","33800823158.0225","34481665974.1883","32397513947.4098","35566852122.2256","36956286806.7447","39596906433.6354","40488344735.151","43361858192.8991","46425650865.6456","44172031413.0092","45215098463.9766","45450469888.7792","48918605893.3971","56470807757.4321","58607980294.6398","64482851057.7131","69932071180.9854","70657510688.1665","73957170304.5046","82282381479.4703","90062026467.683","96736169037.507","105915159086.02","110589387823.205","121603779466.389","134839086322.132","141013745952.586","143714818871.741","157930757411.03","171579326936.848","170736944995.449","171597661132.043","173878534118.077","179894132217.243","185269520040.946","192970377541.698","200726733146.825","205586781429.907","215269714086.892","217102142568.829","227096261025.343","239145295900.08","253672915757.687","271152836560.501","288540590868.551","304408589050.56","316968999315.606","329396115026.394","323769499176.639","296226087286.843","295235049708.727","315060756458.943","326974514704.267","329564591414.674",
"Austria","AUT","Exports of goods and services (constant 2015 US$)","NE.EXP.GNFS.KD","","","","","","","","","","","22279010417.4139","23706667807.2891","26111733052.3197","27532399230.3949","30481399740.0511","29750093015.6137","33040277100.5972","33831365396.7018","36784359637.4627","40949899744.8598","42457498319.0139","44530886378.1665","44493072509.9419","45197819831.3497","48958411972.4813","53342343700.3034","51180783660.7728","52937220053.5167","57308213620.2162","63350832444.0364","68781405428.9622","70801719420.5735","71735867311.345","70033459771.5841","74017024320.8941","79350243017.4511","83030892883.1204","92187392204.9524","99425475511.061","105822469225.871","120134515313.352","127067478654.246","132513861794.903","133218167187.049","144756293135.297","154404452400.434","166102399610.972","178679359399.369","182557895367.726","156327773285.37","176855289279.486","187352289902.525","190045838931.235","191248245522.072","196708951535.537","202662480693.772","208727918344.057","218954655763.195","230232865108.179","239523378114.608","214400036769.165","234785495966.124","256962745896.753","255345985339.071","249493419012.583","250230140188.862",
"Azerbaijan","AZE","Exports of goods and services (constant 2015 US$)","NE.EXP.GNFS.KD","","","","","","","","","","","","","","","","","","","","","","","","","","","","","","","","","","","","","","","","","","","","","","","","","","","","","","","","20060045053.3105","","","","","","","","","","",
"Burundi","BDI","Exports of goods and services (constant 2015 US$)","NE.EXP.GNFS.KD","","","","","","","","","","","","","","","","","","","","","","","","","","","","","","","","","","","","","","","","","","","","","","","","","","","","","","","","","","","","","","","","","","",
"Belgium","BEL","Exports of goods and services (constant 2015 US$)","NE.EXP.GNFS.KD","","","","","","","","","","","56822038450.6571","59381797495.8666","65947323875.2884","75261238543.6403","78050033085.4533","71583282569.1203","80793914928.7805","82522850938.9447","84408994847.4919","90314393138.2209","90178600274.0293","93237005543.5852","95827888876.8153","98344898575.7391","104709714304.253","105057980643.33","107933808673.852","113293931351.819","124207305939.309","134332333459.204","140476580900.944","144768688886.58","150077099912.903","149413284438.819","161855860584.792","169935620493.32","178390130046.515","195320352157.054","203402248510.418","213265735359.682","239704159463.147","240615565753.203","248912828661.408","252933650128.567","268598795534.652","283401506056.206","299557226553.23","315841241369.781","321550446218.152","285194290016.227","314953621190.98","330136371345.291","327928030029.825","328847508529.582","346341386136.227","359051241755.781","381113129017.898","402136391965.061","408349410328.282","420340731654.92","395297400646.838","453215612886.15","467043738623.049","433645347685.297","426274343932.998","425048767241.352",
"Benin","BEN","Exports of goods and services (constant 2015 US$)","NE.EXP.GNFS.KD","88037515.7275728","68934917.0878551","50663003.8078171","55646408.4562143","83054127.5385928","122924038.674891","135382905.187373","149502468.966709","167774971.127178","235051246.499524","266612154.839331","341362719.974462","357312543.653357","332269154.356279","329212971.645226","331375083.616833","319523551.088463","342107790.093152","375198953.455079","509883157.115744","565183754.330923","617134835.210923","457270148.653249","331709645.400149","455111528.239754","581031716.459711","450940224.748395","422877126.697178","345895078.923151","352656992.368916","616946150.58175","723640631.007947","875446744.966132","993600960.006715","1017938919.90953","1000047049.98242","972220628.320517","1064221203.891","1182195665.72243","1345201302.4952","1203033053.31418","1260637055.76408","1386999173.51771","1411935281.59857","1338386379.15449","1472663485.59294","1468317539.10932","1868212358.17293","2056764575.21651","1956709506.10994","2050588298.40677","1851462005.57757","2297584683.78615","2819876654.57188","3523229759.57083","2815204783.04203","3194730426.32522","3418361556.16799","3589279633.97639","3898480205.13965","2925224402.27494","3292357505.92337","3768869945.46579","3930910040.95795","4103098785.43709","4077558018.81985",
"Burkina Faso","BFA","Exports of goods and services (constant 2015 US$)","NE.EXP.GNFS.KD","","","","","","113861492.6865","117660684.653774","117660684.653774","151816723.599404","144222565.048096","163206274.142431","165287210.438451","222280436.84616","205184517.627728","220377897.495526","216580817.925562","199484061.308273","208983297.011826","305128719.662107","378447079.780211","341028276.253763","385901540.923164","332054968.26959","260260079.85045","296155861.787431","292949471.290739","307757695.67063","386021838.661251","373670368.782182","306012553.30709","388347995.306413","386743400.161883","336974501.982875","360084096.475371","497635335.862384","497138045.296256","404126301.81076","432739594.066693","587141869.611653","539153163.035012","561637276.500575","553730647.765363","543329435.947663","590999090.650605","682953723.625408","727621553.083681","871545498.749587","933250386.902866","1010290809.7397","1348748833.11257","1931051257.71716","2385055460.1171","2389768813.5731","2854634634.44528","3041967324.70608","3089098213.34422","3169923745.31804","3440797093.29432","3963719348.46255","3969250044.50775","4441419243.36551","5036275185.98253","4681589029.55266","4505345021.94508","4315234580.99775","4636221138.16834",
"Bangladesh","BGD","Exports of goods and services (constant 2015 US$)","NE.EXP.GNFS.KD","804254700.193106","711756517.404956","859777272.126484","901309749.494116","935042241.599302","886514748.648928","1013573992.54881","894314663.463979","930088906.326075","972852289.592201","1074825169.50508","777978868.857828","599906549.455363","1114298207.19137","786245775.683295","881967296.040084","1100411759.46773","1380514416.69755","1274645106.3652","1485018816.84624","1499201979.7835","1022950389.65468","977370305.264243","1067639541.76959","1057554190.22445","1141087982.6488","1127973463.19744","1149409287.70094","1272161909.58437","1385399374.97335","1631812432.17608","1581364164.85552","1926822526.68589","2242684925.81334","2325179155.19223","3039569681.79178","3285026925.97263","3755369819.12194","4216061642.93914","4310952088.05871","4931649726.19332","5666657358.84085","5657358518.10689","5561387904.32919","10322676287.2838","14761557885.222","18522258101.4364","20925632793.8814","22407295092.9576","22413682175.8445","22624714205.8624","29262607331.5145","32929872980.3364","33737275377.9959","34817255923.1622","33831931004.0501","34575133828.3026","33937817019.2328","36010032876.3986","40135512710.0993","33110837829.0007","36154205958.2183","46780850864.3021","50538575675.937","41879972086.3029","46054933415.0543",
"Bulgaria","BGR","Exports of goods and services (constant 2015 US$)","NE.EXP.GNFS.KD","","","","","","","","","","","","","","","","","","","","","52482876006.7513","55581976927.6893","54466815889.1415","57964559233.859","63328029179.3915","71295121762.539","71762881767.7252","79146264985.9761","69056770496.7178","59366709632.0895","17005679229.9409","9264719161.91152","9793000407.51017","10027728326.1806","10305331081.4605","17357467278.8868","18589364970.4266","15360713758.0151","12638306180.0423","10469477103.3776","10596674009.5866","11535291941.7682","12280758404.5618","15290513879.7729","16679855735.3176","17958062207.234","21481909070.8923","22014200398.0862","19435108774.9914","21580584874.4446","24289763217.7588","24784732691.7283","27172003601.7102","28001342688.9647","29815521310.1611","32383417567.5048","34243260076.1516","34836821619.2192","36228892943.3559","32747655086.3037","36538152120.1231","40946625290.4366","40946693945.9954","41673318735.5728","40785767593.5287","40785767593.5287",
"Bahrain","BHR","Exports of goods and services (constant 2015 US$)","NE.EXP.GNFS.KD","","","","","","","","","","","","","","","","","","","","","","","","","","","","","","","","","","","","","","","","","13287679043.9241","12961137431.8516","14748502493.8301","14899239815.9936","15590826108.9084","16326408540.6855","16646090262.4079","16721342743.7677","16834892239.2962","16893717088.5017","17337986024.0604","22606887536.4643","27310043060.2863","27128784383.877","26025254712.3895","25805319148.9362","25093954451.1106","26019841330.4971","26868509570.4774","26970848303.0957","26283530615.6348","34030209564.8542","37147999555.7915","33782362242.2848","34422608961.0848","",
"Bahamas, The","BHS","Exports of goods and services (constant 2015 US$)","NE.EXP.GNFS.KD","","","","","","","","","","","","","","","","","","","","","","","","","","","","","","2796460388.89088","2816825542.61508","2647127637.50546","2615745862.08767","2723942201.31945","2701253546.24739","2771015059.44877","2871193377.48661","2230557237.89164","2202993614.2335","2349957356.50415","2463478145.41526","2591448630.20941","2604962313.40367","2622551551.847","2929319960.4625","2866626610.57858","2922358366.08969","2880696051.30681","2817290941.77413","2727804228.67388","2762573200.00919","2936115802.58833","4386096958.83043","4424122474.31212","4183196708.27299","4241600000","3943928464.70358","3932033303.45034","4406084729.78875","4498028476.19704","2460933360.91764","3024198496.6554","4314140983.38046","4531861434.84357","4811787729.58187","",
"Bosnia and Herzegovina","BIH","Exports of goods and services (constant 2015 US$)","NE.EXP.GNFS.KD","","","","","","","","","","","","","","","","","","","","","","","","","","","","","","","","","","","","","","","","","1941463836.06969","2053762462.76258","1947441259.04016","2202490712.6712","2587454943.07458","2994412267.94198","3556524576.30869","3996879367.12895","4042652348.32853","3914257254.54224","4458359546.37541","4665406157.01239","4670418628.94161","5037349765.26587","5247057308.83183","5760366704.24363","6299990984.62151","7044713250.26218","7557459882.5498","7595579198.17544","6468216760.95157","8110063516.42688","9066143200.81068","8953054083.51549","8808672733.63965","9031000743.42359",
"Belarus","BLR","Exports of goods and services (constant 2015 US$)","NE.EXP.GNFS.KD","","","","","","","","","","","","","","","","","","","","","","","","","","","","","","","23356259417.4794","23099341117.062","15245564027.9785","11830559017.6792","11688592342.0046","9117101937.12984","9828234719.93034","13160006761.6001","12067726477.5266","12912466707.9212","14552350767.6975","16457546844.7572","17840906310.7847","19373924582.6703","21989507772.6199","21395795488.6718","23144359383.5694","24440577124.0613","24953852623.8275","22999406945.4733","24763278108.9726","32291340602.0868","35907968652.8161","30665401248.3675","32076014659.4819","32749844750.6246","33601327304.31","36106463501.2398","37478579112.6509","37840751485.5986","36421895085.3172","40082671592.4888","31645377151.9404","37642729986.2787","38778850733.8274","36956244749.3375",
"Belize","BLZ","Exports of goods and services (constant 2015 US$)","NE.EXP.GNFS.KD","","","","","","","","","","","","","","","","","","","","","124593735.602109","186190370.256212","135590719.956251","129291203.382758","180171829.726819","166931403.579415","192500538.070637","224913971.395819","243270706.377886","267733627.069811","259301480.431472","249156902.357604","333238614.750315","342256717.494003","378803092.087366","373205965.571297","392154939.239082","446675600.314217","469340056.142429","523491498.289035","575848754.233814","600672952.790631","661851664.921079","751493684.484256","789780969.541973","877360763.92717","1079144060.14675","902242877.263676","969764722.73087","1012421301.90961","1016899735.60282","1048979591.51667","1160987800.90945","1146910700.54698","1158841584.65132","1130908300","1029570962.01312","1012161613.20945","1109342174.04092","1168175728.25011","822642967.973781","1117907848.08829","1260964385.73374","1406251765.53379","1490267603.527","",
"Bermuda","BMU","Exports of goods and services (constant 2015 US$)","NE.EXP.GNFS.KD","","","","","","","","","","","","","","","","","","","","","","","","","","","","","","","","","","","","","","","","","","","","","","","","","","","","","","","3186804312.30897","3325330000","3569037741.46372","3203833873.06037","3391300286.1253","3280106662.4379","2956478768.53383","3081387780.2161","3383998288.58192","3598654524.76636","3993303252.26648","",
"Bolivia","BOL","Exports of goods and services (constant 2015 US$)","NE.EXP.GNFS.KD","905171098.457538","910487815.429439","982263497.640228","1168586039.64521","1246371178.29298","1294308531.4231","1465254941.07336","1814383587.72788","1823428371.14785","1872270202.69721","1690470052.01596","1885733963.45122","2082201459.25119","2316050878.16209","2292899573.36771","2192010859.1621","2427842653.27505","2379062074.87685","2307908981.74906","2343874923.34536","2231658653.67426","2260514714.2961","1963894819.09702","2001293575.64216","1879905055.83201","1527572279.69922","1819834785.22102","1839941578.42026","1963381531.45676","2446563858.61736","2717359952.45995","2915558754.65728","2948003259.02974","3104382998.30578","3573036238.72159","3898836037.57789","4057466391.85533","3971845010.91117","4229317059.70658","3687761614.39134","4242423495.78207","4597820949.86454","4859585946.32097","5450659970.13324","6356589424.87107","6886494732.5876","7667205155.46765","7904057988.35268","8075934457.83951","7207314491.96746","7917424530.81954","8281084189.6537","9382102798.92555","9766290212.53859","10827442704.3634","10186598885.6729","9604501667.41632","9126725157.05483","9299403111.00499","9433475518.57471","7177719088.68095","9865184128.50724","10951339877.071","10058159638.9587","8602868515.14109","",
"Brazil","BRA","Exports of goods and services (constant 2015 US$)","NE.EXP.GNFS.KD","6077812094.2321","6393498875.94957","5919934272.09895","7577513128.34311","6551376789.68183","6788330145.37943","7577666347.81881","7340844755.48157","8524882939.60238","10182495447.3105","27857670127.6101","29392523311.7016","36494789721.3977","41697016174.146","42670044963.1597","47608129283.109","47468591991.2867","47287279111.9518","53553679151.7393","58534112852.3095","71771187839.0977","73265664713.7936","60585944269.6146","90585299618.368","117158119087.785","108859907004.373","83343474551.2263","92067897852.9538","109582957525.734","86553569636.4334","76143288422.8578","81436352416.8866","101519482876.431","102686256022.19","97966431443.5741","80957544710.1171","80617632718.0874","89501122429.2423","93894021283.7255","99251886038.681","112016223829.146","122355911493.922","130280686017.63","144632327460","165566091915.083","181533599850.84","190315156813.688","202069214335.226","202896184579.588","184134239527.483","205717942297.674","215616979372.331","217142774908.878","221117128424.152","217646296102.285","232488824444.589","234495494904.251","246006394227.265","255977239249.152","249420584392.492","243706593678.589","254386441968.492","268995447996.819","292995683263.28","301090900525.043","319652117739.586",
"Barbados","BRB","Exports of goods and services (constant 2015 US$)","NE.EXP.GNFS.KD","","","","","","","","","","","","","","","","","","","","","","","","","","","","","","","","","","","","","","","","","","","","","","","","","","","","","","","","","","","","","","","","","","",
"Brunei Darussalam","BRN","Exports of goods and services (constant 2015 US$)","NE.EXP.GNFS.KD","","","","","","","","","","","","","","","","","","","","","","","","","","","","","","5924416227.78857","6000104253.78939","6526257844.47847","6920567839.65921","6727685540.6392","6919347077.82841","8082744681.10245","7804408217.69988","7408877460.68834","6671529917.49633","7602980457.21405","8506930085.0589","8405822599.50232","9011827864.00391","9232439943.61814","9021534136.30326","8806562532.11625","9201900120.83935","8350422667.68562","7758762866.33592","7243849475.66463","8103969971.46752","7860865718.55758","7956227621.4664","7504514096.11794","7497182385.04654","6751297356.70163","6536246889.93665","6270200316.6506","6627901801.40553","7614190457.47834","8194598961.84674","8884343483.44829","9520109593.7147","9307327358.78014","9593508461.63639","9198420427.37241",
"Bhutan","BTN","Exports of goods and services (constant 2015 US$)","NE.EXP.GNFS.KD","","","","","","","","","","","","","","","","","","","","","","","","","","","","","","","127304600.648287","146465918.285816","146993542.739501","83536455.0613683","92549773.6660963","136948577.33976","146784642.451644","176027197.360481","189936412.301992","207132924.989186","213907564.541673","210819263.065926","216969292.989531","252253174.19654","322174327.714476","432839515.342998","656477774.593425","759981710.909911","685183051.746942","668828345.801567","719132838.262537","742166424.631318","724350142.733716","752394888.266514","712586949.061334","689951582.761077","653531532.153773","695690624.92551","697524275.440365","879861982.886063","706751653.581384","714086623.744484","648799323.118149","847852350.584035","1011702604.28613","",
"Botswana","BWA","Exports of goods and services (constant 2015 US$)","NE.EXP.GNFS.KD","","","","","","","","","","","","","","","","546059574.972071","701340550.430408","829882622.985403","943944842.825724","1005062309.45541","1089098798.58054","1128836992.47249","1388793448.8207","1874979226.74335","2021732180.25388","2199784138.08228","2407240001.76905","2834262659.22629","3264690620.62477","3151102185.29598","3142897122.3781","3253162674.79847","3103555617.02055","3075710345.9943","3286250903.32319","3643966765.72813","4134821365.30035","4669922926.41944","3820298009.72926","4876554572.22737","4915728234.12295","4702173062.91972","5047593683.39238","4694288228.58361","5041149808.14113","5958173659.66157","6144834378.3339","6685317545.30578","5897475832.25644","4008577614.53173","4738175003.50793","4699757980.56934","5488601498.17147","7665843809.27097","7754324492.85074","7183595978.7509","6582443882.58214","6223210387.73868","6962677797.73208","6348730297.77044","5267469446.95285","7339902655.79152","6806047962.18911","5982376752.12152","5391912638.48201","6189321381.21285",
"Central African Republic","CAF","Exports of goods and services (constant 2015 US$)","NE.EXP.GNFS.KD","","","","","","","","","","","","","","","","","","","","","","","","","","","","","","","","","","","","","","","","","","","","","","","","","","139105014.065543","198301655.97458","288346430.334277","307810338.175518","231409394.567867","263149965.360069","289437777.667248","265619088.973667","326539608.808417","156555682.584457","159612149.44176","155077555.258987","136475254.998223","127548410.150336","151045612.982156","159386351.667658","221228256.141231",
"Canada","CAN","Exports of goods and services (constant 2015 US$)","NE.EXP.GNFS.KD","","35846696374.5349","37508687238.5659","40808771867.4736","46354810518.7907","48457381946.2742","54820096736.0659","60705248109.1882","68164956556.3422","73610096344.5632","80362183628.191","84274301024.0076","91543401656.4783","100769035135.65","96222125078.2557","88248248175.0152","95156425241.2145","101308617967.028","111442533131.432","115695470184.708","116948363965.125","118940553553.657","117337167480.409","124096461825.687","147243331150.212","153928468624.305","160894682255.353","166046417265.39","181130270466.256","182747122365.217","191159303917.705","194343885148.083","208892517686.465","231441200141.447","261120150957.15","284278969583.869","301207835835.383","327204537342.609","358353543591.039","397028070891.674","432623088334.403","420968478646.206","426022160438.52","418814888808.623","442095659257.453","452177797373.69","456187210101.778","461130510055.141","440130971051.517","383132817647.546","408710181209.851","428317046616.34","440156575086.325","450955438022.909","479451669832.138","495747450357.728","503308816306.047","510812336854.267","529069391714.486","541166857127.724","492565333948.455","508875528597.344","532027898800.483","565265820991.166","570554111606.13","560945554809.321",
"Central Europe and the Baltics","CEB","Exports of goods and services (constant 2015 US$)","NE.EXP.GNFS.KD","","","","","","","","","","","","","","","","","","","","","","","","","","","","","","","","","","","","178508880870.524","192160435923.765","211387725371.146","225620232265.311","228309039553.942","259958506582.478","280511971432.574","297220390959.286","330174802196.288","376753265252.132","424675034271.258","490665232434.306","548733254499.163","576906380521.201","522262805119.695","593480554474.208","644793470499.949","669253637062.943","702454001155.226","747438667551.257","793089426041.854","848307699928.951","911304301986.477","959550536661.465","995378057298.226","945540772113.972","1057535196298.18","1139097450358.1","1150866449380.57","1159462410359.49","1195508167613.58",
"Switzerland","CHE","Exports of goods and services (constant 2015 US$)","NE.EXP.GNFS.KD","","","","","","","","","","","73507977684.0517","76365659064.4921","81227429531.7012","87610821309.6566","88513897686.5658","82699567776.9821","90394277583.0127","99177627042.5492","102864159692.814","105400197585.527","110744432775.442","127509683940.551","125009233469.774","121584072856.697","140666241671.479","151905436718.371","154224589395.745","150583875831.108","162022802561.071","171392619828.747","174729738059.667","172001832809.495","178789664859.536","177708959757.92","180084821683.215","185084098260.375","191702093649.496","220715947986.581","226007069717.675","234358290413.056","263126967503.83","262912419093.409","257778519754.875","254021439208.401","278801088526.917","296220833356.921","316296397687.13","352274195300.646","367450417085.965","337027463276.688","379314503893.989","394940663421.014","396436139182.31","451434437776.643","430125963569.09","446703273941.798","472903265043.971","469079691405.64","486629519733.11","484038582191.407","459261532263.03","521859162179.386","558569768991.26","543763434112.623","553036982345.637","579616973956.614",
"Channel Islands","CHI","Exports of goods and services (constant 2015 US$)","NE.EXP.GNFS.KD","","","","","","","","","","","","","","","","","","","","","","","","","","","","","","","","","","","","","","","","","","","","","","","","","","","","","","","","","","","","","","","","","","",
"Chile","CHL","Exports of goods and services (constant 2015 US$)","NE.EXP.GNFS.KD","2521493880.05924","2646171065.99783","2715217173.21992","2858289186.31574","3122070970.16943","3095703234.25197","3219841602.97855","3325149482.22196","3392706043.20822","3513669624.7596","3586513258.12064","3615782620.97676","3069972167.70092","3155865614.22156","4605000706.87329","4713375138.69175","5860667170.26798","6557702206.0013","7290976601.05997","8323693091.4452","9515630018.99986","8667718544.61589","9074886973.16509","9077554226.24339","9282912392.15079","10426629531.9727","11479076121.7842","12252796648.4109","13668693324.9018","15870855600.6228","17238476252.5482","19381802483.9677","22081070474.2965","22861461702.0291","25519701419.4263","28322688424.1625","31660509369.3957","35648773042.5986","37940365662.9887","40594059941.5512","43058814182.7791","46336145925.8633","47838853301.5358","51192578307.6312","58878892267.7997","60806362005.2849","63983485066.2517","68303926144.9352","67959543388.4802","65103328412.9722","66319974329.1768","69763447460.954","69988885863.1097","72130658792.4267","72463487587.8685","70773875084.2569","71197353824.6755","70512685499.8827","73957336881.1486","72072251282.0623","71415982738.4975","70319893229.8995","70881064312.9962","71108612890.1942","76230739847.4124","79729713867.1222",
"China","CHN","Exports of goods and services (constant 2015 US$)","NE.EXP.GNFS.KD","","","","","","","","","","","","","","","","","","","","","","","","","","","","","","","","","","","","","","","","","","","","","","","","","","","","","","","","2362097053274.6","","","","","","","","","","",
"Cote d'Ivoire","CIV","Exports of goods and services (constant 2015 US$)","NE.EXP.GNFS.KD","","","","","","","","","","","","","","","","","","","","","","","","","","","","","","","","","","","","","10959829122.5048","11901116824.6583","12294891091.4887","13133787450.454","12214375151.723","11441280859.0725","11846647016.9312","10299798546.6983","11571932890.7212","12222461072.8305","12921857865.5458","11833391637.9857","11167669451.9429","13269901699.1543","12068374767.1054","12107729727.7724","13374798137.4487","11657748986.7856","12327879859.9149","12532872784.936","12427995188.4093","14607888124.9412","14064824148.7159","15511176917.8499","14796795092.1804","16352817341.2766","17169162639.4813","18300839912.5396","22902687136.5292","25723642796.1486",
"Cameroon","CMR","Exports of goods and services (constant 2015 US$)","NE.EXP.GNFS.KD","770199940.093178","737387523.897083","715910189.812708","632983851.979717","676535290.435937","701939995.903122","699560492.906649","703338125.72769","733788101.426176","814389655.155942","887232604.359675","871705149.356166","915292914.094746","939173912.032558","1067542625.81321","957680806.390942","1111725245.70114","979177302.796722","1290255783.44622","1529904772.15146","1999307215.81617","2547091731.86551","2144719885.92467","2564680978.50779","3700169350.43831","4029940737.36391","3471744052.42824","3053989112.49999","3194465177.89193","3934694306.37582","3548050088.654","3402579940.61882","3582916701.81539","2911689282.67961","3228747611.63317","3726069943.62188","4364969270.91097","4659125405.56111","4329442568.54986","4164162545.03238","4573974204.31853","4862568854.37361","4849767050.36863","4276856100.36214","4659222811.36334","4371293017.90902","4793356916.70826","5478461839.43224","5301485076.77344","4665757110.85969","5280906082.97065","5549991491.2177","5618031204.75055","5800946633.02658","6452925783.25484","6760654004.68446","6947032132.50197","6837900927.63451","6983504675.59377","7767260248.55717","6651798037.59956","6883515474.37667","7082954012.68759","7107468834.40729","6748527937.28742","6230200441.62737",
"Congo, Dem. Rep.","COD","Exports of goods and services (constant 2015 US$)","NE.EXP.GNFS.KD","676242463.389485","610273269.222733","550257862.872651","470341414.038291","560096274.050363","488739276.738972","494871298.251639","470162700.877159","677181456.439155","680708094.064518","771202537.914435","859488178.647031","917095013.12526","1003690450.55845","926005658.148342","868209602.699352","813760952.499895","811352380.628041","1014889166.97371","850080189.270145","1033291464.55844","894063035.028193","802753374.691352","1095353461.65164","1844325174.01966","1969494837.86857","1851823693.61789","1999319353.13658","2035963014.43066","1914413000.40053","1895644327.00173","1571213007.8916","915200246.713916","833868955.4298","771306497.719346","928652993.75953","1071665522.60653","834696557.409155","1036297025.39516","1549140319.08248","1492966839.43072","1201919152.38702","2193188049.55845","2516574368.5428","2585518535.16459","2921593500.34181","2646927458.03364","4605854064.941","5118279000.67381","5092701304.21769","7126019164.71747","8033835584.00764","8044851950.3423","10189845094.1742","10787928621.5007","10449550918.7865","12502927261.7732","12082276274.5156","14037987000.9194","12875725994.8887","14338517112.003","15049332192.7859","18795034529.156","22473517556.4305","26522062437.9802","28481273860.5728",
"Congo, Rep.","COG","Exports of goods and services (constant 2015 US$)","NE.EXP.GNFS.KD","198921571.9696","213840692.0353","371320273.164765","442600503.256993","485700178.316418","489015544.136616","441954974.301517","486969811.714794","628149601.458238","810251193.739202","1049643936.74922","1086472355.61917","1125348250.04931","1164223971.39274","1205145424.25914","1207191331.50675","1244022017.17175","1379061644.41129","1512056411.71658","1579575527.73318","1923319991.26827","2101331861.8635","2293383074.12879","2689275057.3705","2952621707.36363","2760779776.63331","2664858812.24515","2675322916.74058","3024126426.82184","3256080854.19041","3484006513.9681","3275264439.36914","3298536004.28719","3560939611.69378","3466988081.60668","4001465764.71773","4167742354.62602","4664465311.8002","5082830715.45726","5194759066.94121","5131866240.64537","4840486557.3407","4902322844.78084","4779487517.3848","4675261357.45661","5138826937.93683","5347103522.60523","4436380834.50746","4635066635.05403","5374982716.84307","5526560328.99188","5850284072.14173","5357457852.0591","4988924619.75356","5321744306.21493","5080489797.75092","5328053823.06839","5440669612.72956","6561866263.35458","6316316828.27431","5722448453.81173","5665223148.587","5623798014.70855","5679505049.69632","5651853700.53387","5740623776.24327",
"Colombia","COL","Exports of goods and services (constant 2015 US$)","NE.EXP.GNFS.KD","3055963654.56331","2852204059.54374","3083234420.13882","3008796981.2441","3183999262.69549","3388106342.86001","3363272248.14725","3549711914.71608","3865564807.93626","4480898487.96848","4234121168.99241","4427551173.42464","4953758046.99332","5328017051.76768","5149947395.13663","5893682542.44732","5705679247.65397","5448968290.88033","6820454165.65257","7390166693.75082","7767552955.19306","6848415516.44966","6741720887.36196","6681567191.3237","7370115461.85964","8427863939.75841","10172872994.4856","10965172593.7374","10992674054.1591","11916594355.5053","14013143817.1878","15688985319.1946","16565352927.8632","17595691923.853","17603234130.5315","18230056818.379","19980692461.1696","20610363624.1872","22130476117.5209","23441464652.1889","24882282131.7668","25581692445.1702","24973509563.9182","26811633718.6086","29441481659.743","32141508954.0753","35200833516.9892","37390285752.4651","38151834356.1089","36165534693.5398","36911400064.4458","41435830346.1513","43289369619.9625","45313965548.5194","45183028791.4753","45932176699.4658","45836253671.3249","47013955032.0365","47315948443.8262","48775218541.1341","37820662836.8998","43355385087.9987","48757711676.6825","50275702715.1717","50471925487.5665","51402342387.8995",
"Comoros","COM","Exports of goods and services (constant 2015 US$)","NE.EXP.GNFS.KD","","","","","","","","","","","","","","","","","","","","","30711137.7901375","32388573.7525242","33702967.8071361","34745298.5212426","36192963.4731387","37198965.1668965","37969220.1029314","38758201.3634486","40684770.7703797","40311492.1055785","43269940.3148985","40601510.5660096","43588952.3196382","44699260.1301144","42917361.9032659","45336699.9769627","45105324.7690918","47094743.5199494","47106607.4405086","48377260.7518324","47890180.1591333","50485646.626868","52806733.9612325","53828364.6500452","55497234.1777397","58641180.7052841","57612323.3239368","57148340.3712396","56548679.5988935","67213453.8102095","77116000.9296111","80238346.5550326","78972434.0823016","87507847.7435332","93671031.0970254","97918676.0474854","106407457.120836","118956206.25283","141840838.593037","151538731.686892","81943232.9568336","111153324.485671","145138620.428141","122132475.387603","116167387.057319","123534099.407295",
"Cabo Verde","CPV","Exports of goods and services (constant 2015 US$)","NE.EXP.GNFS.KD","","","","","","","","","","","","","","","","","","","","","","","","","","","","","","","","","","","","","","","","","","","","","","","","532956877.073274","574214489.05916","477233705.285592","508608565.937065","563318898.794428","640678175.472619","643391098.119212","633959968.12177","719807460.417794","783988669.435663","860583944.807992","975911588.442498","1065605418.01922","463077418.365665","449826732.608015","804881605.998545","852238920.824963","925056034.724676","963154792.680725",
"Costa Rica","CRI","Exports of goods and services (constant 2015 US$)","NE.EXP.GNFS.KD","412942170.265023","408627205.058603","455228829.294988","587020195.182163","526672324.644315","538261088.342565","655073360.711352","703894109.90299","920443720.92383","1011427844.42374","1157828449.64662","1248072864.81637","1464622475.83722","1577859491.32973","1710082353.71642","1676363982.74726","1767224821.49026","1911344659.47628","2101326413.22765","2169811075.37961","2075559906.658","2306348902.84945","2180475203.67397","2151873148.59342","2394497477.89131","2298890177.31911","2382292290.53176","2881348837.78103","3093706768.47561","3590975687.21632","3874715470.80255","4219666117.872","4939871157.9069","5339744470.13475","5550198313.89756","6161740574.3388","6547253502.6187","7116567135.99194","8145541921.12394","8562473375.85509","8754312044.19867","8903312212.47859","9141929457.08673","9660371025.13798","10663440302.2783","11304515317.8528","12213567761.6953","13132386534.0544","13417629765.6374","12282263094.2154","13427885441.771","14374296766.3856","15174121750.9704","15676618011.9725","16454857949.3569","16930125548.4428","18524481493.8586","19812845285.6127","20781883657.7552","21667497542.3325","19363623632.0762","22449008341.5404","26058913163.103","28817363168.3689","30466732984.0351","33098621826.624",
"Caribbean small states","CSS","Exports of goods and services (constant 2015 US$)","NE.EXP.GNFS.KD","","","","","","","","","","","","","","","","","","","","","","","","","","","","","","","","","","","","","","","","","","","","","","","","","","","","","","","","","","","","","","","","","","",
"Cuba","CUB","Exports of goods and services (constant 2015 US$)","NE.EXP.GNFS.KD","","","","","","","","","","","2078810656.28265","2257228381.75924","2366417716.17961","2447944031.1156","2471498804.40945","2705114928.53361","2852464939.49129","3102955883.62102","3307991645.61724","3337848095.37712","3175300326.09576","3808780965.13394","4161181624.71428","4374776471.93563","4667087011.72677","4779471579.32168","4852042902.38469","4770555227.85564","4795598504.93792","4553539111.26081","4390486269.22535","4235652065.72713","3985063861.1674","2991783004.04595","3264623106.22949","3406044138.39018","4244335735.69288","4035903774.79663","4268324068.78835","4815577907.80648","5493328278.86399","5295664414.15727","5094482260.59655","5389058991.00899","6415333188.24033","9462597795.06208","9587870201.22734","10910640195.5188","12173279434.8509","12552828171.8282","14284252747.2527","15063607035.8213","15129708220.3511","15393046810.3325","14955926073.9261","14941000000","11992034251.4628","11992034251.4628","11709805968.6242","11170780341.0875","8875683245.3261","8066476808.90538","7870305551.59126","7352157556.72898","7334033038.39018","",
"Curacao","CUW","Exports of goods and services (constant 2015 US$)","NE.EXP.GNFS.KD","","","","","","","","","","","","","","","","","","","","","","","","","","","","","","","","","","","","","","","","","","","","","","","","","","","","","","","","2095083798.88268","","","","","","","","","","",
"Cayman Islands","CYM","Exports of goods and services (constant 2015 US$)","NE.EXP.GNFS.KD","","","","","","","","","","","","","","","","","","","","","","","","","","","","","","","","","","","","","","","","","","","","","","","","","","","","","","","","","","","","","","","","","","",
"Cyprus","CYP","Exports of goods and services (constant 2015 US$)","NE.EXP.GNFS.KD","","","","","","","","","","","","","","","","860932914.274598","1422613987.13324","1740018088.04893","1846856852.45791","2230127519.20335","2471292543.30381","2819296087.3445","3042308850.80284","3290734559.13826","3787586586.98099","3746614266.1674","3683340949.4616","4187972238.02346","4754839322.47727","5548868639.04578","5919692487.7267","5418691280.82565","6494857650.39722","6310742362.64535","6827820549.54734","8093842880.68951","8612923922.47768","8610984549.86705","9112418173.5071","9333966952.15456","10152627615.0081","10331434933.7301","9969798661.40685","9680796147.31852","9989720315.71536","10298555041.7308","10535721332.7737","11100768123.2595","11038079921.5283","10524309793.8241","11190346849.7206","11975420807.61","11906594895.1476","12040231629.7575","12797815144.5053","13939933271.9672","14946407665.0422","16587865155.5072","17785505186.5834","19337247605.4938","19653621669.8021","24990708557.846","31934539475.5375","31435227381.5531","33239202769.7237","34888636993.5417",
"Czechia","CZE","Exports of goods and services (constant 2015 US$)","NE.EXP.GNFS.KD","","","","","","","","","","","","","","","","","","","","","","","","","","","","","","","21319477488.4376","20029751602.2439","21942551344.7982","25414561588.8447","26377895429.2703","31342307108.9523","32127803727.8133","34557915958.234","37888631503.3597","39848068847.1422","45736956921.0563","50050834500.7694","50506547156.6445","54961438637.2491","71272975668.3898","84209648325.5502","96239404836.3958","106853693324.63","111354742262.329","100411858591.087","115129733580.089","125678516192.27","131059016359.54","131397941630.636","142864175439.286","151309924284.771","157570285605.742","168762116201.436","174671787428.767","176962730416.883","161892361668.066","175091590730.81","184107052132.862","188429825066.207","191303926122.37","198768931485.638",
"Germany","DEU","Exports of goods and services (constant 2015 US$)","NE.EXP.GNFS.KD","","","","","","","","","","","153416916699.193","157028376045.54","166737123923.493","184606842557.908","206369435940.918","193705856702.853","213639268406.229","222175462590.783","228319635615.921","239669957797.105","252755654716.49","271000587019.302","281037653228.015","279630589229.701","304394917985.744","327095553672.827","323202680008.643","325594691408.363","344027230003.169","379391444928.316","422447619759.79","469021444827.355","467411192640.723","431839346696.913","465361786681.795","495517348546.756","524062658225.084","587594275484.161","631802909880.085","664007877703.973","753889024935.792","795169934984.089","827082133626.446","840696041541.007","934236836074.279","995572662783.663","1114438273466.11","1209735704776.78","1228473138432.76","1050321106999.86","1198463961158.57","1293175843262.07","1326698283246.95","1332992896558.6","1390815449713.2","1458592274325","1487576737775.62","1544960137157.92","1584484421272.92","1617274927459.87","1463862173813.08","1612883346360.49","1675683029821.63","1651968465859.09","1617860476667.04","1610687544966.69",
"Djibouti","DJI","Exports of goods and services (constant 2015 US$)","NE.EXP.GNFS.KD","","","","","","","","","","","","","","","","","","","","","","","","","","","","","","","","","","","","","","","","","","","","","","","","","","","","","","3254667224.18554","3478995322.53542","3525582232.82561","2639589493.17275","4026061741.82203","4423070454.36539","4830650786.37887","3395720888.59823","4398899256.16222","5774719950.80828","5895697601.20076","5328275266.4554","5248351697.44642",
"Dominica","DMA","Exports of goods and services (constant 2015 US$)","NE.EXP.GNFS.KD","","","","","","","","","","","","","","","","","","","","","","","","","","","","","","","","","","","","","","","","","","","","","","","","","","","","","","","","","","","","","","","","","","",
"Denmark","DNK","Exports of goods and services (constant 2015 US$)","NE.EXP.GNFS.KD","","","","","","","18771059055.275","19534585779.1066","21510602498.5843","22864873061.4259","23800011372.8459","25348457501.8244","26650893358.1472","29063403447.7622","30102622361.5531","29910156857.5911","30961366433.7695","32104314864.1688","32594334654.0731","36167695947.3397","38207648562.7228","41543444857.4389","42880535912.5949","44871754212.1496","46373030596.3787","49203286076.4135","49879458328.1429","52329651622.9329","57136660524.6277","59833600938.7353","63766420017.3801","67700084158.0103","67883427644.7761","68717879616.3019","74377221590.8141","76398403543.1609","79959674627.5008","83565776185.1578","86993832905.9477","96802897632.7719","109012588123.911","112673148284.602","117577034028.948","116155782226.291","119669934567.229","129162665531.81","142509495645.496","147693681183.115","153409257272.158","139348516076.868","143565369027.606","154256204140.355","156199015659.647","158369595295.438","163151228209.45","168424695289.912","174591992046.563","182982437391.55","189211371515.959","197568957111.812","185004021431.006","199317524292.612","212443161707.138","228977427363.173","245256566219.585","252718946836.628",
"Dominican Republic","DOM","Exports of goods and services (constant 2015 US$)","NE.EXP.GNFS.KD","2171996744.52867","2018999624.48823","2263982814.01259","1989902031.38183","2021815493.4661","1655748636.68636","1806435964.19797","2020417627.20049","2095021143.20989","2338781514.2366","2601260402.78874","2995563909.34208","3932688347.63126","4410765741.49642","4164173620.24184","4300244647.67755","5517379617.09698","5469133748.44182","5494226574.5092","6844437394.75683","5608465874.6247","6077482415.25461","5311441622.42852","5646551634.10478","5933307728.91723","5935320264.16735","5530486439.90518","6252709978.81011","5630453150.1524","5535614226.81671","5485525369.02098","5847570047.56377","6435593348.82507","7000461934.78342","7448111490.36864","8074561691.82865","8622332334.36876","9626056694.18324","9915371287.9807","10444702981.8327","11261223447.1756","10441842404.8801","10515275853.6163","12017949666.225","12528118255.8804","12091025080.5073","11930706897.8889","12058102532.7651","11513833061.8117","10549736690.8374","12257876769.7852","13166764135.4085","13912316234.8782","15187724497.1619","16532385267.2284","17058168235.6322","18356338478.1107","19147266991.5658","20229535053.0012","20583866244.3778","14722129519.983","19926394255.1178","22545183520.7682","22185228563.3264","23911153810.5203","24845773339.1915",
"Algeria","DZA","Exports of goods and services (constant 2015 US$)","NE.EXP.GNFS.KD","23733964091.5215","23733964091.5215","8184125671.29378","13503806429.6069","13913013268.7646","13913013268.7646","15106623024.8396","15554227057.2512","17643044918.8195","19246956990.4329","19992964209.3145","14808221370.2618","20515167169.8137","21634176506.5714","20328666093.5395","20440566746.5003","21149272243.835","21037371626.2009","22305581809.5854","23909495369.0869","20813570355.6061","20876010842.5477","23005363319.2516","24431696807.0261","25824303655.9296","26495734918.4374","26416248528.0026","28001221739.578","28113226237.1814","30362284941.7693","31394602699.3067","31112053705.3695","32325421218.4596","31711240433.4867","30633057514.0789","32562939260.8516","35005160317.0038","37210486691.4974","37843062450.0669","40115566775.7464","37972728165.0236","40402982768.2252","42705952786.014","45908899244.9651","47377984021.8777","50173285077.7824","49270165947.2393","49171625613.9149","48139021478.0101","43517675415.8114","43256569362.5938","42088641989.9561","40531362234.9597","38221074589.7274","38297516738.4681","38489004322.7411","41144745619.1312","39375521557.759","38036753825.1875","35868658856.5633","31492682475.4689","35114340961.7869","35079226619.6842","36166682646.5567","35298682261.4493","36186178085.4706",
"East Asia & Pacific (excluding high income)","EAP","Exports of goods and services (constant 2015 US$)","NE.EXP.GNFS.KD","","","","","","","","","","","","","","","","","","","","","","","","","","","","","","","","","","","","","","","","","","","","","","","","","","","","","","","","3335889944878.48","","","","","","","","","","",
"Early-demographic dividend","EAR","Exports of goods and services (constant 2015 US$)","NE.EXP.GNFS.KD","181940830990.206","191044021822.448","178990974830.757","199226535030.171","211185488661.704","229467075462.378","248228248005.499","263283075269.794","282746656484.491","311431409692.897","339560855744.692","358760424782.249","407724247044.979","445418516369.25","508742252642.587","468676952282.37","505170884015.097","511118304965.691","488183002840.481","495984250600.256","436728049161.241","435662133905.049","460016759739.538","480344012032.713","499786501752.59","494540680911.786","508628169514.79","550619309125.877","589785045991.905","622790117493.171","666109228023.412","711385294985.01","743637242522.746","800918787859.606","876970364672.254","973579861854.761","1058068347986.69","1096298042826.02","1147094476513.68","1140300880448.51","1280277513343.42","1278334555368.93","1306653687250.99","1384266187293.2","1530706378452.13","1687360384856.6","1820949850297.8","1902595666316.49","1977869918270.94","1811636783946.58","2042633790190.4","2194727199816.32","2289085155008.34","2350586948587.7","2392697338990.75","2411666906029.87","2482495380142.33","2647003993281.57","2843890723303.25","2845580691494.13","2506989092684.83","2877324358202.86","3220375199419.4","3227411609192.85","3316770506671.08","3523162122494.04",
"East Asia & Pacific","EAS","Exports of goods and services (constant 2015 US$)","NE.EXP.GNFS.KD","","","","","","","","","","","","","","","","","","","","","","","","","","","","","","","","","","","","","","","","","","","","","","","","","","","","","","","","6648391866152.86","","","","","","","","","","",
"Europe & Central Asia (excluding high income)","ECA","Exports of goods and services (constant 2015 US$)","NE.EXP.GNFS.KD","","","","","","","","","","","","","","","","","","","","","","","","","","","","","","","261973174296.695","232787116789.32","165594602809.822","155297725468.096","163960127801.466","166627969800.431","190747595503.781","204026775950.37","208423879092.279","198410259568.592","239248895035.092","245492357213.945","268512961982.986","294413103106.88","340499256307.704","340772311408.248","351348028143.925","375331533161.799","392096592157.777","351995238883.584","366817112466.477","403935505370.718","432099984144.897","437946978019.88","440806157537.129","445806158501.485","443492197747.818","489092631573.982","526792451939.764","553968875285.734","476165028855.19","557103318644.397","586285605865.669","593502195745.36","602473546738.365","593988155607.978",
"Europe & Central Asia","ECS","Exports of goods and services (constant 2015 US$)","NE.EXP.GNFS.KD","","","","","","","","","","","1112730503563.55","1181400866829","1271678228118.52","1405428266070.15","1494305766365.51","1438030050432.83","1574558895085.18","1666906522764.44","1754869112761.06","1864170549478.62","1892971533056.93","1993640756117.64","2008044071407.49","2065460956599.04","2242159637718.78","2356809164713.86","2387746161749.61","2471781995788.34","2603324273555.1","2782062340303.39","2892025595487.25","2874411498071.97","2859329955919.16","2890781507277.44","3142167077540.16","3408732113175.77","3604372384639.19","3977335829609.89","4203583674424.47","4409528965189.53","4962031979325.35","5136472544734.72","5260942790276.93","5379711514878.6","5826292239967.78","6153297584876.1","6677122440872.89","7082267629526.38","7192417204378.04","6427679188748.76","7049484892657.46","7484866473412.07","7640532473961.76","7850977254567.8","8117396576734.74","8582410131375.59","8875506963409.48","9361740311710.21","9718927801934.44","10012999315330.5","9170630006410.54","10127773933755.9","10924189225098.9","10850222398608.4","10966740056854.2","11214754257398.9",
"Ecuador","ECU","Exports of goods and services (constant 2015 US$)","NE.EXP.GNFS.KD","1112757094.95736","1067519068.84819","1292889669.57699","1187170369.18521","1231588866.34543","1337799883.41209","1388392360.41541","1489544170.66994","1529080512.14824","1342551354.83941","1345070207.07865","1486635137.32226","2701946782.2414","5691160246.86424","6984471953.88764","5638672605.09718","5787057418.58334","5872513102.57427","6252279819.74575","6433747167.63451","6458096576.40976","6512541150.17143","6193585435.48583","6088521269.15738","6255395242.1608","6723145534.37298","7504184123.73246","6743427418.51199","9266785756.55451","9390334563.86307","9449452271.24732","11025146607.2715","11633322956.0953","12354930473.8298","13947688861.8199","15392506784.3188","15065786598.5705","16118275262.7456","15354814371.4731","16526514633.2723","16945654920.411","14065304604.1435","14361721769.5923","15454577334.4603","17027516489.6372","18459039495.5446","19783099100.4124","19758864462.4807","20621364829.928","19228028454.5797","19326516157.0347","20580138408.845","21591234147.5327","22170692479.9234","23236066570.9737","22119535000","21017782300.93","21568248726.6915","21967388779.0966","23050183067.9154","22149985686.6144","24237193661.4535","26139865707.7231","26355173698.9784","26563609520.4413","28276893224.07",
"Egypt, Arab Rep.","EGY","Exports of goods and services (constant 2015 US$)","NE.EXP.GNFS.KD","1753804655.97059","1635678981.59005","1503088938.85054","1849028413.98138","2135302369.91021","2136507733.77995","2231731491.79074","2383607358.82948","1559741048.03224","1799005806.89053","1976973154.55346","2078006313.01522","2041597967.54948","2131708622.4561","2231831572.19858","2751839271.03701","3092643761.12507","4349681428.33646","4466137234.08625","5107215027.12877","5976070734.56072","7750875988.34901","6943823916.44976","7462373759.42103","7895672880.95164","7982567555.76097","8130523353.33249","7548094181.7912","8391951530.20028","9790610118.55419","10489939412.7696","10839604054.3995","12238262648.7601","12391159665.6228","12455890927.8013","13862240137.5909","14109029988.5355","13975419224.7438","13604642800.4274","14851022027.4258","15894900271.6236","16417950012.6637","17234513012.9856","19618537869.381","24585256319.5638","29551974762.0585","35834873598.4261","44178960591.9656","56885559109.2604","48630191861.3439","47179129685.1523","47767398137.661","46669297029.8993","48776723406.4584","43440175968.1745","43423180592.9919","36896956976.5003","68644315626.3482","90329366330.2318","87903241852.8409","67106102688.1829","57814296075.7147","90967161935.5515","119505879405.529","106819527655.203","132106891779.799",
"Euro area","EMU","Exports of goods and services (constant 2015 US$)","NE.EXP.GNFS.KD","","","","","","","","","","","597439860664.919","636998041604.662","696520905222.565","769534105326.36","824942248784.743","793197929363.1","872039769983.472","921199781377.832","976815058456.579","1047783600037.72","1062094146066.19","1121642009593.9","1129055504848.4","1164132981475.95","1262727626619.6","1321542625323.04","1329277223124.83","1379807195301.2","1458402216529.87","1569890569335.98","1628174939477.04","1707376539723.08","1770994357922.62","1782433465972.5","1945195918370.82","2119280086776.44","2224765143151","2463124495778.96","2634308890942.13","2778523536787.31","3138817979757.09","3262606807464.14","3329928857339.18","3363224002637.6","3627984529215.68","3816960184240.95","4139098016237.33","4415579898935.71","4438955503044.03","3900140964027.64","4326095995659.08","4601542496835.22","4702343622126.84","4806806581692.8","5023494287302.1","5369052573175.23","5537519253862.47","5843764424408.76","6040871013382.88","6233029242541.85","5696494914423.91","6348981201708.92","6814524570610.14","6732159475979.55","6773390792455.26","6917178965041.08",
"Eritrea","ERI","Exports of goods and services (constant 2015 US$)","NE.EXP.GNFS.KD","","","","","","","","","","","","","","","","","","","","","","","","","","","","","","","","","","","","","","","","","","","","","","","","","","","","","","","","","","","","","","","","","","",
"Spain","ESP","Exports of goods and services (constant 2015 US$)","NE.EXP.GNFS.KD","","","","","","","","","","","29589579545.738","33791775416.5461","38319775342.7193","42152284645.6554","41730735259.3142","41563180120.9631","43641670605.855","48922342739.2331","54156470819.6407","57189764941.2584","58502286305.1986","65108131559.7184","68731826992.2615","75339272191.8593","84408910955.6527","84972063572.8255","85170445973.927","89654869783.0094","93076982924.295","94409670285.1321","98839698119.2765","106991013720.294","115023938779.825","124037581623.602","144714245818.622","158319502318.566","174133436068.41","199191043336.136","215381499292.432","232664840726.714","256906829869.787","267042721445.217","270876990364.082","280360172315.684","292363570923.987","297734137746.292","311674090241.812","335565450827.668","332571613746.737","296670381409.983","323307440865.115","349837692388.576","353144399107.111","368292675869.08","384887703237.549","401637009328.906","423295128167.572","447030053395.198","454455848385.624","464748175319.285","371338298090.77","421053256642.446","480940787910.922","491376602838.767","506878745808.106","524967995653.15",
"Estonia","EST","Exports of goods and services (constant 2015 US$)","NE.EXP.GNFS.KD","","","","","","","","","","","","","","","","","","","","","","","","","","","","","","","","","","4226407492.30352","4375124356.22807","4611886459.6221","4730556130.21141","5933405926.59549","6714297028.5606","6746135466.21815","6277273809.93312","6674801420.07009","6863075549.55975","7561224983.52361","8868735537.92768","10635599802.4929","11649113479.4301","13118699221.8857","13236489747.6356","10548350789.7281","13102868236.4568","16270228302.2343","17055473669.3295","17533081062.73","17996026829.0129","17725037607.8473","18580393447.0757","19478206560.4812","20042270992.1539","21051296459.2817","20184585087.7976","24945340427.9247","26308477357.1971","23903530405.9602","23544757456.3656","24711999229.1177",
"Ethiopia","ETH","Exports of goods and services (constant 2015 US$)","NE.EXP.GNFS.KD","","","","","","","","","","","","","","","","","","","","","","","","","","","","","","","","","","","","","","","","","","","","","","","","","","","","7086795172.92852","6352502656.02048","6369982509.32077","6549734858.32443","5814937799.04306","5341538784.44513","5751002935.99639","6062080775.33814","5711701788.56491","5403329353.30617","6427356525.02766","7134313920.72816","7080528142.70689","8142234622.58813","12584314070.2095",
"European Union","EUU","Exports of goods and services (constant 2015 US$)","NE.EXP.GNFS.KD","","","","","","","","","","","680401990085.669","724828774026.009","790178082855.298","873742216297.322","934682294878.265","897445023830.434","982267581293.343","1035268608850.63","1096868782893.08","1177397704761.5","1194288848451.95","1261404405074.53","1273714353106.74","1317163794320.71","1425495675363.27","1490645221211.94","1501489163328.83","1559304125068.27","1648592887277.54","1769901522786.4","1836503112596.46","1917201631416.08","1986119277535.75","2007174945607.26","2193124156231.94","2395433677152.11","2517021013199.88","2786639354567.15","2985663712366.24","3152220874560.15","3564501674151.32","3704905631871.9","3789294071411.18","3848541932536.9","4165321924298.43","4407943635429.58","4802656491624.46","5134982179365.48","5191778027086.38","4578409980489.31","5076020834985.33","5409868373887.02","5525643368360.11","5656845693461.91","5922841551108.63","6317507420115.02","6541580173153.7","6911296656474.63","7159800952493.01","7407020605705.18","6807543106359","7574920454293.73","8128467052260.13","8089050887428.98","8161161526519.48","8352139932848.37",
"Finland","FIN","Exports of goods and services (constant 2015 US$)","NE.EXP.GNFS.KD","","","","","","","","","","","10653690506.955","10530585110.2979","12055500553.0726","12925990675.6827","12940304488.5062","11239910509.0157","12858006671.1463","14920753721.2007","16081184436.3633","17633125458.8113","19061431473.5277","20167616141.2769","19790381109.6266","20646925174.2965","21994983550.0744","22134782155.6713","22702853344.1344","23458431076.335","24286127302.853","24696647454.6305","25043924777.1038","23066773226.6712","25459992081.8817","29703879031.0411","33650416337.9182","36595063821.5281","38704248183.5695","44133094217.7584","48048565045.4958","53495164611.836","62110531837.6635","63242234730.4893","65761939244.3083","65098449977.4388","70789141892.7952","75708722285.85","83138020555.623","90609479610.5363","96590864144.1498","77163293046.035","81929760785.442","83590701492.5409","83788194673.3791","84762347630.5819","83243424170.0676","83446464503.9062","86940320873.8654","94789014960.429","96413342035.3879","103014944078.643","94257558505.1684","99897212869.309","104325278951.256","102905102081.161","104714717058.869","108288458818.197",
"Fiji","FJI","Exports of goods and services (constant 2015 US$)","NE.EXP.GNFS.KD","","","","","","","","","","","","","","","","","","","","","","","","","","","","","","","","","","","","","","","","","","","","","","","","","","","","","","","","2286771260.89921","","","","","","","","","","",
"France","FRA","Exports of goods and services (constant 2015 US$)","NE.EXP.GNFS.KD","38297686855.49","40375340966.6611","40887263482.8124","44260201636.3563","47905900743.2014","52994060238.7885","56617396472.6448","60930566749.1392","67079365363.6211","77206221645.574","89458762642.7526","97870728068.47","108513032048.523","121697322699.587","135574642089.431","131339025815.814","142352685681.803","153392453926.602","163240490348.779","173846330728.048","178694006717.554","187296772616.259","184569273245.183","193292115654.025","206464288492.14","210801143584.854","209318363927.57","215588671157.356","234125840435.987","257281659039.378","266462664939.65","283753241751.578","300416556500.464","301304131218.051","325735184391.48","353843112499.616","367934917178.667","415097665502.252","450737475330.158","473325519315.894","533291177668.44","548712747075.802","560075510116.675","552414188122.215","581944416984.822","606646688844.449","639048178404.488","657254751713.468","661106673964.328","591954501614.715","642527312664.244","684466292149.143","702537917086.64","720819180188.164","740593798492.818","774108364253.242","790457937808.669","825289269188.967","856380272359.478","874179687153.353","729310902855.476","811910652882.966","885662526704.362","907538814422.215","930457123891.795","942373230336.719",
"Faroe Islands","FRO","Exports of goods and services (constant 2015 US$)","NE.EXP.GNFS.KD","","","","","","","","","","","","","","","","","","","","","","","","","","","","","","","","","","","","","","","","","","","","","","","","","","","","","","","","1369742477.11807","","","","","","","","","","",
"Micronesia, Fed. Sts.","FSM","Exports of goods and services (constant 2015 US$)","NE.EXP.GNFS.KD","","","","","","","","","","","","","","","","","","","","","","","","","","","","","","","","","","","","","","","","","","","","","","","","","","","","","","","","89000000","","","","","","","","","","",
"Gabon","GAB","Exports of goods and services (constant 2015 US$)","NE.EXP.GNFS.KD","504385719.293845","546070496.70118","604429146.642947","758662836.668508","942075819.974286","1021276871.03904","984340828.359081","1267815533.95002","1342614161.32167","1551298091.68868","1722127289.51173","1822774865.15536","1939126540.68472","1952051014.82071","2932693527.56606","3623399097.65247","4223601940.48153","4080474774.66845","4234681182.74177","3481190621.70341","3730508910.36411","3461183598.53752","3399152404.34583","3543630122.43788","4375947412.66914","4073643491.2253","3698315505.81252","3462754008.66884","3576608732.05513","4920879675.99111","5496434934.30435","5656539167.82076","5800950719.79841","6528440446.62382","6821484408.45192","7246531458.67747","7422619869.05012","7673352720.28237","7195556274.06154","6814182697.90783","6050992015.0247","5700896787.13615","5281523635.24849","5376669864.80672","5448227960.5172","5907127893.04279","5503801066.54868","5672550441.90977","5327366472.76091","5244265943.72474","6020922632.56414","6319979791.56209","6089985043.75821","6069122006.01588","6093221515.58807","6620833388.51661","6402553836.1345","6650914373.4726","6741195233.80356","7685131509.16453","8456218579.94506","9541710257.99619","11483598344.7627","10877960160.0833","11475126510.0365","11487862468.3892",
"United Kingdom","GBR","Exports of goods and services (constant 2015 US$)","NE.EXP.GNFS.KD","","","","","","","","","","","138155344175.714","147714109940.347","149302743366.674","167675058739.545","179937389955.969","174605355660.429","190505178497.19","203609004593.166","207373587577.495","215193518739.509","214544586613.077","213484009545.415","215859938117.56","220204945019.606","235049067743.183","248806940399.624","259167805971.39","274351629270.764","275986932073.479","288559801641.452","303798925836.751","304303002066.975","318087402118.614","332562924729.029","363256041703.979","397568038004.831","425816053521.503","477815629377.16","489904441312.866","506905756689.552","556444630404.755","568491169652.629","572159974080.242","583002859470.87","611582380528.574","656710456217.556","733232508102.095","723281793605.741","741830504548.042","682981677308.778","724983816223.636","774241244823.064","778381720798.343","781706783517.587","792257099400.906","821200386071.742","851990311123.721","906824366021.995","941574553233.094","959496964248.746","844213290792.929","868383125600.214","1000496801456.49","977025573130.773","990014343698.178","1010601031229.32",
"Georgia","GEO","Exports of goods and services (constant 2015 US$)","NE.EXP.GNFS.KD","","","","","","","","","","","","","","","","","","","","","","","","","","","","","","","","","","","","","","","","","","","","","","","","","","","4282967517.57805","4781595293.03594","5228361561.55305","6036586255.45715","5923254555.01974","6110413018.39917","6359915596.19942","7142184312.60974","7953358191.48636","8822971427.54715","5509752107.93211","6806804096.67442","9353960612.12639","10241825846.9531","10802814335.0234","11561090659.6049",
"Ghana","GHA","Exports of goods and services (constant 2015 US$)","NE.EXP.GNFS.KD","","","","","","","","","","","","","","","","","","","","","","","","","","","","","","","","","","","","","","","","","","","","","","","4540411900.98597","5365301104.0816","6263592814.32938","6740895998.40279","8404495608.47108","12929651090.5316","14893149037.4241","14356262782.0669","14218893584.7693","16725314357.9985","17209275590.7701","21303375278.5485","22712888512.7786","25604936051.8511","22330135486.3818","22064131689.3496","22108378373.3152","23244309717.2965","25349015163.0035","",
"Gibraltar","GIB","Exports of goods and services (constant 2015 US$)","NE.EXP.GNFS.KD","","","","","","","","","","","","","","","","","","","","","","","","","","","","","","","","","","","","","","","","","","","","","","","","","","","","","","","","","","","","","","","","","","",
"Guinea","GIN","Exports of goods and services (constant 2015 US$)","NE.EXP.GNFS.KD","","","","","","","","","","","","","","","","","","","","","","","","","","","","","","","","","","","","","","","","","","","","","","","1687392466.33119","2192056181.50147","1954134072.69276","2064230882.52462","2186582039.55791","2165925791.99193","2229915505.93682","1951259757.28446","2080161213.16944","1890478290.5367","2613900633.37187","4674536747.41702","4658211609.75374","4569556646.32282","6999298652.10004","9125563444.49874","8639122918.8596","9399365735.71234","9822337193.81746","10627768843.7168",
"Gambia, The","GMB","Exports of goods and services (constant 2015 US$)","NE.EXP.GNFS.KD","","","","","","","","","","","","","","","","","","","","","","","","","","","","","","","","","","","","","","","","","","","","","224852498.55332","213879624.114552","235947294.208341","213666260.639033","174803995.542397","203760192.801248","196383983.465327","219464498.962407","258975244.079171","252921117.763609","280380540.403944","214593792.981957","187529950.18564","283314381.814163","381044722.285754","356907904.69165","178671436.528912","130781556.545615","142583535.128373","170970142.565848","200897353.108736","269179794.473801",
"Guinea-Bissau","GNB","Exports of goods and services (constant 2015 US$)","NE.EXP.GNFS.KD","","","","","","","","","","","","","","","","","","","","","","","","","","","","","","","","","","","","","","87781480.6025709","70409480.8015791","114892861.101676","139772406.702277","154189388.688314","136135548.014816","133153262.809763","147946925.772771","169327296.700411","148341655.107102","174711326.500174","176424900.848291","210636922.816774","194943003.648077","274812458.125617","238163174.50471","250412245.733338","270512840.901196","288634342.955778","290960075.015295","309557474.283941","419533309.031378","348002935.828242","306397071.155382","309323208.283338","289564036.840151","342485695.538453","241066833.390025","301450396.537993",
"Equatorial Guinea","GNQ","Exports of goods and services (constant 2015 US$)","NE.EXP.GNFS.KD","","","","","","","","","","","","","","","","","","","","","","","","","","","","","","","","","","","","","","","","","","","","","","6913559369.72336","6864808136.41945","8508387370.82227","9817168522.28817","9216597119.02116","9201944100.10503","8216879567.44322","8597227226.87707","7945283259.45165","7984810647.23014","7470701298.60658","6800281604.29484","6544533427.64777","6173975527.93863","5339449104.48039","4905658000.77622","4654926601.04559","4921714067.43941","3795245733.6914","4214430882.52798","3511686254.25662",
"Greece","GRC","Exports of goods and services (constant 2015 US$)","NE.EXP.GNFS.KD","1928129885.44823","2119041817.04098","2022336127.17739","2336332326.77597","2186704542.42613","2540046000.33639","3330500221.443","3430994876.29116","3367267599.46837","3691581087.28217","4228805571.87923","5007648374.26446","6178206718.28502","7994680361.62307","8003891525.81389","8829895119.76361","10094257164.0279","10731602597.3377","12024683496.7469","14285920498.3323","15867545210.6385","17201516943.1172","14369440359.3668","13529343199.7712","15010078789.6418","15284932731.7924","17860283581.2043","18920689734.9685","18519031764.6674","18878848488.7644","18223983850.2337","18975412308.7062","20876969842.4604","20334826047.1604","21836356538.0072","22491235017.5059","23331625144.257","28749691668.1401","30084644955.9313","37130310120.6807","45557927886.8261","46094188117.3206","42724185773.2621","42607006984.9278","49482726977.7465","50605584732.4513","53352612028.2054","58210436537.7404","60843544593.1195","50337342159.3393","52641430797.7914","52932018460.2935","54011467479.1704","54959624536.0293","59509665133.7608","62624153981.5929","62376810116.717","67619706503.2567","73863485960.7619","77438925178.8943","60775578519.8528","75587665722.78","80268599201.2861","82001142368.2063","82795265599.2416","84162334546.4029",
"Grenada","GRD","Exports of goods and services (constant 2015 US$)","NE.EXP.GNFS.KD","","","","","","","","","","","","","","","","","","","","","","","","","","","","","","","","","","","","","","","","","","","","","","","","","","","","","","","","","","","","","","","","","","",
"Greenland","GRL","Exports of goods and services (constant 2015 US$)","NE.EXP.GNFS.KD","","","","","","","","","","","","","","","","","","","","","","","","","","","","","","","","","","","","","","","","","","","","754705388.775432","830115250.871807","873309534.46636","818909007.84969","843900257.093598","905657843.426988","830703057.18938","909089873.861849","947752360.362857","910758485.343992","932298742.658923","1042540869.44502","939162803.528646","1081601547.32245","1040682643.02173","1078169516.88759","1019521615.5891","978887133.700108","920087540.448698","1047831126.30318","1079364091.01685","","",
"Guatemala","GTM","Exports of goods and services (constant 2015 US$)","NE.EXP.GNFS.KD","1404896091.96446","1437952430.84038","1493046412.66923","2047659013.53365","1968690920.20963","2226181791.80725","2736807644.67701","2561394809.33858","2880995154.3802","3250188672.76197","3177635718.77634","3309884148.81727","3784692704.5453","4147457493.57277","4422975035.04881","4568999341.16572","4870231857.84661","5173300862.41391","5167791090.22736","5686682179.68201","5979649479.12218","5118197357.98753","4685635098.5945","4175927624.64864","4040924038.73669","4169498895.29435","3586320069.21721","3802142153.98212","4016127461.67749","4549713095.31517","5162280450.61382","4692982221.93178","5133810305.3359","5476251991.91805","5660333526.84319","6371296860.57332","6924717260.48456","7485812350.73031","7665046517.56663","8017944831.38197","8323985731.1548","7991856447.53081","8048623011.98936","8006965886.99931","8664895946.92936","8482098681.42497","8888447797.09224","9725394671.26487","9709542525.75262","9451150277.90189","10030881617.5956","10332605999.9028","10513803465.5946","11214310196.5778","11991163724.8527","12331439231.3857","12622343267.0401","12810429229.3635","12763020212.5632","12792600023.6983","11829865768.7889","13052444663.8683","14033923666.9968","13695265480.2202","13986946588.4328","14272533670.0842",
"Guam","GUM","Exports of goods and services (constant 2015 US$)","NE.EXP.GNFS.KD","","","","","","","","","","","","","","","","","","","","","","","","","","","","","","","","","","","","","","","","","","","1081126436.78161","907463601.532567","1141356321.83908","1190544061.30268","1171471264.36782","1140352490.42146","1050007662.83525","900436781.609196","899432950.191571","957655172.413793","1007846743.29502","1069080459.77012","1065065134.09962","1048000000","1126298850.57471","1144367816.09195","1147379310.34483","1357180076.62835","356360153.256705","185708812.260536","464773946.360153","","","",
"Guyana","GUY","Exports of goods and services (constant 2015 US$)","NE.EXP.GNFS.KD","","","","","","","","","","","","","","","","","","","","","","","","","","","","","","","","","","","","","","","","","","","","","","","","","","","","","","","","","","","","","","","","","","",
"High income","HIC","Exports of goods and services (constant 2015 US$)","NE.EXP.GNFS.KD","","","","","","","","","","","1493687224144.37","1586075200337.39","1707720161990.34","1901402046955.23","2022343528842.54","1966046136743.66","2151975422651.59","2280365327409.02","2422940490707.63","2588007134570.68","2707935099721.13","2843465382707.31","2825799116724.12","2903421811640.26","3188792363271.97","3343880884134.82","3443793608036.86","3639223232935.94","3930303746883.69","4216846470885.98","4440430186756.42","4566592622928.8","4753854689396.68","4908615212058.05","5354977573054.77","5852555275484.61","6213437700400.56","6872453235764.52","7176859858763.65","7580924169906.52","8472248792887.77","8509603009500.66","8694898815057.17","9026201230365.84","9905879783912.77","10552931491790","11459401961002.3","12239329676142","12552225711415","11296142733763.3","12638355999384.8","13457414960307.5","13829811747077.2","14273989976978.9","14800933705769.1","15343484090277.6","15739419748792.9","16468413072429.9","17056958134003.8","17304318055553.2","15931575102297","17404048322893.2","18525790686993.9","18646830489605.3","19077493259454.2","19908232401140.5",
"Hong Kong SAR, China","HKG","Exports of goods and services (constant 2015 US$)","NE.EXP.GNFS.KD","","6016702850.08183","6519912966.2161","6928292241.93675","7567203055.63262","8242087858.17227","9199017247.80072","10226404568.2415","11480279013.7106","13235873528.4388","14645777168.1239","15153244561.0444","16503120598.0433","17993806064.7474","17381503230.9655","17597240732.1086","22088135581.9998","23001321452.6496","25831452628.2263","30085110729.204","34478088213.0116","39028584937.9103","38364449759.2559","42932082023.2192","51042513596.7769","53676171448.6683","60726753966.29","77613668066.6134","93950861301.9128","100522500181.082","107549348380.62","122437151734.042","144036977668.659","161545028452.096","176461994151.504","193985371131.371","206155328984.454","219088722997.23","207207940669.853","213849292456.397","250023799036.808","247397272123.533","268581694275.733","303778942969.861","352704419252.757","395620217192.269","435874365685.02","471794819273.212","488400859537.563","443853566701.642","521837404984.819","546927027133.042","564455619276.973","608586124715.52","614505761654.875","606079014416.1","610224644118.626","645894876263.706","669496793038.976","628352341538.301","586371441581.049","686273762966.294","600243458693.273","561151121035.488","589898382534.614","655830402395.528",
"Honduras","HND","Exports of goods and services (constant 2015 US$)","NE.EXP.GNFS.KD","60973999.0393595","64754947.9426631","50724709.2217527","71243011.6321047","65802952.9658159","99771307.762485","96359878.9437396","99475555.9637108","98566531.4946859","96129219.1164083","106133839.081259","109015843.394357","114014881.191631","137556289.054146","152195616.127626","168968102.201633","197795359.237442","217809671.740658","240334286.699545","258580587.856983","307910211.772849","284815531.52959","278226755.411559","287501824.487156","304382761.93543","301749302.073825","331626721.896885","305390508.882429","397663349.17649","493963147.263545","714626407.052261","872352621.64406","876281175.01086","1164506120.64503","1885992999.07783","2360071859.00864","3066226428.8607","3885034566.29159","4303160199.48158","4578471274.7285","5005537494.44106","5203798643.6278","5724721117.45151","6224373996.05984","7046105589.7878","7420001769.29355","7535280192.74831","7726445679.75363","7792871860.39562","6554044026.23385","7582028084.76708","8216055065.93605","9025238815.87995","8909621261.51211","9208847770.48863","9475891625.38007","9559917830.8446","10025509791.8492","10162649115.7012","10261475342.0392","8103863603.35679","9982231469.94123","10640832398.812","9899240048.54482","9429300255.32119","9389604547.16165",
"Heavily indebted poor countries (HIPC)","HPC","Exports of goods and services (constant 2015 US$)","NE.EXP.GNFS.KD","","","","","","","","","","","","","","","","","","","","","","","","","","","","","","","","","","","","","72189871432.1888","75860693126.6487","89161024026.688","127327499061.574","121240724452.332","129309842293.674","145246042983.562","167937299487.141","182826630468.296","190109622341.6","208930334028.754","230146201761.317","252591355986.01","255828783326.07","277974734786.179","128762853800.662","133964502616.635","136373361923.87","146412974217.219","148511991162.842","151366015901.261","166574236045.863","175291473323.025","184667534580.21","169882155921.947","187309719362.527","201636508995.377","207303959191.471","225601162572.067","247032405064.602",
"Croatia","HRV","Exports of goods and services (constant 2015 US$)","NE.EXP.GNFS.KD","","","","","","","","","","","","","","","","","","","","","","","","","","","","","","","","","","","","9288692203.6293","10843849924.1748","11570414664.3899","11545680545.5741","11712635847.5809","13345087689.4259","14651873633.5291","15362979549.4843","16381200774.0694","17588019654.6253","18397031457.5598","19859436232.546","20842617455.4753","20395342140.2223","17581836124.9213","18955610307.4841","19386396210.1931","19094739725.8231","19591483278.7078","21016786875.4701","23169685800.7316","24802137642.5766","26526311841.697","27481667180.9585","29362490799.2458","22551332830.3358","29935497885.1459","38021493561.3554","37473220594.2711","38060655916.1471","38419300638.9767",
"Haiti","HTI","Exports of goods and services (constant 2015 US$)","NE.EXP.GNFS.KD","","","","","","","","","","","","","","","","","","","","","","","","","","","","","499392982.038171","549473198.279411","551332709.530576","496638062.296518","374412506.040935","457649657.577586","303552623.185539","410306595.718276","522320918.864695","596893967.84915","735828878.121659","857126140.716254","266998302.877883","262119447.864316","251250510.209832","524038866.694943","468876280.352389","481325633.281513","350351396.039184","717478443.054058","768662476.751656","838386149.282938","686833393.373879","1580865363.38221","1562010122.8689","1650047849.16726","1744864443.7567","1747466805.16477","1649811058.50116","1658608700.12404","1656636105.89656","1621321945.72969","1225488346.79128","1242453990.57983","1272039901.0729","1149624119.26405","792878475.499734","777296220.871156",
"Hungary","HUN","Exports of goods and services (constant 2015 US$)","NE.EXP.GNFS.KD","","","","","","","","","","","","","","","","","","","","","","","","","","","","","","","","11692434371.4359","11938167691.1336","10727716775.1012","12199559370.5853","16641624785.2195","18168857366.1835","22303586699.1572","25741336469.8426","28764936326.2193","35934568084.4101","39076534836.2982","41289268528.6281","43848059005.6841","51764132577.9206","58380907216.9286","69782313675.7732","81047827003.4562","86476674536.47","77208917713.0917","85792642173.8137","91295343667.6201","89741957497.6078","93402284304.058","101997234197.104","109507057001.96","113670757083.287","121036315507.775","127076625062.403","134011244796.879","125776594840.412","136141102222.458","150757687584.108","153493471454.954","152719215996.405","151065572346.846",
"IBRD only","IBD","Exports of goods and services (constant 2015 US$)","NE.EXP.GNFS.KD","","","","","","","","","","","","","","","","","","","","","","","","","","","","","","","","","","","","","","","","","","","","","","","","","","","","","","","","6408442636715.1","","","","","","","","","","",
"IDA & IBRD total","IBT","Exports of goods and services (constant 2015 US$)","NE.EXP.GNFS.KD","","","","","","","","","","","","","","","","","","","","","","","","","","","","","","","","","","","","","","","","","","","","","","","","","","","","","","","","6788480893544.22","","","","","","","","","","",
"IDA total","IDA","Exports of goods and services (constant 2015 US$)","NE.EXP.GNFS.KD","","","","","","","","","","","","","","","","","","","","","","","","","","","","","","","","","","","","203656180140.499","214630224302.16","223738007280.058","236285489134.227","305342557457.086","307681208368.03","326306309426.609","354773891528.055","391411402381.413","434484393247.096","468748853698.953","521926378664.649","562159608091.39","608774504229.428","601243836182.886","648741311253.858","443828670213.523","379705395350.468","394511780483.493","412863574876.205","397566790984.218","402417158430.184","432903887561.305","458248792288.942","495425283234.873","446479608304.943","492136152320.477","552698140110.237","581133471227.417","604583250511.958","646182081258.387",
"IDA blend","IDB","Exports of goods and services (constant 2015 US$)","NE.EXP.GNFS.KD","","","","","","","","","","","","","","","","","","","","","","","","","","","","","","","","","","","","","","","","","","","","","","","","","","","","","","","","","","","","","","","","","","",
"Indonesia","IDN","Exports of goods and services (constant 2015 US$)","NE.EXP.GNFS.KD","9313082251.10375","10154841608.4116","9277262703.98311","8722059723.63131","9760826590.1027","10065292740.6191","9957834099.25715","9939924325.69683","10978691192.1682","12518931718.3105","14739743639.7267","16476991675.0325","20238044122.591","25252780719.3357","26168317552.6236","23621223226.2109","26574808448.0597","32519271634.4465","33121549429.0529","33973688599.7502","32058706262.0988","31292340399.613","26930954140.8469","28622180022.2907","30493935322.8861","28114113613.1632","32390928097.6836","37127641469.1338","37518029141.4283","41437336777.17","41624238300.3625","49899245554.2558","57216670930.0303","60997965635.453","67061888322.1943","72239852767.9836","77701199408.8276","83761872775.4533","93129109602.7316","63509413549.5496","80329830250.6161","80847941796.1435","79864078566.1673","84565181609.6963","96005438866.6716","111943603410.638","122472487775.146","132935287562.842","145608620958.577","131498944575.483","151573997421.25","173961354433.798","176759955548.271","184125467796.243","186104152982.201","182158298802.029","179133544560.6","195071579405.395","207778829587.277","206787676312.285","189380670627.306","223450804747.485","259720301213.046","264201850911.87","282304492067.11","302162858976.308",
"IDA only","IDX","Exports of goods and services (constant 2015 US$)","NE.EXP.GNFS.KD","","","","","","","","","","","","","","","","","","","","","","","","","","","","","","","","","","","","","","","","","","","","","","310761126789.542","348982764489.081","381303421058.966","417791993377.907","411327445065.703","445298310032.416","264736469996.968","215459663968.246","225937300622.325","240840330645.9","227561877493.299","229904499467.407","249171122340.362","264981520443.445","283905417998.399","251111519884.218","277601108722.625","315153717290.315","330268403056.311","345299650503.908","376292535143.221",
"Isle of Man","IMN","Exports of goods and services (constant 2015 US$)","NE.EXP.GNFS.KD","","","","","","","","","","","","","","","","","","","","","","","","","","","","","","","","","","","","","","","","","","","","","","","","","","","","","","","","","","","","","","","","","","",
"India","IND","Exports of goods and services (constant 2015 US$)","NE.EXP.GNFS.KD","5166801404.16295","5157197704.34153","5127294660.92281","5558196498.26883","5196243981.93928","4475827546.5797","5632397596.45506","5911546854.12199","6097053604.96811","5978892443.24039","7865700340.2083","7948450434.42906","8603232211.87968","9030249846.48249","9770712029.50071","11377880654.12","13632844265.5389","13146512143.9957","14172338470.3834","15753148172.5467","16578192478.7901","16442759579.1246","17432697238.6495","17273202305.996","18533775038.5906","17363383662.9753","18306628821.3908","20636564457.6144","22178747993.9688","24835569803.0322","27593415339.425","30259570136.8975","31740244814.2956","36113921609.0529","40824500593.1983","53641790640.1006","57015714673.498","55688288352.0579","63420229532.3676","74835534390.9405","88420811378.4748","92231327923.1861","111678306011.567","122379566897.17","155637941981.761","196236214985.182","236256246986.082","250116311974.583","287078838543.55","273200800545.049","326415222546.851","376986672436.837","402642458200.658","434017925781.466","441732988212.416","416787940847.812","437561725552.711","457535139607.769","512127641086.624","494792232272.375","460373305611.35","596640556155.274","658219877491.87","662886943836.829","706367121491.284","751980993994.732",
"Not classified","INX","Exports of goods and services (constant 2015 US$)","NE.EXP.GNFS.KD","","","","","","","","","","","","","","","","","","","","","","","","","","","","","","","","","","","","","","","","","","","","","","","","","","","","","","","","","","","","","","","","","","",
"Ireland","IRL","Exports of goods and services (constant 2015 US$)","NE.EXP.GNFS.KD","","","","","","","","","","","6735507829.86301","7011567212.34636","7264104026.40492","8057092517.87831","8113923025.46144","8726634623.45187","9434942533.51365","10758784616.7933","12084132738.4452","12865830929.0088","13683282847.3161","13950873395.9211","14723161894.1972","16262093740.2944","18960023513.7688","20207464347.9982","20790632548.6629","23642953973.3105","25776549337.2433","28434785746.1724","30917120419.4505","32680229235.615","37218842653.8747","40828681432.2335","47007584519.6973","56386435712.3638","63390522601.6692","74514579704.0223","91481818562.9771","105910143801.564","128350157659.465","146329632724.125","155805718142.56","153160459817.058","163147106650.232","172087416978.398","182500799064.02","198746023844.71","191186839359.574","200074197866.178","212042327971.296","218634185893.872","216836568962.275","239750257930.853","274499091267.429","382724762971.242","403032542329.905","447438241099.386","469114256873.332","520837648703.483","591446535649.603","669171213426.048","749644488805.56","720218011699.438","781923112241.36","857856175075.776",
"Iran, Islamic Rep.","IRN","Exports of goods and services (constant 2015 US$)","NE.EXP.GNFS.KD","20759351543.2493","23275571241.1067","26343763726.1549","29015225770.4097","32618141893.0489","37963222125.2586","42704582121.4785","49630115685.7615","56691486303.1422","67075474362.1666","75590085833.3227","88598100775.203","101327973179.788","112953889340.119","110886982862.789","99552363213.0854","110378360241.932","101714032550.036","74031489786.4693","57686870739.1418","19553235920.878","17464369069.0321","33764408817.4602","41155286304.4752","32663055252.8434","29583544879.199","24758188536.8912","36137860526.4249","41205271360.9085","44718712523.9436","53934611511.0611","62920504696.9156","63852153016.2787","69653252829.7869","70620348847.1141","64295404536.9861","64743025927.0226","61189371684.4514","62624719053.0327","61052250159.4155","66015600289.2365","62051546391.286","64080736557.9408","73257697837.9705","74102913877.8297","75615209481.1579","78608738429.8671","78465435682.7806","76090595095.6571","75791348741.1907","81472613599.7791","81037150317.7563","64026116230.1892","62461348896.7015","69595600918.5935","76604098444.8952","97611183637.027","101252537692.034","103742271572.259","90105529801.4688","81081243328.188","85593948394.104","92197039077.1855","104321033061.392","110582049170.563","109887668355.877",
"Iraq","IRQ","Exports of goods and services (constant 2015 US$)","NE.EXP.GNFS.KD","","","","","","","","","","","","","","","","","","","","","","","","","","","","","","","","","","","","","","","","","","","","","","","","26302590172.6341","30922248705.9203","32020127657.2578","30815249460.0855","31945389379.4235","38561183130.2172","38403173560.8748","42809936434.3487","57560658811.4108","57062868452.7305","56494439535.9869","60034855351.2934","62820018641.9004","56473099915.2053","48018409276.3499","51491224837.0727","57709991062.2776","61592085974.3849","",
"Iceland","ISL","Exports of goods and services (constant 2015 US$)","NE.EXP.GNFS.KD","","","","","","","","","","","1415685356.42768","1299149702.15469","1487594318.8199","1616485930.33744","1573442324.17694","1614689733.21792","1825689076.22825","1988434529.51551","2289831099.97776","2433353272.64954","2499025544.96776","2578091794.13925","2347521741.18839","2605826811.2781","2668523254.17552","2963411465.17411","3139631351.88069","3242182345.91478","3125309119.53086","3217279989.47763","3216452811.46793","3026373346.2172","2966392662.17277","3159584587.39675","3452737743.12684","3373713049.85736","3646658773.86075","3821183526.65918","3877289554.67392","4001115064.90656","4160465824.98087","4440528685.99562","4599024438.02554","4638561488.36637","5021687697.28028","5392053646.14","5148528851.22802","6364322681.59352","6586671025.66898","7110585575.65281","7164073196.40294","7372880369.22263","7603461564.1802","8076952916.42037","8381236751.26869","9086505054.91451","10199221069.1889","10690841672.6174","10926539989.4005","10439277559.4113","7271142463.30636","8172290977.88128","10302514459.1984","10701412824.5699","10466463484.7552","10570183768.5103",
"Israel","ISR","Exports of goods and services (constant 2015 US$)","NE.EXP.GNFS.KD","","","","","","","","","","","5767489418.21484","7157081904.92696","8129672900.46917","8575134410.53532","9082465491.23553","9230952570.12106","10520329525.2775","11744005621.9631","12351737332.4753","12741835325.241","13698602470.4413","14409719896.0864","13895708873.5873","14121732162.9652","16034372677.5906","17643091698.1192","18580232413.1422","20507299655.3773","20186856022.9821","20989617044.3905","21378334318.9962","20769927560.3381","23686700414.8798","26020118753.195","29371126648.8193","32321898799.4692","34318878227.2679","37675322871.528","40249643719.614","46106679135.6272","56987643495.1842","50127761584.3056","49190031671.7312","53379128381.8107","63145912789.5491","66237814568.454","69681293397.0994","76880499782.7442","81341798379.5286","71363225749.9368","82242371115.8466","89176208939.3355","88604437964.9474","93951157488.349","95054660797.7623","93656330689.0786","96275832736.5019","100112569078.518","105992510745.51","109249925635.375","105018359128.333","120932821765.216","132311112877.118","130847196195.15","124707937339.277","131824196192.88",
"Italy","ITA","Exports of goods and services (constant 2015 US$)","NE.EXP.GNFS.KD","","","","","","","","","","","87325722376.8272","93824701106.0474","101769788842.142","107865497441.06","115572609544.821","117516260728.029","131565419497.06","145565613702.081","161370672235.59","173952441684.61","159410862379.58","170311807395.485","168086806789.464","174474314079.084","187912740155.6","194630132202.132","197907380231.847","206049278510.448","216740114405.836","235221547622.919","249795485255.304","244931489635.957","262778914683.222","286355758836.518","313923239761.436","353423703730.662","358757694240.793","376448113888.344","386051647864.892","382079114242.282","428085119413.131","439498536904.125","426994681311.917","421716339704.984","447666523302.268","462168239227.281","499992130080.764","531132220981.451","513714545667.593","422111597903.08","470873302249.303","494100787764.969","503157754607.015","504404570440.081","517219024561.762","537833599948.242","550408418676.698","579951839011.816","592302444426.809","599564410600.612","517367853023.801","590241817307.841","648510640670.422","647315806952.357","644409769460.981","652393985062.52",
"Jamaica","JAM","Exports of goods and services (constant 2015 US$)","NE.EXP.GNFS.KD","","","","","","","","","","","","","","","","","","","","","","","","","","","","","","","","","","","","","","","","","","","","","","","","","","","","","","","","","","","","","","","","","","",
"Jordan","JOR","Exports of goods and services (constant 2015 US$)","NE.EXP.GNFS.KD","","","","","","","","","","","","","","","","","","","","","","","","","","","","","","","","","","","","","","","","","","","","","","","","","","","","","","","","","","","","","","","","","","",
"Japan","JPN","Exports of goods and services (constant 2015 US$)","NE.EXP.GNFS.KD","","","","","","","","","","","63087686685.18","73178857961.4867","76193885878.0775","80185224633.5982","98740757607.1425","97799335116.5387","114035356134.651","127413346762.925","127091473679.23","132562190635.563","155074736740.5","175868536292.676","178484166279.038","187350693067.346","216115280857.168","227531358565.622","216186866522.791","216405294567.835","231124408191.467","253270075446.127","272075078446.806","286843751365.576","300045799584.994","302507245077.487","315953418760.61","329208358051.183","345198429183.079","383603371713.245","374443439605.548","381877062896.425","431363677537.917","402735722992.32","434927582375.157","476772475702.781","544845862893.504","583613619802.886","643976522854.752","700025463412.594","711180422218.974","544918244814.545","680451582415.171","679771192357.388","680888588263.454","686392328584.584","750746189807.829","775031229090.987","787374156176.447","839547044862.561","871377899414.208","859023210266.578","758419578212.153","847832965273.691","893090666178.382","920522509478.782","928869954522.798","",
"Kazakhstan","KAZ","Exports of goods and services (constant 2015 US$)","NE.EXP.GNFS.KD","","","","","","","","","","","","","","","","","","","","","","","","","","","","","","","42200864237.9275","38402786455.3147","33986466014.2449","31675386324.3928","28191093830.0613","29600648521.9868","30192661492.3783","30554973429.8909","26918931591.303","27726499539.2835","35462192911.2469","34823873438.6996","40604636429.5769","43649984162.0667","48538782388.0444","48732937517.5048","52046777268.6952","56783034000.2671","57294081305.7843","50476085631.1938","52040844285.7173","52249007662.2471","54756960030.3149","56235397951.4207","54829513001.8507","52581502969.2214","50215335336.059","54232562162.8472","59438888129.428","60627665892.1132","53776739646.9392","55013604658.8852","60294910705.8292","61380219098.16","61564359755.2553","",
"Kenya","KEN","Exports of goods and services (constant 2015 US$)","NE.EXP.GNFS.KD","1416220899.18458","1565579147.37594","1718333820.94064","1768196394.95305","1964906903.33436","1825606543.29944","2199207294.66779","2084764376.6129","2344348805.80896","2558943632.56919","2632958255.69616","2753471981.13339","2458660462.18291","2671269970.12963","3076143579.8333","2718753527.26511","2770421019.27938","2847700751.72432","2895512460.00852","2763037604.34703","2913068575.7209","2791094576.42086","2879859620.15098","2814065198.89272","2838676578.38874","3029365550.90836","3325391231.0989","3334021621.06622","3487629446.69886","3815748368.90829","4675834063.71533","4617751205.87852","4581752960.81626","6025948743.80398","5956314946.40264","5499987143.41404","5750727883.42091","5138529493.43919","4887545799.15702","5341120904.78252","5401741745.05493","5596603316.95783","5994801946.21432","6427151059.70502","7236646793.76261","7915431175.35306","8195669750.80212","8700320663.96539","8906675121.74994","8441829442.9153","9653433902.05016","10461170208.1401","10697580834.3127","10648328620.5268","10845337475.6706","10608335822.9326","9911454429.54355","9810585895.70988","10474968708.3544","10144202661.0991","11110048423.8847","12954957548.7651","15643517694.0281","17289112960.1595","18411570912.3417","18433350241.2779",
"Kyrgyz Republic","KGZ","Exports of goods and services (constant 2015 US$)","NE.EXP.GNFS.KD","","","","","","","","","","","","","","","","","","","","","","","","","","","","","","","","","","","","","","","","","","","","","","","","","","","2528788695.4789","2926332612.63424","2363860002.53312","2655520755.86372","2490313820.16897","2350023986.18426","2259871799.46952","2398219216.23534","2333100126.40807","2712130985.8133","1975205654.80872","2298174579.15676","3657632879.28513","3546361576.63584","5042203288.95979","3238342389.02647",
"Cambodia","KHM","Exports of goods and services (constant 2015 US$)","NE.EXP.GNFS.KD","","","","","","","","","","","","","","","","","","","","","","","","","","","","","","","","","","349056469.22382","606526718.818277","871972122.005579","719658697.613274","979490944.567009","950492782.653524","1421703648.10389","1852415907.6841","2183014663.56178","2482219227.76259","2724889432.23433","3547061082.6202","4213503784.68174","5027246519.19341","5596639443.83582","6478700151.89878","5962701669.80265","7154251523.13426","8522007555.844","9784866394.02906","11218058773.0081","12458473766.8922","13532995573.0072","14711159787.743","15723806579.2471","16807639436.4055","18882450567.2424","16576321478.8148","17594481722.2246","21349050518.6834","21270533073.9859","24342336104.8786","27897298938.5162",
"Kiribati","KIR","Exports of goods and services (constant 2015 US$)","NE.EXP.GNFS.KD","","","","","","","","","","","","","","","","","","","","","54373237.5214873","34191308.3123129","31732847.2853765","32809373.4289618","50653471.5994944","33975521.0488929","36079655.1448158","30935740.4938352","24798208.0604219","24163000.9111257","20628608.6105982","23558916.4881655","22786971.0713242","22464833.6083576","21804140.6921079","23245625.2482918","15698522.4942047","23116530.3655297","21306952.9670917","22697834.1284647","15596266.1526906","20500747.1777636","26208885.0804261","23556667.4483962","16444004.2097598","20080776.4848292","14520175.5910376","21537479.5434525","18663581.5581546","20059410.6070202","15886842.0908936","16732406.0761858","19824460.919113","18138580.7079905","19777530.9559254","26736809.6822904","32120036.3062708","24244048.969909","20282815.2241113","35059028.7517889","23271642.7363824","8775960.56357056","18082891.1835387","14680503.7174131","11614965.4666938","",
"St. Kitts and Nevis","KNA","Exports of goods and services (constant 2015 US$)","NE.EXP.GNFS.KD","","","","","","","","","","","","","","","","","","","","","","","","","","","","","","","","","","","","","","","","","","","","","","","","","","","","","","","","","","","","","","","","","","",
"Korea, Rep.","KOR","Exports of goods and services (constant 2015 US$)","NE.EXP.GNFS.KD","152736891.456065","206616179.266667","239379331.432692","273562851.467187","353198143.292699","482641001.705867","688310269.060222","896062742.621664","1236193501.52445","1687775792.50645","2196078107.036","2727295689.84351","3896353136.78498","5880701740.22782","6110611952.53738","7440170968.61588","10347758686.5638","12606238288.6212","14734517502.7356","15150779979.3883","16420872927.3736","18670640939.8377","19090501681.7572","22264834485.4036","25084264704.3152","25374398514.2479","34291278610.1156","42697205038.0994","47247495541.5277","45499969607.3543","47841114619.3566","53708559592.812","60229373785.7634","66318112073.1263","79271867033.5663","98318147929.0185","107606312185.704","127530380423.87","146281508876.255","164099834403.82","192066120204.45","188822094684.058","212005812489.17","240506061917.154","292071854543.593","314561959372.936","353593668398.472","399686026098.169","431155223136.019","428673651087.42","484707636954.49","560110421914.346","593918964831.565","617573866004.244","630613411183.939","630586518885.63","646044098324.607","662138097259.85","687281070502.729","686133223882.624","674714791896.808","747522754143.353","776796914677.27","803296244543.345","858189201556.078","894417956629.977",
"Kuwait","KWT","Exports of goods and services (constant 2015 US$)","NE.EXP.GNFS.KD","","","","","","","","","","","","","","","","","","","","","","","","","","","","","","","","","","","","","","","","","","","","","","","","","","","51879081019.3962","59278094842.9096","63834909860.8057","61921551487.2292","62146742688.4221","61607350790.4219","63123661891.1991","60122308273.8201","59928757078.5616","54836990052.2787","53252330055.8562","51556821481.8919","59437596142.4806","60840453248.2757","58894460583.7614","",
"Latin America & Caribbean (excluding high income)","LAC","Exports of goods and services (constant 2015 US$)","NE.EXP.GNFS.KD","47379536852.5331","48565180636.3482","53632869953.6775","56913737581.383","56337940624.9277","64040942995.4771","70108097341.2331","70829481882.4443","75043391104.216","83350899412.0376","110964497779.652","114114076534.459","134440515508.662","150460754664.783","201811359500.85","187440052528.613","192976192996.497","196037075244.361","209031259332.339","230299188669.407","235144545569.765","236594598249.404","231146568191.289","263527556145.829","305342593268.125","296529773393.891","279398413021.494","294756452624.255","325143360476.727","308746296135.26","317129348116.392","332550231436.147","355246140484.096","374221321342.586","395595418602.228","422851141900.754","459814104559.291","471254065334.266","500664036914.63","511925777580.755","565349113502.531","575480465081.66","590527176681.546","604489488211.739","664524452007.971","717933071174.548","756265847859.739","782613576434.396","784018858685.723","712341694400.301","802004417663.643","857789406780.372","889886767588.178","904305769841.356","923261828873.734","965411954227.74","980454490070.63","1016122601525.18","1054088862892.95","1058414711040.37","946497392008.367","1015938818406.2","1097934179661.75","1084917608941.47","1128446227644","1198060037797.58",
"Lao PDR","LAO","Exports of goods and services (constant 2015 US$)","NE.EXP.GNFS.KD","","","","","","","","","","","","","","","","","","","","","","","","","","","","","","","","","","","","","","","","","1819957760.00229","1569913763.29598","1497886119.93864","1374070853.19066","1435629227.39984","1603023595.33745","1833506327.89994","1982790413.13394","2252093007.02479","2378120131.66681","2751651460.80316","3368681784.38428","3594754018.92028","4290770292.0668","4592583074.30373","4898081700.51801","5410323084.69626","","","","","","","","","",
"Lebanon","LBN","Exports of goods and services (constant 2015 US$)","NE.EXP.GNFS.KD","","","","","","","","","","","","","","","","","","","","","","","","","","","","","","661467608.220919","641473817.632701","722244848.060709","1437968180.46116","1679926785.24124","1680673907.32563","2503183049.39553","3405733883.39043","4327595388.54753","4548302753.3387","4793911102.0538","4870613679.69308","5688876777.85189","6399986375.39202","6854385407.89609","8501345243.76389","8900888745.01337","8609278696.28385","9611707045.00417","10404208773.629","11404244037.0124","12529239758.9333","12855742812.3435","10938319887.1112","11308860757.5101","10510496640.8594","11553482873.6318","11389072915.0632","11835902995.2357","11281307043.418","11178911202.3602","5170958969.71699","5847509629.88154","5865051606.30201","5798776910.74342","5236295393.61117","",
"Liberia","LBR","Exports of goods and services (constant 2015 US$)","NE.EXP.GNFS.KD","","","","","","","","","","","","","","","","","","","","","","","","","","","","","","","","","","","","","","","","","","","","","","","","","","","","","","","","","","","","","","","","","","",
"Libya","LBY","Exports of goods and services (constant 2015 US$)","NE.EXP.GNFS.KD","","","","","","","","","","","","","","","","","","","","","","","","","","","","","","","","","","","","","","","","","","","","8038639337.91135","7245375395.06865","7805698300.30378","9469425615.54111","10455823062.0973","9320176116.07001","8876035619.29831","36410780060.3351","10421862584.9969","32464707330.0128","23939585224.521","11062068957.6337","10828621281.3403","10185995057.1689","23695918839.9131","29863653351.1888","31267089941.8228","10525774408.8971","23798406527.2883","19050764817.5317","20403702734.2471","18995300583.9021","22631215326.4186",
"St. Lucia","LCA","Exports of goods and services (constant 2015 US$)","NE.EXP.GNFS.KD","","","","","","","","","","","","","","","","","","","","","","","","","","","","","","","","","","","","","","","","","","","","","","","","","","","","","","","","","","","","","","","","","","",
"Latin America & Caribbean","LCN","Exports of goods and services (constant 2015 US$)","NE.EXP.GNFS.KD","59177024124.3331","61051658869.8021","66609588601.4697","70794632214.1984","70568476340.5543","79589091167.0435","86503293485.3376","87434392223.994","92864622772.8799","102471519643.816","133662806734.589","137273359979.066","159399771601.876","177604319468.612","237997264408.533","222077126596.521","230187758141.95","234792963983.391","250711563024.798","276291303602.276","283148457165.815","284270162237.262","278079960733.174","314845970932.422","362678480103.621","353912101763.408","336193096745.8","354821327065.891","391386766696.105","376072813254.34","387847631175.787","407933794132.242","437666620368.622","460847326043.653","488814165429.204","523347800678.51","569814726341.925","588323981118.021","624346405903.36","638569321971.138","703174899532.664","717952291386.562","735566654711.804","756606326909.486","835728447958.485","899324151414.226","946675667084.33","984734585040.808","991153182727.883","907491073647.818","1008613361954.92","1077275319317.91","1108235261914.35","1124869374164.33","1144870467621.24","1188278899760.81","1205369530051.79","1247200926806.08","1294429191161.33","1299447086657.63","1164887898437.48","1253437088660.54","1355973085166.7","1347148392635.78","1404161274777.31","1489448830975.85",
"Least developed countries: UN classification","LDC","Exports of goods and services (constant 2015 US$)","NE.EXP.GNFS.KD","","","","","","","","","","","","","","","","","","","","","","","","","","","","","","","","","","","","","","","","","","159619069420.743","180184386813.662","208160690604.187","232169962255.322","255069657012.679","285388074059.185","317198536021.936","353110239350.344","353366550817.982","375666130326.86","216425928939.468","180293069704.898","191106694035.697","204782154503.877","190386685142.436","184850251979.504","193838667679.661","202516828001.547","212687976043.025","196315224295.372","211616975361.982","241811527099.619","247160544020.046","255109155577.379","283666584242.567",
"Low income","LIC","Exports of goods and services (constant 2015 US$)","NE.EXP.GNFS.KD","","","","","","","","","","","","","","","","","","","","","","","","","","","","","","","","48381654516.3122","51172369191.6486","52525229055.4016","68356037874.0155","73664429327.6993","77610925475.0144","82041578741.4046","91617117463.0774","145252817758.844","142348927407.002","153205557032.216","171773744329.532","195040967877.813","214634440532.448","224217292527.32","251571267367.928","273202669327.557","302011016653.921","296659964746.84","320861321185.907","128491682366.679","71031110650.7419","76991588507.1071","84775254531.9702","69032027968.972","66022862742.1676","71138515783.229","78892218340.9407","81185857558.7792","81289823265.7461","87265593111.7211","97734629741.6425","101448783044.578","114337985226.986","130268915390.979",
"Liechtenstein","LIE","Exports of goods and services (constant 2015 US$)","NE.EXP.GNFS.KD","","","","","","","","","","","","","","","","","","","","","","","","","","","","","","","","","","","","","","","","","","","","","","","","","","","","","","","","","","","","","","","","","","",
"Sri Lanka","LKA","Exports of goods and services (constant 2015 US$)","NE.EXP.GNFS.KD","","","","","","","","","","","","","","","","","","","","","","","","","","","","","","","","","","","","","","","","","","","","","","","","","","","","","","","","16927340151.1628","17752409274.5101","19112144417.7675","20139433288.8554","20482645459.2402","14428221978.8053","15887857901.6759","17441112600.4584","19664838109.3317","22102619935.79","23220910462.6011",
"Lower middle income","LMC","Exports of goods and services (constant 2015 US$)","NE.EXP.GNFS.KD","58580418217.7445","58450944449.818","60316523060.6696","66066651983.3774","70025637173.6178","67073845567.1161","74904662115.2415","78425123772.9913","79739685711.9632","84436555302.2039","95085300833.0647","98205579052.859","102649274775.043","108641308832.133","175040246894.469","150984570578.672","156578804241.961","151965306569.08","150060692280.225","162586421937.351","151435886337.325","151182452900.611","146729900008.458","144681438874.474","161446972383.255","158206417509.099","171861937010.46","175561490935.557","187010975528.25","196119305798.235","216947100634.884","229482127180.65","236403957219.833","258770492547.867","280650846763.447","310262743682.326","330280905885.346","308359167803.91","323713291404.666","331939679679.293","362229384166.612","373143196757.598","400001068966.91","413080084407.446","487987591271.36","567370854564.552","638818222767.362","676536541525.353","744759221345.043","703065992892.666","775745352135.564","860106229173.237","898567288796.045","939468822865.231","949397765083.159","924927499296.754","935896787932.959","1016689179570.14","1107675876955.45","1104002630883.49","965599051003.653","1137744241911.12","1298666659123.28","1355546898256.74","1398724518156.74","1504932955079.19",
"Low & middle income","LMY","Exports of goods and services (constant 2015 US$)","NE.EXP.GNFS.KD","","","","","","","","","","","","","","","","","","","","","","","","","","","","","","","","","","","","","","","","","","","","","","","","","","","","","","","","5919242794372.97","","","","","","","","","","",
"Lesotho","LSO","Exports of goods and services (constant 2015 US$)","NE.EXP.GNFS.KD","465126.602427656","513235.914822339","689669.635718521","801941.091496909","914212.669009387","978362.517249995","705710.171564448","817981.627342835","850050.403891591","1026484.12478777","962321.859669979","1122715.04472024","1603869.88785072","1924643.84107405","2245417.79429737","2566204.16439789","3688906.79224094","3207752.07084454","6415491.72481189","8660921.93598645","11323357.0203168","11788471.2058673","11071537.638135","10547078.3271448","12465315.911729","14572799.730189","16681897.4992152","15706179.5333378","32768518.9500229","41035702.1973496","40582332.9168088","50451926.7037144","66724999.0084877","89324458.0665708","105253619.393494","112207691.46201","168183448.583446","183979055.440157","234005253.684087","222778132.453066","299122547.08528","525268806.168925","734734792.416522","706346207.838233","720781083.209578","682131045.243138","831000236.136926","940485843.784345","1017284156.14478","941899541.772299","946539874.857947","1058876957.48429","1035246313.29606","949411180.320142","854131734.035649","1012112198.1144","1136478313.11668","1159195988.14963","1220252414.9073","1034707189.53138","875616790.539618","946105758.919357","893640143.417973","754285469.882499","953786595.678985","968272952.397019",
"Late-demographic dividend","LTE","Exports of goods and services (constant 2015 US$)","NE.EXP.GNFS.KD","","","","","","","","","","","","","","","","","","","","","","","","","","","","","","","","","","","","","","","","","","","","","","","","","","","","","","","","5478336379511.29","","","","","","","","","","",
"Lithuania","LTU","Exports of goods and services (constant 2015 US$)","NE.EXP.GNFS.KD","","","","","","","","","","","","","","","","","","","","","","","","","","","","","","","","","","","","5089809415.66854","6405302910.98824","7937463329.0809","8238752415.9077","6687801333.58452","7625487182.24278","9461133995.84656","11371295134.1545","12403033034.76","13301010454.838","15940329227.533","17981847300.0244","18556044758.2651","20711815203.2793","17879293429.653","20808231309.2529","23835177054.637","26420705096.4149","28341426041.71","27824854457.2523","28498914823.207","29903249578.5366","33949506308.5122","36271664470.6436","39913842386.5229","39941005422.1357","46565183534.6695","52016029526.023","50285346711.1877","51591978569.1874","54323888178.0695",
"Luxembourg","LUX","Exports of goods and services (constant 2015 US$)","NE.EXP.GNFS.KD","","","","","","","","","","","10027906575.8353","10416129220.0437","10966241671.4523","12489436168.7655","13831628289.9359","11664661946.4775","11774983975.892","12273607745.9251","12610893329.1773","13829653961.3587","13629461974.3155","12972107117.3605","12931437181.3414","13615484508.6807","16070142986.1828","17483850588.9063","18005066142.7055","18602809014.2327","20662626429.7204","23263726261.003","24563522706.295","26819773488.5013","27552236036.7048","28863323751.3623","31083016583.6549","32503780202.5058","34512193169.1588","39162536150.3861","45520834625.3939","50988643115.1596","59661844928.6179","63490418323.9195","63427942432.106","65193471894.7185","71212066696.2189","75467970260.8396","85220271045.0034","89590611706.8223","89297074656.2312","82828994472.741","91241375359.8826","95245184283.9635","96787130793.8557","102900370099.929","109605502224.851","115238581122.935","121356387476.279","121081080607.404","125352891795.514","132921969355.854","135450331306.517","150812919923.133","153030158712.256","153876564261.901","135135428980.131","136709216417.655",
"Latvia","LVA","Exports of goods and services (constant 2015 US$)","NE.EXP.GNFS.KD","","","","","","","","","","","","","","","","","","","","","","","","","","","","","","","","","","","","3895684234.7458","4620307051.35203","5209301187.88283","5455111618.93832","5108758253.45503","5844230663.76223","6351217575.95098","6664159674.82205","6938208520.33107","7901900573.00831","9772865554.57942","10501138220.2586","11963033640.9412","12250995603.9495","10663946013.5885","12115956340.4945","13625706826.3368","14918107872.4828","15016462134.0052","16001640071.2164","16490529213.9902","17132447192.527","18238419471.2328","19034172096.3669","18925645245.8981","18869317832.0435","20585018934.7575","22935818506.9275","21325393189.2318","21348371163.3925","21364177215.0383",
"Macao SAR, China","MAC","Exports of goods and services (constant 2015 US$)","NE.EXP.GNFS.KD","","","","","","","","","","","","","","","","","","","","","","","3878947234.78629","4288408845.33228","4753992466.83422","4551609623.24408","5029677528.81581","5904722760.86374","6242142034.89688","6673365241.52783","7150631404.08591","7120852377.86439","7697420139.39963","7887891372.50116","8284181490.67994","8760073236.64318","8709677961.49906","8558721205.49917","8348664535.92117","8290595434.78919","9872205331.30095","10429416725.7922","11710487526.899","13066693101.8571","16973357737.9726","16801784733.0502","18282375009.8412","21693676998.2333","23019301803.9562","22940616453.9016","32050364179.2152","40303850365.9437","44547247067.795","50400543741.0685","48164711545.4131","35370496533.4829","34681112076.4546","40504171584.6416","44505556431.0849","43443361472.7063","14985035064.1046","27456720315.1123","20600786735.9033","38942490728.755","41594885687.3632","43257929767.1192",
"St. Martin (French part)","MAF","Exports of goods and services (constant 2015 US$)","NE.EXP.GNFS.KD","","","","","","","","","","","","","","","","","","","","","","","","","","","","","","","","","","","","","","","","","","","","","","","","","","","","","","","","","","","","","","","","","","",
"Morocco","MAR","Exports of goods and services (constant 2015 US$)","NE.EXP.GNFS.KD","3194935120.97019","2854773966.27153","2906442342.65137","2968174774.32805","3366700118.47086","3090544733.12782","3083796875.96683","3389839372.39031","3517904841.14435","3869378317.0829","3986407542.30312","4026619044.46457","4601082771.63747","5304322014.8658","4973387828.1722","4141186751.9923","4569329936.88392","4898229009.18274","5080424084.38838","5186441524.14599","5275181667.01875","5621662700.29441","6037661639.62516","6568826920.62616","6937759606.71884","7053703275.79537","7017132092.02555","7616734379.99508","9224058831.16512","8686175877.71444","10179690320.0689","10399228825.4317","10901279887.0453","10906061429.0251","11879903243.1841","10549598359.6993","11236632131.8212","11975599318.1904","12629709638.4792","13883618607.5303","15074117727.2765","17074426048.4709","18019945185.1511","18146517818.191","19298105473.0281","21874585200.1112","24468108758.9507","25741725323.2117","25103074984.9957","22798268306.1498","26868039669.3631","28375534424.9826","29128380983.9453","29122676488.7364","31746426618.5438","33119569273.8522","35374510872.3027","39209386462.2378","40705483010.5867","42792455516.4332","36379023323.2066","39260720680.6721","47404713396.2362","51151883307.3133","55262944981.8429","58726238278.3473",
"Monaco","MCO","Exports of goods and services (constant 2015 US$)","NE.EXP.GNFS.KD","","","","","","","","","","","","","","","","","","","","","","","","","","","","","","","","","","","","","","","","","","","","","","","","","","","","","","","","","","","","","","","","","","",
"Moldova","MDA","Exports of goods and services (constant 2015 US$)","NE.EXP.GNFS.KD","","","","","","","","","","","","","","","","","","","","","","","","","","","","","","","","","","","","867045146.05334","794082851.88097","807273346.944757","594050573.803415","612626595.624892","671079818.166591","786549993.829978","935736100.464296","1115553047.46719","1238312549.22537","1419892779.39618","1435438024.26221","1586307976.17112","1640306932.33157","1441911588.18187","1639845640.96467","2128989860.09858","2126604262.95064","2395622343.98749","2418035456.7775","2480197906.57851","2711281457.60756","3012060560.92925","3136655461.15739","3393139529.66049","2888705346.70914","3395036303.98622","4402797274.09123","4615469439.38222","4415283349.69036","4607680056.82374",
"Madagascar","MDG","Exports of goods and services (constant 2015 US$)","NE.EXP.GNFS.KD","618643681.52878","1078409760.40293","1061558501.59882","977309676.013783","1059154422.81634","1179509882.75871","1218028144.12442","1263762449.22885","1403377033.21383","1453927074.47095","1367270402.60576","1095261043.89369","1080817631.31766","1128959805.46193","1196361128.28284","1405784902.25366","1078409762.32991","1136183410.65445","1256542643.72024","1362454666.45306","921236935.481687","712551324.31701","682014611.94569","651743668.401709","870617928.532426","877475851.954407","848421983.5386","881752929.330834","835426136.654399","1162727184.75785","1057392093.13497","1080158723.49489","1085717557.10924","1144710287.18234","1259722786.10753","1303404354.34512","1357922175.55873","1307566391.59182","1249476035.25335","1442930305.67078","1636188731.54224","1793376547.86904","970715122.310237","1349766252.46831","1481852429.82444","1509003149.09558","1770693443.90583","2312470318.60851","2604202227.34214","1963738369.91394","2075376729.57628","2209148582.81345","2099541568.65945","2321723075.26507","3235447339.44604","3214678738.49738","3183170975.98056","4628202344.31303","4741560801.53036","5258968972.47829","3332307453.12359","4197024033.98369","5318182644.19548","5342048979.79352","5366865494.953","5391338610.26505",
"Maldives","MDV","Exports of goods and services (constant 2015 US$)","NE.EXP.GNFS.KD","","","","","","","","","","","","","","","","","","","","","","","","","","","","","","","","","","","","","","","","","","","","","","","","","","","","","","","3255513947.44863","3156089602.65141","3309056638.49116","3474220984.52969","3809851239.12318","3961031219.46313","2010707374.74298","4609856783.97114","5442638588.56778","5679082008.18906","5973079062.59045","",
"Middle East, North Africa, Afghanistan & Pakistan","MEA","Exports of goods and services (constant 2015 US$)","NE.EXP.GNFS.KD","","","","","","","","","","","","","","","","","","","","","","","","","","","","","","","","","","","","","","","","","","655345508923.731","651289284197.572","730881894891.154","814516373768.62","883729864579.243","938085891501.465","984139339449.182","1040193750088.77","967243318759.146","1073015328807.48","1130555470558.96","1193959629843.68","1215878885031.5","1219760159018.19","1242563460049.74","1291814113114.73","1346068547063.27","1411010189816.65","1397410191513.98","1299079856488.33","1366790506226.61","1538519248780.79","1616999885797.9","","",
"Mexico","MEX","Exports of goods and services (constant 2015 US$)","NE.EXP.GNFS.KD","5546686278.04443","6037130717.55119","6411889043.36684","6585959016.88917","7040328896.70603","10684984959.6659","11714009920.1921","11081682523.4032","11636632558.6665","13071568708.2908","13630443068.5859","14018438872.929","15972835553.0149","17715916128.9151","17677099487.2952","18078403864.0362","19393648240.1487","22926645293.3985","28145308419.8934","33408333420.3504","40825639486.0849","45466564756.447","55723094914.5992","63648498549.9153","67310478641.1703","64307527000.1138","67195308625.4897","73572315312.4801","77812278288.9485","79578218600.663","82478796895.8023","86260212568.3474","87712634493.1247","90990714523.1722","99856319458.2647","125293817764","146997561776.52","159731125222.583","172873786233.588","184666344824.628","212865751749.17","216775279179.831","222712080043.645","218766127262.818","231371091619.668","246114317164.006","267522534991.905","274262767664.408","268626437940.575","241485012548.939","297219941587.815","324822102485.775","350540484355.826","360011058084.991","387271923577.136","414495031033.993","427208869287.461","440868953680.46","469645001606.104","475112904578.178","441766474770.265","473068483657.805","518040550732.703","481055484755.954","497864575182.027","532494549873.007",
"Marshall Islands","MHL","Exports of goods and services (constant 2015 US$)","NE.EXP.GNFS.KD","","","","","","","","","","","","","","","","","","","","","","","","","","","","","","","","","","","","","","","","","","","","","60224200","55427000","39530800","43675900","37607300","49241900","66717500","77869000","73777200","73171800","81987200","81272900","71773700","69651800","73835900","82629400","78731900","96241800","78074900","76205900","90487800","",
"Middle income","MIC","Exports of goods and services (constant 2015 US$)","NE.EXP.GNFS.KD","","","","","","","","","","","","","","","","","","","","","","","","","","","","","","","","","","","","","","","","","","","","","","","","","","","","","","","","5853025787070.37","","","","","","","","","","",
"North Macedonia","MKD","Exports of goods and services (constant 2015 US$)","NE.EXP.GNFS.KD","","","","","","","","","","","","","","","","","","","","","","","","","","","","","","","1456073773.08055","1090607867.03742","1325048054.43866","1361538691.6502","1407979112.2092","1361367170.36317","1185877478.81397","1533346179.30099","1662952582.28991","1776916450.09896","2107431664.30438","1808312618.0097","1720412235.66371","1726167088.80517","2022886427.99839","2385553273.46131","2675006832.81957","3043917360.64832","2901823592.92774","2498739458.41341","3090445015.00436","3589161921.41383","3659220037.07028","3882215041.42427","4521981398.57498","4905245729.99208","5350702470.4553","5797314625.44885","6539668461.18688","7120175384.6377","6341803722.8676","7247315421.99457","8015554987.11407","7775984228.15186","7468266231.41028","7925573081.05266",
"Mali","MLI","Exports of goods and services (constant 2015 US$)","NE.EXP.GNFS.KD","","","","","","","","122934322.128703","138899828.710384","158058425.113244","197972162.829554","233096248.252048","196375617.918964","204358361.630505","263430695.749675","274606564.406489","394347780.748516","525264846.588761","510895904.076265","649795699.259105","878900609.981205","691338116.897044","530478492.800914","603133124.157672","655441326.212872","700331756.2651","648327566.839812","671344302.498962","743859024.906463","826456852.454858","827222460.560669","936567800.963911","1015959982.40887","1058491209.86101","1131625811.97776","1244991361.9605","1250527204.21645","1634814566.54127","1648005138.76165","1892161094.89092","1987062028.16034","2867577585.71956","3431497178.69757","3112379079.48161","2934914251.64595","2895133554.68146","2961696230.00254","2606604504.29721","2785323100.11904","2258498599.93806","2291136991.33876","2282166724.82012","2569104759.49344","2669028122.13976","2719041249.24808","3151534393.35363","3198849086.37244","3271780010.51664","3744834726.02059","4039519818.49994","3529044102.57457","3557563698.95103","3937722084.78865","3940626611.26359","3877576585.48336","4049096132.73586",
"Malta","MLT","Exports of goods and services (constant 2015 US$)","NE.EXP.GNFS.KD","","","","","","","","","","","","","","","","","","","","","","","","","","","","","","","","","","","","","","","","","5876703831.90204","5158581409.48734","5583488317.39773","5271473602.04896","5296616827.93334","5386482207.75104","6632730531.62116","7097675024.57231","7537329037.5071","6634159897.86257","7805974386.64772","8513240675.47146","9154050089.94312","9370405517.67661","9941237307.44526","12331133700.1426","13325978027.1164","15457133683.9382","17496021382.5482","18754462703.1239","19464770332.0686","20346724969.3838","22713115556.2578","23885204217.2193","25387571798.8379","26542557288.6633",
"Myanmar","MMR","Exports of goods and services (constant 2015 US$)","NE.EXP.GNFS.KD","","","","","","","","","","","","","","","","","","","","","","","","","","","","","","","","","","","","","","","","","","","","","","","","","","","","","","","","","","","","","","","","","","",
"Middle East, North Africa, Afghanistan & Pakistan (excluding high income)","MNA","Exports of goods and services (constant 2015 US$)","NE.EXP.GNFS.KD","64530551989.7042","67192478925.4573","51383598117.6124","62846718544.5265","68705227773.2493","75128249292.6568","83089775644.0598","93012213271.3965","103915286941.519","119953570117.107","132600239733.338","142489918977.359","165286784522.207","181656610408.922","177166113611.837","164988859544.077","180066959102.616","170715833106.234","139558810056.556","124926386073.009","77125540996.5252","78394608210.0903","99455149707.5735","112961778807.993","104988672719.074","102958309246.09","99194080722.0619","117597425676.941","128311833347.354","139237878866.639","156393346342.757","174656762577.721","182637138317.573","192133872954.848","204993185730.065","203940051050.819","209917476088.575","212687318425.693","212342437753.671","222643601411.596","235995311818.232","243153410071.774","254195064711.654","274072289868.233","290613490637.932","313725569063.971","337799107227.411","351803510356.109","367931513670.055","340615781264.489","388958642376.404","350141758617.951","343013092070.907","334056850693.551","327550089693.745","341605391802.312","357192185633.532","413719221675.749","453087574762.828","445730106080.98","366946946299.672","380231189464.81","435822397232.204","494452948264.844","491394717166.885","532681506277.692",
"Montenegro","MNE","Exports of goods and services (constant 2015 US$)","NE.EXP.GNFS.KD","","","","","","","","","","","","","","","","","","","","","","","","","","","","","","","","","","","","","","","","","","","","","","","1180352052.00046","1534202117.39788","1559654234.91727","1362237938.57807","1437745719.89739","1655323677.33955","1599034742.0215","1638162509.92503","1614659270.15475","1713786119.58707","1748227043.56439","1779412726.79399","1902443132.80403","2013017035.0708","1063002379.92134","1904223977.88695","2272471518.83353","2477765146.40697","2379835859.13563","2269237138.68053",
"Mongolia","MNG","Exports of goods and services (constant 2015 US$)","NE.EXP.GNFS.KD","","","","","","","","","","","","","","","","","","","","","","","","","","","","","","","","","","","","","","","","","","","","","","","","","","","2316961077.2054","2739470495.90111","2966980698.00941","3347924961.8697","5127899993.16894","5134139179.48847","5930760563.73035","6149696387.72431","6523021200.05312","7304284775.22279","6919741251.45001","5907060260.35558","7813474320.60138","10404537619.4507","10482208912.1407","11131115186.0463",
"Northern Mariana Islands","MNP","Exports of goods and services (constant 2015 US$)","NE.EXP.GNFS.KD","","","","","","","","","","","","","","","","","","","","","","","","","","","","","","","","","","","","","","","","","","","1752437086.09272","1680083885.20971","1817342163.35541","1508777041.94261","1216172185.43046","906543046.357616","577761589.403973","378790286.975717","388366445.916115","344741721.854305","403262693.156733","420286975.717439","437311258.278146","482000000","855470198.675497","1029969094.92274","610746136.865342","460719646.799117","117041942.604857","48944812.3620309","207483443.708609","","","",
"Mozambique","MOZ","Exports of goods and services (constant 2015 US$)","NE.EXP.GNFS.KD","","","","","","","","","","","","","","","","","","","","","","","","","","","","","","","","185482131.806412","204758567.424429","212452177.601019","276815231.576035","281124515.143564","396927295.734941","430878556.460454","483803104.965199","481085735.508199","647452839.49783","1023363847.8248","1359735220.74086","1630085878.35644","2027267680.27126","2145491845.38209","2425969317.68933","2791140239.67418","2932870028.39282","3369346135.14263","3415544867.6404","3940202597.43601","4350414896.2813","4437801097.27368","5581581463.98321","5279638423.57529","4927685439.31865","5087681997.53389","5966426999.93368","5806885638.04903","4926621464.06395","5752178186.22015","7276839596.2771","6845332519.0021","6612247916.20694","6347519728.36435",
"Mauritania","MRT","Exports of goods and services (constant 2015 US$)","NE.EXP.GNFS.KD","","116783120.515359","120924371.154392","227768505.971222","525938167.563462","558239892.41383","595599065.829206","632696740.481406","654378504.873663","669704483.937696","699263463.408759","710269346.412676","906729836.888694","837490872.822903","917025525.427174","669437760.330685","729156396.967559","691313572.522739","747052170.182109","850509741.551169","896050004.491252","1102840697.94078","1011888748.38842","1312838398.66404","1226568734.01121","1352982361.46649","1383909650.14489","1265132993.44007","1348322382.96396","1225524850.19815","1091072892.0522","1159811346.5103","1118575809.92375","1074985568.18049","1127938454.488","1172677382.60299","1160464197.97098","969192776.208524","890982272.34428","899598708.47089","948812728.141333","1000155831.86755","926813224.353393","728399799.804494","921923059.623061","922168150.887687","1686026552.32323","1592179936.1647","1565288273.01241","1601039078.77345","1651868376.48096","1652492477.47023","1750810380.33836","1771446137.24194","1819520757.58653","1866755544.3491","1858461858.53873","1990453004.65514","2025835485.88258","2314715160.82127","2102547544.76221","1832251194.65222","2140273101.60067","2215513227.8655","2481533097.27046","2467786567.30075",
"Mauritius","MUS","Exports of goods and services (constant 2015 US$)","NE.EXP.GNFS.KD","","","","","","","","","","","","","","","","","1135128242.97097","1288189920.98262","1283911802.29111","1326217668.51284","1351411050.67462","1283911802.29111","1412255446.71605","1425282219.72691","1484030409.12785","1661296693.34156","2109315512.47464","2493222173.27042","2794851201.4235","2881577516.34957","3117842960.27735","3253657400.86718","3361430778.93672","3586607175.12198","3691337371.74466","3942984209.7437","4358895952.52157","4512644147.76703","4888472533.77422","4955920928.48634","5167271788.81816","5952891751.79043","5247510843.82052","5157991861.66559","5036062713.04453","5718259433.63492","5972182710.73567","6058805334.50299","6238162074.80352","6117471235.3195","6985855159.92198","7350696225.83547","7608830269.88505","7151537427.52507","7566902409.42654","7852564559.699","7771865616.25081","7866022417.82698","7962536231.057","8250072678.19229","6539799974.78862","7159426763.65813","9343841998.51788","10233465574.8141","10454766375.2604","10671492494.3528",
"Malawi","MWI","Exports of goods and services (constant 2015 US$)","NE.EXP.GNFS.KD","","","","","","","","","","","","","","","","","","","","","","","","","","","","","","","","","","","","","","","","","","","","","","","","","","","","","","","","","","","","","","","","","","",
"Malaysia","MYS","Exports of goods and services (constant 2015 US$)","NE.EXP.GNFS.KD","4128126620.08954","4356597844.72847","4566030291.17443","4833260218.29761","4665306419.87928","5052212162.40506","5367720180.85292","5655349577.79989","6552236315.04747","6904463178.79377","7246490537.94475","7359366096.06876","7508280519.44261","8573801197.7486","9939189956.50742","9641361109.50368","11276700636.0783","11745883152.2978","12637329890.1496","14907766172.2179","15380348315.4756","15252513260.0383","16881052393.628","18963814573.5213","21577638092.6459","21674194275.8073","24228859785.4714","27755888794.0936","30780853656.4132","35457633410.7798","41775882054.8693","48364081445.2665","54455921350.7945","60741515669.9767","74047992161.811","88090844308.0439","96219827786.1904","101502912205.216","102001447473.738","115428201758.856","133972584364.487","124822038774.096","131596548631.236","138352547206.576","160569563645.47","173899899014.056","185520164260.91","193736072466.121","196783701549.663","175376749036.101","193649374880.617","201742743145.937","198228674451.939","198742577840.345","208759761761.252","209287287856.543","212048789474.52","230460985473.285","234915774291.293","232461507302.277","212561272146.366","251976934800.053","288535388352.92","265801110947.808","287865961130.653","296712431257.096",
"North America","NAC","Exports of goods and services (constant 2015 US$)","NE.EXP.GNFS.KD","","","","","","","","","","","272389310869.022","279632635331.845","302129585811.878","350976216038.029","366287411574.127","356575719277.378","375204441368.136","388091784225.471","428496058148.837","464138666852.464","502896375291.477","509592614983.852","478085245318.504","475508665081.529","527320994419.299","546743035820.058","583802674423.608","635158279864.608","726281999497.737","790986825823.198","853049586676.521","900001246612.495","963435157692.591","1010634904519.99","1109174693724.39","1219494866230.65","1312883940206.77","1459355723319.91","1516975984283.34","1613370862452.67","1750089567593.95","1664907265707.67","1645673524265.82","1664139191331.26","1807497588178.52","1912416738575","2054751641209.77","2199710238327.38","2279314588278.94","2069409958957.54","2308257961703.56","2464206069431.47","2557844855576.47","2632390567373.31","2746026096898.11","2769694780357.73","2788263900502.52","2889267127180.01","2975503359080.85","3000530208597.96","2641579043546.6","2796612058851.87","2994007383345.2","3096063227782.4","3193799995666.57","",
"Namibia","NAM","Exports of goods and services (constant 2015 US$)","NE.EXP.GNFS.KD","","","","","","","","","","","","","","","","","","","","","1806649328.65048","1630557265.80599","1582304893.59097","1402947613.37897","1429348269.8246","1800850733.18941","2012994126.11643","1828202823.81363","1744925204.97041","1767914800.64971","1572715875.20408","2025961249.93387","2154029394.78396","2384611170.92537","2307749166.04537","2527819659.7294","2597640004.68542","2527429880.87739","2509817490.83618","2621173639.37328","2599132328.80786","2529734125.89188","2940443941.57147","3200676926.47612","3372720604.38345","3344727347.2264","3858000693.59108","4103945823.92045","3925218569.35547","3995218965.11099","4105727530.37038","3970461956.89134","4010393325.73317","4122649153.81925","4554677266.72616","4009342643.84947","3984947677.93331","4062465182.92371","4715939500.58587","4303665640.10882","3591262133.44433","3515938843.28683","4330927686.39202","4911266856.26523","4881592271.71644","5458214388.93766",
"New Caledonia","NCL","Exports of goods and services (constant 2015 US$)","NE.EXP.GNFS.KD","","","","","","","","","","","","","","","","","","","","","","","","","","","","","","","","","","","","","","","","","","","","","","","","","","","","","","","","1578920444.17744","","","","","","","","","","",
"Niger","NER","Exports of goods and services (constant 2015 US$)","NE.EXP.GNFS.KD","","","","","","","","","","","","","","","","","","","","","","","","","","","","","","","472119083.932605","408755300.880396","378694245.491739","379285167.83171","474182334.260917","463240412.066407","579359512.267296","552821030.445849","615709422.921466","546038162.458687","609359771.666764","621922353.945033","572463652.943484","578629937.055136","604215620.916215","643963892.101472","679607953.224227","697956520.136379","803513221.925457","948036115.313807","1135080984.47673","1124806323.43645","1337789007.68638","1457319598.23298","1449995843.11337","1381730102.3702","1176899919.86593","1394722064.51504","1401773684.11949","1445675048.19568","1311315392.81552","1427793128.68062","1474712024.38894","1168221133.54056","1435265917.21803","2511715929.2068",
"Nigeria","NGA","Exports of goods and services (constant 2015 US$)","NE.EXP.GNFS.KD","","","","","","","","","","","","","","","","","","","","","","","","","","","","","","","","","","","","","","","","","","","","","","","","","","","","","","","","","","","","","","","","","","",
"Nicaragua","NIC","Exports of goods and services (constant 2015 US$)","NE.EXP.GNFS.KD","304386259.389638","320136535.260178","387196988.200464","487024509.982913","578213736.089697","639428725.786301","629718761.944224","695074288.092611","692313930.458089","703355360.996177","744354790.470767","772136978.202038","1012353041.32588","1003260098.56066","1017435346.82916","1092517074.36825","1136065775.29385","1104061864.19208","1203743249.38594","1377515880.7213","818251187.90243","939966721.901329","864316685.481572","925482963.131872","732842475.444401","647060302.815539","532992583.169665","521269181.959784","503414539.33351","631819900.795983","732649313.458661","615727224.73036","654913791.610307","697762391.940859","800120253.708621","976726899.295209","1135226120.27633","1298276386.07859","1374641294.40767","1543018081.41835","1736120785.24422","1863722819.66116","1798275878.70265","1963297631.63696","2299128798.55964","2475459644.5961","2784717015.23405","3052618243.32986","3300416539.64582","3301814730.94669","3840510481.8048","4157645669.38094","4673042983.43783","4851345938.65423","5164184588.93429","5113365846.26724","5348373653.65286","5890115235.81452","5794864511.11159","6150413224.91014","5612109686.49379","6628096022.2077","7196688639.15839","7291350224.54511","6933634168.46116","7338647434.14651",
"Netherlands","NLD","Exports of goods and services (constant 2015 US$)","NE.EXP.GNFS.KD","","","","","","","","","","63366580050.842","70584294162.6522","78100100417.604","85820682483.296","95815836965.0434","98553099022.3887","95630501270.3397","104425510911.022","103006333581.899","107346812803.391","115716717175.176","118672504258.819","122070776899.027","120792073202.119","123543579722.166","133106180240.301","139038434862.323","141884639076.761","147255773132.387","160363027355.248","174172947331.638","184028657540.145","196189404526.589","201964046189.782","209979026032.587","228183357200.297","249196355958.095","259306031345.034","284286120738.141","302974723662.597","330367860348.684","370419536247.08","375801151553.364","377814916385.377","384639458675.31","416162243654.04","439888325082.269","471671511231.465","497312303621.204","505628789037.019","461682335248.875","506368121956.348","535160274082.778","555041615349.529","571789977655.322","601232621359.689","651561445019.531","664352738226.955","710379334399.881","745342472480.194","765890644038.961","736549097377.172","787068882117.439","821817573742.667","797230638404.723","795987863444.577","815335127304.009",
"Norway","NOR","Exports of goods and services (constant 2015 US$)","NE.EXP.GNFS.KD","","","","","","","","","","","27234432163.681","27607564371.7018","31481616156.7282","33906789304.4995","34140911466.3438","35594626451.6208","40089573233.6832","41057559204.8137","45377782413.3337","46347628415.0869","48445055309.8441","49318177169.3897","49537914691.8143","53050614865.3678","57109930800.0694","61287547769.0077","62649622829.9805","63244600595.1317","67168130670.9375","74672191781.6234","80722538041.2336","85722310688.6412","89756825544.033","92549550539.5542","100235279606.51","105634597567.788","116276862755.751","125247287462.553","126889366514.341","130627136566.507","135726485537.279","141943990977.496","141117619095.414","140647886747.227","142275705295.839","143069463701.593","142252516377.27","143634680171.572","145470703784.345","139332437795.877","139973545528.284","139407833050.139","142381729859.563","140156949513.135","145590120971.157","151371127415.521","151465867525.065","153839950489.718","151748351825.113","155182680561.208","151409445119.96","160208370440.5","167990823649.664","169556887571.184","179387909528.734","183677007419.626",
"Nepal","NPL","Exports of goods and services (constant 2015 US$)","NE.EXP.GNFS.KD","","","","","","","","","","","","","","","","","","","","","","","","","","","","","","","","","","","","","","","","","","2128212507.91495","1634706545.53319","1557124221.51214","1748278210.44472","1695227493.29097","1673295980.29023","1657485578.92798","1669535668.52036","1734187391.81985","1553158293.47417","1520319662.71894","1827317226.81048","2063914289.61058","2432030309.48943","2488355629.40472","2057722839.70627","2239940447.64656","2412284724.97619","2546009901.86805","2141651762.01914","1685060653.55789","2258993379.10996","2357141977.77212","2538109727.49005","3102351199.76258",
"Naoero","NRU","Exports of goods and services (constant 2015 US$)","NE.EXP.GNFS.KD","","","","","","","","","","","","","","","","","","","","","","","","","","","","","","","","","","","","","","","","","","","","","","","","","","","","","","","","60735599.6309272","","","","","","","","","","",
"New Zealand","NZL","Exports of goods and services (constant 2015 US$)","NE.EXP.GNFS.KD","","","","","","","","","","","8444927744.41324","9061191503.22113","9248365850.91045","9068254721.28195","8821925844.75643","9947621956.47178","11050362764.6432","11045065195.9439","11310817456.6755","11808772778.4258","12183122094.4194","12463883926.2608","12658121492.0109","13428892292.5537","14687905791.8215","14931585883.9973","15617598688.4252","16758953534.4251","17115149864.892","16776689466.7458","18338927333.1765","20032706387.345","20951278485.7384","22448484600.3264","24355833374.0623","25275883777.1232","26337821018.1349","27236440347.8213","28166836401.0951","30505758907.3535","32353988527.3019","33417403452.3662","35934424434.1655","36898075515.6944","38068645187.0167","37900153829.97","39214827796.2444","40753417752.9141","39658964635.9811","41259630355.7733","42423548897.3216","43396807097.3447","44716653888.7256","44777251347.1806","46859742607.7373","49784689412.298","50559157215.7393","52354917570.4445","53838082893.7656","53704324249.0266","44235567500.2949","44851890217.5173","47536662783.4147","51621833609.0848","53350345375.5609","",
"OECD members","OED","Exports of goods and services (constant 2015 US$)","NE.EXP.GNFS.KD","","","","","","","","","","","1292703164689.29","1370899321670.48","1475400741708.15","1640752657369.49","1745502928792.55","1697483040955.53","1849855585905.35","1960034875660.86","2082506194840.44","2222245894415.47","2323301714650.43","2434579335466.31","2429314767773.78","2491484663353.65","2727843181286.77","2854214227216.07","2924807955062.27","3065375253803.24","3308089276063.98","3557890295532.03","3788932379786.96","3967919455471.44","4163976066840.6","4275572128836.41","4655664772796.75","5073382124289.25","5405969870942.36","6016014493073.4","6338531392398.18","6675542675060.24","7457986195408.84","7515813830085.81","7644691031398.38","7809347536822.56","8487747438006.06","8993780983133.21","9761717873095.24","10400245503960.8","10623951831574.4","9500671925818.75","10584885333867.4","11270906656140.8","11584357904824.9","11903312714503.5","12404718825077.2","12943997829391.5","13285494954884.5","13929573078355.3","14437444639758.2","14741962862458.5","13424637123835.5","14661557561536.5","15736258763443.5","15799702934829","16095561290836.4","16497067620254.5",
"Oman","OMN","Exports of goods and services (constant 2015 US$)","NE.EXP.GNFS.KD","","","","","","","","","","","","","","","","","","","","","","","","","","","","","","","","","","","","","","","23797643123.5177","24719673399.4787","28878795924.9394","30452897600.5386","28978439282.5415","28185462518.1885","27636546136.3322","33010922562.7679","26858493927.7433","26354131734.4183","28759618957.5872","28377725913.033","32534653650.8814","33786121547.4607","35687246577.3045","39431334765.2642","39577946577.7712","39081924577.3732","38330648777.6554","38020964245.5485","39090484249.0615","39847466496.5715","34017891119.328","40897672369.0955","44639346290.6815","45914364916.7779","50109241849.3169","",
"Other small states","OSS","Exports of goods and services (constant 2015 US$)","NE.EXP.GNFS.KD","","","","","","","","","","","","","","","","","","","","","","","","","","","","","","","","","","34164546643.2164","35892407369.3628","39923039310.9131","41517770375.3319","43243267521.5506","44595586576.4072","46573803860.4365","48977857094.2757","49953990153.0887","50308904423.8936","50695401475.4439","52869207467.5917","56756954955.9324","60700863540.7426","64706011761.2569","65011665221.9112","59802270303.6947","67105966798.508","73205490084.1404","75623719885.8999","76316231124.1526","79567794493.3861","83245492738.3101","86420677189.9672","93393338179.2577","98833053352.7263","104981487555.793","95813189233.8492","114657293331.885","133292490162.388","132900452894.534","136159362643.118","140403090942.865",
"Pakistan","PAK","Exports of goods and services (constant 2015 US$)","NE.EXP.GNFS.KD","1626890078.30246","1675584185.25597","1727134178.22477","2400138230.30884","2339591750.59886","2352587683.09069","2604625180.78153","2730715214.29461","2914352804.02763","3178385248.55588","3681746080.33414","3714446868.10261","3076142395.12379","3252925563.35906","2691017582.26599","3001744796.23946","3426567241.13649","2824104753.21691","3184382795.25573","3608205649.4254","4312054115.96857","5098867770.87982","4793709958.20651","5971645975.05353","5751166811.89079","5730460826.72245","7610532142.13724","8523007391.98419","8155446780.65918","9278834599.80252","9383219057.43052","12523334884.8066","14254182574.0567","14441961198.867","14891201923.3366","14433250554.5821","14721130179.2232","13758961075.4401","12970576446.3368","12600873893.1865","14619032270.3594","16570581481.9966","18745982413.8085","23591296361.4039","23271905489.524","27365281441.3848","30405733855.0763","31336267100.218","32083287832.3765","30281717806.5292","32660067840.0811","33567226368.8914","29228416259.7009","31903593628.965","31111446822.4324","29920081165.7791","30353894658.0288","31104046426.055","34227078247.396","38735588396.1842","39322583308.2655","41758329218.5887","44538303914.2894","45663896770.2937","45057064296.5863","45330471003.8934",
"Panama","PAN","Exports of goods and services (constant 2015 US$)","NE.EXP.GNFS.KD","","","","","","","","","","","","","","","","","","","","","","","","","","","","","","","","","","","","","10792719123.0338","11558335793.218","11473603617.3808","10059338831.1121","12010288761.4197","12022677967.7605","11570361792.0241","10276252759.7015","11977906435.8583","13541974694.7169","15189755842.8561","18314788196.3389","21917515729.9352","21431631870.8573","22669102507.7793","27366999326.6963","29784959219.2187","28466087111.3803","26333739048.9656","26426478300","25183729333.4611","26434564307.8728","27847776593.3402","28152373197.2749","23081011307.9894","29535300441.3559","36159441849.2372","37570294164.9295","38188718979.0471","",
"Peru","PER","Exports of goods and services (constant 2015 US$)","NE.EXP.GNFS.KD","4786769643.40484","5648628634.09754","6030264879.07944","5921716676.1863","6330146464.9203","6513579187.53086","6818613377.93944","7220173027.24983","7932606485.47886","7792112134.26591","8237640675.88744","7996498782.1185","8739847867.75381","7121930033.49211","7492574055.39622","7665014554.929","7928140894.85351","8954539724.74183","10113532245.5059","11798433939.1479","10638754404.4414","10364635841.4391","11392752206.1833","10085364673.8691","10834553378.0145","11279051398.7225","9774490864.95047","9424800768.28839","8796183011.02747","10451199598.1767","9230719329.57122","9763842148.84386","10190477807.0504","10507191234.4792","12544874587.5238","13234980092.6261","14412865496.8052","16300779810.415","17350880621.3148","18555903076.2172","20003097945.802","21363385551.6781","23034203459.5016","24492390552.1642","28096465693.7935","32075306940.981","32454538637.1646","34616571513.7768","37310353181.7768","36081972252.8342","37248178419.9931","39292731912.4614","40513212181.0669","40284436538.2605","38752395446.794","40403976964.2314","45151586812.9216","49128023511.3109","50780292042.6907","50946892923.7134","42799594581.2465","48904056966.101","51075364530.935","53137093371.9623","56918418110.7209","60289252018.9183",
"Philippines","PHL","Exports of goods and services (constant 2015 US$)","NE.EXP.GNFS.KD","3186613524.39591","3292037908.90392","3815194944.05582","4543582363.07871","4816066843.57124","5470839168.91135","5804463196.9301","4967428768.98921","4407340291.12846","4214667871.24433","5083346182.10007","5256850505.4322","5913357815.42476","6862343840.53621","6079343615.98395","6294158493.77967","7101614563.11748","8267233131.02318","8767834413.96524","9144338794.98516","12785450945.2592","13996924225.3597","12522183176.4447","13179572691.1277","13895290930.0041","11581601757.6191","13511474570.9099","14356039287.6163","16479248218.5533","17860140976.1424","18276700398.428","19449083287.9412","20437538168.6768","21652432685.2304","25719256206.4748","28588236690.7277","32743786723.5284","38209595756.2412","30600478723.8417","33711641734.2181","38338028011.4374","37506797262.7732","39324049411.9035","42954928995.1623","45764754778.7289","51484483841.1399","56662370821.4872","58284134612.0248","55777713854.5002","53151522045.7755","63945390197.9065","63446064671.5523","66305846877.4145","67614464791.8883","75820896931.3066","83377968054.3017","91054124416.8113","106899163874.482","119530730233.626","122681580923.437","102876480592.967","111107289424.977","123283900181.489","124929972748.403","128922096148.156","139549176860.791",
"Palau","PLW","Exports of goods and services (constant 2015 US$)","NE.EXP.GNFS.KD","","","","","","","","","","","","","","","","","","","","","","","","","","","","","","","","","","","","","","","","","","","","","","118070717.614302","118394924.06066","115387350.470843","108697644.717336","98745778.2119923","104482345.722192","119695030.872745","130094347.388178","125001886.423208","134142826.684326","151922300","150490439.461296","135733509.419554","125265701.472695","110788171.357051","63192983.5056236","16761635.4943985","37830401.5135911","65585550.5371382","92191363.5044184","",
"Papua New Guinea","PNG","Exports of goods and services (constant 2015 US$)","NE.EXP.GNFS.KD","","","","","","","","","","","","","","","","","","","","","","","","","","","","","","","","","","","","","","","","","","","","","","","","","","","","","","","","","","","","","","","","","","",
"Poland","POL","Exports of goods and services (constant 2015 US$)","NE.EXP.GNFS.KD","","","","","","","","","","","","","","","","","","","","","","","","","","","","","","","","","","","","48740071627.5368","54263138347.2609","60883936861.6527","69555988857.9387","67807030110.0942","83814431622.231","86374797718.5303","90543255073.6172","103291471017.376","108162355750.099","119042949993.368","137215386656.055","151179281071.76","161750576999.602","151988035548.481","171122907547.42","184376362912.853","191603926250.166","201300039793.076","212366706459.743","226401379493.302","246685236768.802","269113834726.091","287298846000.796","302633293540.257","299377981164.611","336210956360.26","361109563602.6","374530972277.49","382022867754.344","399141795994.164",
"Pre-demographic dividend","PRE","Exports of goods and services (constant 2015 US$)","NE.EXP.GNFS.KD","","","","","","","","","","","","","","","","","","","","","","","","","","","","","","","","","","","","","","","","","","","","","","","","368136451130.928","409024850957.317","419105437362.066","437857288241.39","254004441638.091","220484235531.302","225668382969.712","246288187419.015","260041763831.436","253659401462.837","261586850871.571","270824330511.364","277621941304.954","263528463716.994","266915908101.738","287765029654.025","298459430774.828","326977025913.586","",
"Puerto Rico (US)","PRI","Exports of goods and services (constant 2015 US$)","NE.EXP.GNFS.KD","","","","","","","","","","","","","","","","","","","","","","","","","","","","","","","","","","","","","","","","","","","","","","","","","","","","","","","","69463100000","","","","","","","","","","",
"Korea, Dem. People's Rep.","PRK","Exports of goods and services (constant 2015 US$)","NE.EXP.GNFS.KD","","","","","","","","","","","","","","","","","","","","","","","","","","","","","","","","","","","","","","","","","","","","","","","","","","","","","","","","","","","","","","","","","","",
"Portugal","PRT","Exports of goods and services (constant 2015 US$)","NE.EXP.GNFS.KD","","","","","","","","","","","8622828168.18057","9475160318.92929","11232760541.9084","11702064180.4725","9863786495.24865","8326078043.78372","8326078043.78372","8817268994.84012","9619036268.09192","12790072232.7745","13073448408.0191","12492600249.9614","13075856414.6337","14854849303.1483","16583232741.583","17688657802.4501","18883642228.0634","21001070390.2426","22719635901.9342","25492445190.7881","27911201407.7723","28235538699.5961","29149665844.4684","28195475557.4926","30560695753.8296","33261652951.8596","35158950172.5674","37725346004.1316","40779053884.9008","42208192221.4306","45812081236.0636","46874776409.8044","48430120384.2044","50832515201.8437","52663417755.2963","52808366707.8579","59393002633.5437","63239944855.7735","62973997647.5917","56633363999.3783","61830977243.725","66087065337.4659","68128101528.179","73073976434.074","76218742840.3666","80984130312.3324","84799834763.8794","91915015969.9429","95864439257.4247","99703245352.565","81422993051.0256","91221879691.2517","106869044705.798","111472296689.505","115078903544.56","115556492247.869",
"Paraguay","PRY","Exports of goods and services (constant 2015 US$)","NE.EXP.GNFS.KD","","","84962894.2955116","83102949.170736","93458579.5558444","123820426.452256","114000526.259782","111573316.957403","118858561.357515","140321649.106191","165259129.343166","165818994.444485","198634200.251706","281611303.032486","390480590.538616","375452781.163967","676769309.820974","832378339.397659","1006291773.29971","1841737693.85765","1500420026.1832","1119062747.14953","1207840589.1219","1029648684.75927","1292386206.54845","1754676134.24497","2404918893.95411","2543127876.45985","3535229976.67296","3881864289.35203","4552880608.64364","4860896163.76304","4925552876.44374","6272782274.26463","7025580856.5735","8246591999.57486","7534593875.11735","7108435116.30971","8075719986.80492","6956209364.92876","7107767553.36087","6205873139.97981","6775893177.09907","7466426225.26339","8042024381.4419","8886669217.6784","9191783991.51429","9989357826.27833","10636160000.1808","9579966622.84023","11845270681.5854","11885475783.2292","11209995555.7399","12735111866.352","12187397027.5356","12577922817.5703","13730865181.1751","14895027157.67","14835966134.7767","14330177084.5429","13038683723.4037","13298560885.333","13157882612.4739","17260480280.8318","16995775545.8358","17631202309.0062",
"West Bank and Gaza","PSE","Exports of goods and services (constant 2015 US$)","NE.EXP.GNFS.KD","","","","","","","","","","","","","","","","","","","","","","","","","","","","","","","","","","","642283800","814235000","781964900","945341900","1107471800","1170608900","1370621100","919151700","749694800","842763600","901500000","1075600000","1045500000","1269200000","1522100000","1628400000","1639400000","2017100000","2027800000","2117300000","2319600000","2244300000","2208300000","2515600000","2578700000","2630500000","2335900000","2740400000","2903200000","2729300000","2887600000","2646900000",
"Pacific island small states","PSS","Exports of goods and services (constant 2015 US$)","NE.EXP.GNFS.KD","","","","","","","","","","","","","","","","","","","","","","","","","","","","","","","","","","","","","","","","","","","","","","","","","","","","","","","","3820067290.27308","","","","","","","","","","",
"Post-demographic dividend","PST","Exports of goods and services (constant 2015 US$)","NE.EXP.GNFS.KD","","","","","","","","","","","1337195583308.41","1418062442173.48","1525456689167.5","1698058658235.68","1806542962774.52","1754323954092.94","1915151593537.16","2026224710318.76","2148848397664.09","2294985694581.69","2398675904148.36","2519734564808.37","2503294041156.99","2567225835432.48","2816003640531.4","2952230013493.47","3029446948693.22","3190839388863.13","3448046972930.88","3698278108048.38","3896307720974.51","4054525339558.12","4202701538057.64","4320749038233.62","4707181932122.32","5123032936347.18","5442342172127.72","6025487846544.58","6271629107726.06","6597820914577.14","7363958370741.95","7385049056104.2","7529267874168.63","7743492758022.38","8475949552158.86","8991904506089.69","9761043091695.61","10404246758254.6","10659803527748.4","9501236891401.22","10632512643899.1","11304866837320.9","11583014677137","11907131511777.5","12330910866845.6","12711855599483.1","12999453191887.3","13617025267955.8","14097646594187.8","14274367558244","12911655736212","14083672306018.1","14876085710020.8","15017474829453.6","15305824456293.4","15719436498498.2",
"French Polynesia","PYF","Exports of goods and services (constant 2015 US$)","NE.EXP.GNFS.KD","","","","","","","","","","","","","","","","","","","","","","","","","","","","","","","","","","","","","","","","","","","","","","","","","","","","","","","","1044598993.64811","","","","","","","","","","",
"Qatar","QAT","Exports of goods and services (constant 2015 US$)","NE.EXP.GNFS.KD","","","","","","","","","","","","","","","","","","","","","","","","","","","","","","","","","","","","","11930364366.5363","15172102775.8233","21107394187.625","23671796516.2846","25082866364.4886","23724246343.5007","24861787480.1742","22794812647.1688","31041844791.9637","34262370237.6214","39872533921.3939","45391819331.3368","52385678224.1369","53477055237.6335","68075374567.4253","82814408669.8813","92037256266.8422","93220549644.5785","93594321637.4517","92291208791.2088","88706294581.4847","89839192356.8802","88804305254.8177","86855000443.7225","85512779658.3692","","","","","",
"Romania","ROU","Exports of goods and services (constant 2015 US$)","NE.EXP.GNFS.KD","","","","","","","","","","","","","","","","","","","","","","","","","","","","","","","10397805256.5104","8534912536.00194","8782235623.83779","9759349938.87038","11617127503.0779","15390544887.0936","16327069816.5784","18150611219.1058","17860828145.1866","19167441836.25","15606808103.9606","17832399931.7551","20926578077.2745","22672022198.5531","25878748765.3272","28260454849.9318","31587077808.3815","38188526556.7406","43439715472.7934","40970676952.8591","47370518272.3491","53108118738.5553","53671061609.0482","64799422276.4593","70330677278.2244","73554067275.1879","85572455878.9289","92217350004.3117","97069941639.6667","102271943322.028","92596071627.3138","104297734598.926","114004845206.14","112467914802.869","109661552241.921","114393564887.255",
"Russian Federation","RUS","Exports of goods and services (constant 2015 US$)","NE.EXP.GNFS.KD","","","","","","","","","","","","","","","","","","","","","","","","","","","","","","","239244807036.594","167528667721.121","119487361405.396","122011586185.385","137349372300.732","153196116101.957","158732045108.184","157938384882.644","160939214195.414","178964406185.3","195966024772.903","204196597813.366","225228847388.142","253607682159.049","283533388653.815","301963058916.315","324006362217.205","344418763036.888","346485275615.109","330200467661.2","353314500397.484","354374443898.677","359194483666.222","375581294689.125","377499158497.732","391365600741.085","403765506159.562","424010114578.835","447560775915.589","450839241609.128","432036893257.662","446046789065.527","","","","",
"Rwanda","RWA","Exports of goods and services (constant 2015 US$)","NE.EXP.GNFS.KD","67672874.5092416","59757490.6007464","53802017.3169568","31043146.700188","54918018.5012552","59242606.0310832","59109869.1879854","58950672.0995056","52447177.7655267","51149399.8160054","81234467.2721905","72970083.8346917","78483439.3563919","113689274.157675","120246381.14905","93112315.9622286","158311301.244792","101570207.206208","145914924.531799","197572614.29154","183891555.681323","186173943.283078","190101774.632298","172019142.821622","196718046.863669","248528269.054416","252391087.017581","280269391.380843","222459948.02888","233891794.535493","225664576.053858","208602435.857922","190871233.77718","156905069.295742","61093526.1015827","66329898.4486249","94235693.4263118","122893333.192805","125228625.903236","175900658.589913","175900658.589913","246030986.546106","258677439.12988","311562604.446739","410434870.043129","456421970.322661","463320035.452016","667456090.643123","589471530.219595","571122221.862994","619289156.207044","764936791.149526","833746697.394753","990862649.968082","1064259883.30246","1130776126.00311","1276423760.94559","1810847366.09538","2008102430.65276","2407199886.9487","2176686701.041","2229440962.4742","3528722670.70866","4248608953.48322","5209703144.50551","4399974426.35823",
"South Asia","SAS","Exports of goods and services (constant 2015 US$)","NE.EXP.GNFS.KD","6397253055.02175","6287863431.30492","6414412047.8776","6920567376.228","6568919943.01148","5745090990.72068","7120342081.58356","7291644497.13828","7528719896.91311","7447940440.11762","9578674715.31352","9349296932.44003","9860032551.66014","10868636953.6598","11310483336.7216","13134920922.2883","15784873809.4475","15563924274.2971","16549545197.7306","18468578172.5312","19367707304.3371","18712362520.6577","19724125645.4683","19649958816.6142","20989702419.5672","19825268042.6453","20821788753.1678","23340994400.8343","25124768952.3635","28092547155.478","31311241157.0188","34121935019.9104","36070489639.5679","41005272458.3938","46127804564.2272","60609822332.0521","64481219116.0529","63598136017.8939","72352304797.1929","84648925085.2381","99810098032.9024","104655652867.706","124441341996.467","135469970327.623","175438195732.5","222520826849.062","268442094258.592","285514016110.896","325587382323.652","311154669044.897","366798730155.868","426519731100.527","457437326582.34","491315185579.125","500840711071.217","473881608817.842","495909579665.875","516994953101.871","575196767491.418","562797293545.931","512771476209.499","655691624076.442","730792272247.427","741974433958.643","779872604907.744","831809130418.888",
"Saudi Arabia","SAU","Exports of goods and services (constant 2015 US$)","NE.EXP.GNFS.KD","","","","","","","","","","","","","","","","","","","","","","","","","","","","","","","","","","","","","","","","","170770010258.215","165961511551.8","148910352665.782","180058799825.198","193985217006.947","206984954566.543","211529533555.685","211929219654.368","209413311957.262","186962372712.785","195102434819.304","215487086684.865","222184639089.392","221954982298.595","216960589315.748","218010400000","232974911841.759","228492579861.508","239817519654.044","232251004865.848","209214253774.131","212983296765.816","254416738479.57","240694873672.874","246668690359.349","268631825924.218",
"Sudan","SDN","Exports of goods and services (constant 2015 US$)","NE.EXP.GNFS.KD","18660316663.6921","19360875352.8556","24264779225.1505","28754717550.4532","25220087374.0221","22035730729.5889","26123358924.2308","29142665949.0054","30637661299.1343","31518700855.4885","30421067987.921","26686833543.5233","27054881956.8505","25945849449.8903","21933131580.2702","25851392567.9902","28680160653.7782","24965468116.1917","20913668734.7323","25113665869.5817","29219206122.5311","24620218981.6499","24419907903.4905","27636268657.7007","26191756807.0876","22508005838.9554","22366325177.7974","20871327525.8853","18943140926.5131","16677845134.9841","12757956623.7938","11682651773.9657","14270714021.0668","13062445246.7837","14168482296.7967","14387842235.1572","16156262737.3138","16452430158.3047","25039808970.7512","53217943548.8782","47537205402.7097","52203057113.336","61872106624.4116","79244343297.1236","85900867789.9771","88426354084.6786","100508144364.568","113598066857.597","128888366206.968","131208356738.243","143017109030.687","5199502706.33623","1216683070.62456","1971026248.9071","3390166264.1363","3322363636.36364","3221361854.83039","3511284235.76245","3792187811.63551","4057641539.70838","4270024052.44832","4611627278.66296","5165022459.10117","3248799575.50611","2274159470.35092","3979778033.90599",
"Senegal","SEN","Exports of goods and services (constant 2015 US$)","NE.EXP.GNFS.KD","1012601642.99331","1348793483.66852","1415226569.10791","1115270983.53105","1223979748.80878","1272294707.29631","1416368948.27038","1350289785.28596","1422326905.77299","1401203238.8272","1530111770.34078","1355164477.56617","1543652582.25334","1350831417.59417","1441825675.18816","1623814190.08182","1887589210.31726","2015956109.26292","1325916323.27893","1607565215.71057","1323074007.91573","1745241499.87253","1870125676.68375","2260777965.65301","2093793310.32829","1797678617.14168","1882135659.00824","1750288750.25184","1759678049.96687","2043222424.81028","1950364099.33365","1818523018.45467","1784275455.79501","1674492725.81577","2489197611.87518","2517752184.91367","2298395010.67325","2210114744.0906","2499705539.77589","2517366161.48626","2696391536.03383","2534536599.85643","2862889510.18124","2759227617.67666","3117254671.76938","2991156473.52064","3170485826.04125","3241221569.30966","3274629147.17136","3334132179.12785","3307387726.18964","3377795344.60176","3623202773.60179","3522445822.70904","3685749414.15619","4030818415.9103","4198004152.71542","4541516164.15106","4913426157.6173","5635460444.74998","4889871294.35954","5992137507.08837","6213272407.41321","5838367658.49704","6381144943.133","8227616831.37089",
"Singapore","SGP","Exports of goods and services (constant 2015 US$)","NE.EXP.GNFS.KD","3728838215.77292","3526048769.84344","3691815321.95007","4208681104.86789","3453821395.45033","3813212590.69336","4488062116.99671","4663284418.01684","6270325314.13089","7369156074.40947","7757423672.10372","8573891222.51923","9056643572.81836","11065553797.7561","12682559598.4944","12353863218.9551","13831651301.0747","15795392140.8179","17619042423.5812","21747567872.2747","26529412834.3607","29510301311.076","30943065481.0612","32687214736.421","35505609804.8843","34341970796.2832","38757878275.4169","44237121088.1385","57377120724.4558","63050788282.145","71296055861.6551","77418362337.0247","83025475969.6689","97120433509.7194","115080101103.777","139347480588.439","152371029040.06","167960140381.503","160540941574.382","173413270779.917","198260433146.037","191042350844.653","205142690887.931","233597439674.14","278913679922.899","314558434709.872","349015983852.49","378815340134.199","398745585801.829","370020329860.164","435838306693.579","469356390813.376","475914025421.417","505134398923.499","523420071645.482","549421999163.53","549587183823.396","590304729692.87","638626734311.64","640207953739.567","636112086992.89","689592275380.503","726153146764.134","758157874638.59","801048133398.796","887455858018.293",
"Solomon Islands","SLB","Exports of goods and services (constant 2015 US$)","NE.EXP.GNFS.KD","","","","","","","","","","","","","","","","","","","","","110356815.182218","108267443.529912","106557957.506385","110736700.965224","110926643.856727","107317729.072397","131630418.259421","139418076.348364","153473849.70268","159172136.293544","150244820.701356","158792245.814921","179685974.54505","181015565.650022","195261292.588263","220143794.633307","252434095.660623","274847341.659805","320243704.684472","340757534.819409","253193862.006321","173417855.926012","205518199.94456","270668611.336122","286719616.151963","313425918.309526","318467729.260122","370298818.484061","408480223.513517","335833272.97337","445736349.603454","588689956.276866","671026179.386857","636344242.970099","564368010.162463","527879238.211381","584374398.918858","614547104.18398","652760202.129976","634209281.648769","495662625.142812","489546046.474099","480289895.007952","593677819.868797","640161704.889917","",
"Sierra Leone","SLE","Exports of goods and services (constant 2015 US$)","NE.EXP.GNFS.KD","","","","","","","","244476902.599247","338456739.469974","361885530.566218","339853288.992318","335098186.656111","321764044.886946","306843920.535092","290268051.158601","251943001.619141","256399106.099626","230061161.913566","175579990.563102","169588400.538966","132228515.235244","125537003.612694","103428219.52435","92534181.0728864","112107370.409743","114953650.990532","140510042.200334","123672890.24069","82181337.0158952","117860063.984818","95802781.9846946","144318441.625445","135699415.243785","117559407.032421","89556270.5448509","57220978.6445165","100934530.770264","74755240.966506","63767299.3001091","62951780.5947108","76394965.5478313","85370105.5096933","116720690.319491","192936837.892599","215089086.494112","233663513.643393","251712433.428309","252223284.968125","212932143.003195","229293298.999522","273838378.872324","270268882.121754","631825125.688931","723717640.991245","918783838.49393","711755890.464933","858492059.849297","828891474.732669","688285777.554301","616923015.625685","613602039.613093","1041712170.64135","1135345080.21184","1190029852.10689","2727357183.71095","2953727835.81887",
"El Salvador","SLV","Exports of goods and services (constant 2015 US$)","NE.EXP.GNFS.KD","","","","","","1336525942.26195","1327130428.23424","1536400941.24179","1700845902.20368","1631953153.03328","1494792064.17379","1609575027.2855","1898337240.8658","1822733235.0092","1923862565.66016","2102493225.95694","1923422840.39101","1709547177.05046","2038946123.7913","2706677115.73863","2235141681.46942","1798851074.86298","1521682822.26641","1836572079.82947","1740811614.62355","1650628443.65809","1436220538.06239","1611356968.41481","1463712838.96023","1264856066.99986","1567088989.654","1534531651.35406","1633195891.78713","2098951509.85257","2285221166.27774","2557156625.03433","2795925532.02183","3598232982.92003","3705361010.27573","3934151940.88108","4538210812.06955","4465332890.4201","4708372976.21327","4885900040.03204","5007254573.37191","4958443635.38347","5266255232.27601","5366628585.62474","5500459723.42304","4991901419.83304","5662395416.19382","6071918673.80436","6099354075.0922","6484118646.37117","6691556889.91499","6911040000","6925092227.37738","7159965872.20904","7271045684.51196","7890014746.93796","5990950877.52783","7776927373.36341","8707053801.10514","8371806802.92475","8836200863.11098","9166763785.4989",
"San Marino","SMR","Exports of goods and services (constant 2015 US$)","NE.EXP.GNFS.KD","","","","","","","","","","","","","","","","","","","","","","","","","","","","","","","","","","","","","","","","","","","","","","","","","","","","","","","","2476182021.96172","2518654439.432","2487437329.75833","2516532853.56412","2528402609.72684","2347988014.06918","2972255837.33684","3434920533.6423","3249230833.39475","","",
"Somalia, Fed. Rep.","SOM","Exports of goods and services (constant 2015 US$)","NE.EXP.GNFS.KD","","","","","","","","","","","","","","","","","","","","","","","","","","","","","","","","","","","","","","","","","","","","","","","","","","","","","","877828118.913242","968796914.140538","1037964069.9982","1040451521.3968","943343724.546178","1037448511.73931","997748315.983223","1015725763.11806","1188758691.79082","1351304776.3016","1916096240.45427","2725830421.81903","2693096487.21851",
"Serbia","SRB","Exports of goods and services (constant 2015 US$)","NE.EXP.GNFS.KD","","","","","","","","","","","","","","","","","","","","","","","","","","","","","","","","","","","","1087208521.83831","2427349054.34363","3667251215.21699","4749272330.82297","2744841812.52549","3124887617.27931","4812224041.92115","5742929986.52681","7354095911.08531","8082237557.26059","9581916555.70316","10261871764.46","10559514580.0972","11885583813.9761","10514838779.2253","12287732008.9452","12979375853.1109","13350257182.9867","15758679440.9687","16431165968.9181","17916931976.5824","19867297023.0576","21429615101.9995","23367522049.5749","25062107448.3962","23912944694.6281","28797765506.1965","33702404688.2646","34621980219.8327","36419027460.4501","38470542199.1331",
"Sub-Saharan Africa (excluding high income)","SSA","Exports of goods and services (constant 2015 US$)","NE.EXP.GNFS.KD","","","","","","","","","","","","","","","","","","","","","","","","","","","","","","","162808583615.856","159939778967.833","168011695961.787","178901744179.144","187141973499.133","202071777091.317","217146675246.376","225990301420.903","243018762561.809","295571854047.648","294180400260.644","307280837892.16","327401301979.517","352098272770.894","374739988409.72","400517482080.784","435069397343.998","478333030394.199","510816397968.389","497029101639.883","530788898269.16","364418753120.924","328720148001.286","339188136958.909","358548374163.849","360176776097.964","355699191897.503","370344409290.679","379989267196.116","382781881195.848","350789183718.561","381646050677.429","416183929816.494","427244334620.24","451346839601.728","472062885671.843",
"South Sudan","SSD","Exports of goods and services (constant 2015 US$)","NE.EXP.GNFS.KD","","","","","","","","","","","","","","","","","","","","","","","","","","","","","","","","","","","","","","","","","","","","","","","","","34875800176.8244","38657622781.0504","38051895945.2205","37264677922.6252","3024096899.48005","6034581959.9527","9220841234.80772","4397355862.60474","","","","","","","","","","",
"Sub-Saharan Africa","SSF","Exports of goods and services (constant 2015 US$)","NE.EXP.GNFS.KD","","","","","","","","","","","","","","","","","","","","","","","","","","","","","","","163160227799.991","160334068206.861","168359583521.626","179275557417.148","187462388532.287","202378669523.57","217582685777.485","226533105254.971","243507844467.861","296039344540.732","294799752399.943","307858840911.43","327929926597.686","352640018352.844","375356836110.365","401330654799.054","436101681358.417","479345943181.147","511738246379.23","497964280574.908","531648043552.681","365395626674.922","329861442615.127","340506831985.482","360026124085.189","361636893818.118","357262871115.689","372203440489.802","381787347960.906","384578599597.273","352041829473.623","383176535031.774","418155668152.508","429157721988.227","453231409371.462","474053508363.186",
"Small states","SST","Exports of goods and services (constant 2015 US$)","NE.EXP.GNFS.KD","","","","","","","","","","","","","","","","","","","","","","","","","","","","","","","","","","53018527448.6031","55436568891.5955","61131460172.1367","63613332905.5678","64902118761.1996","66822487856.1196","69926958846.3528","73340349872.3861","74808287310.9785","75485164306.0042","76342693239.1062","79970023641.432","85416452108.1231","91229403760.7028","96501118014.8834","96979753383.6423","89671940559.3149","99960587400.5768","108976545280.028","114908667645.319","115902211679.963","119959801282.399","125124030884.795","129201313600.951","138889657281.774","147302297229.804","156082045902.272","139325911814.195","166318068436.574","194334047276.518","194932145266.587","200166868037.061","206378198426.031",
"Sao Tome and Principe","STP","Exports of goods and services (constant 2015 US$)","NE.EXP.GNFS.KD","","","","","","","","","","","","","","","","","","","","","","","","","","","","","","","","","","","","","","","","","","","","","","","","","20692717.0317183","20440590.154918","25058311.1724804","25890032.6790963","26624325.0995196","39301993.7775737","73531329.7328073","87641037.3042903","65850014.1517157","58871344.6102065","48471412.1450559","39608979.7358823","26712517.2979034","36701368.0951776","45616812.2082977","31172889.9396608","33288538.8517095","29232420.6129263",
"Suriname","SUR","Exports of goods and services (constant 2015 US$)","NE.EXP.GNFS.KD","","","","","","","","","","","","","","","","","","","","","","","","","","","","","","","","","","","","","","","","","","","","","","","","","","","","","","","","","","","","","","","","","","",
"Slovak Republic","SVK","Exports of goods and services (constant 2015 US$)","NE.EXP.GNFS.KD","","","","","","","","","","","","","","","","","","","","","","","","","","","","","","","","","13406771252.9008","13372725081.1811","15346376673.4034","16044338694.3525","15677382965.9988","17862780709.6584","17454992826.2852","19219358448.9745","20790596470.5886","23083384143.7963","24792762154.3788","29682652701.954","35954424767.9829","40493628674.9198","49735902097.2711","56924215928.2671","58636581144.4203","49041545095.3502","57887048307.6546","63727577722.7751","69596992685.0173","73342373837.7534","75763583670.6877","80879458866.2308","84844557956.9533","87934334955.1299","92749992669.2379","94008197455.3468","88033644593.2565","97418966189.2667","100116255598.281","99442683922.5943","99464963958.8061","103426401563.679",
"Slovenia","SVN","Exports of goods and services (constant 2015 US$)","NE.EXP.GNFS.KD","","","","","","","","","","","","","","","","","","","","","","","","","","","","","","","14483615421.3709","11565714162.6931","8848370750.60692","8900282091.82144","9997483853.31548","10106454174.8168","10406802712.7771","11617595057.3731","12526306673.6747","12777395981.0452","14386392025.281","15419701734.2597","16619711656.1603","17144977443.0141","19381105766.6952","21583556961.1606","24631703057.2773","28045115139.6545","29218338635.5082","24387759986.4896","26905275181.4344","28705310180.7455","28919652695.8034","29728144107.1255","31461460963.0999","33169954107.1222","35302918698.3696","39211084790.5901","41624676177.1164","43489717789.5785","39779724927.8776","45397180123.5207","48773533336.6073","47840772220.2294","48958353587.0239","49106768481.2641",
"Sweden","SWE","Exports of goods and services (constant 2015 US$)","NE.EXP.GNFS.KD","13866276728.8232","14587389655.8325","15768963103.2759","16920050918.988","18950396056.6712","20011678151.8304","20992300304.7468","22146817773.4517","23830007466.2534","26570414525.5146","28855441891.9752","30240507158.7506","32024680659.2711","36412075543.2971","38341945089.2111","34776138723.9636","36271460436.5255","36815502558.2225","39687124893.4647","42108067673.2784","41855417642.3683","43153598847.6109","46071965951.3604","50451612401.2133","54024913148.1533","54711094691.505","56614924246.6257","58900078805.8092","60865514811.0878","62799449085.7016","64248915268.9322","62985919721.8045","64344691056.2945","69367204044.973","78801219267.2111","87659204618.8208","91424930530.2951","104070395522.597","113323943583.055","121312112731.174","135578341538.657","136291109135.801","138522531206.896","144389156814.155","160589247753.783","171926825271.04","186224796765.035","194439271290.074","196391557499.005","168341011579.274","186943668724.97","199611331400.148","201024768857.268","200769828469.439","208637242222.713","219257723594.666","225970191907.91","233420178234.704","243601367462.543","260543193975.467","246401161203.675","274880344379.739","291520171417.137","298991800484.735","306806605729.594","318872156256.764",
"Eswatini","SWZ","Exports of goods and services (constant 2015 US$)","NE.EXP.GNFS.KD","","","","","","","","","","","","","","","","","","","","","","","","","","","","","","","","","","","","","","","","","","","","","","","","","","","","","","1574062367.48772","1786162522.24258","1753178718.53008","1811110934.25126","1897318222.04681","1872124837.6267","2069797206.06792","1963125127.18182","2185478738.08221","2091835769.39696","2288251355.70045","2616185969.17765","",
"Sint Maarten (Dutch part)","SXM","Exports of goods and services (constant 2015 US$)","NE.EXP.GNFS.KD","","","","","","","","","","","","","","","","","","","","","","","","","","","","","","","","","","","","","","","","","","","","","","","","","","","","","","","","","","","","","","","","","","",
"Seychelles","SYC","Exports of goods and services (constant 2015 US$)","NE.EXP.GNFS.KD","","","","","","","","","","","","","","","","","","","","","106840939.094423","93013286.328766","81267333.4230956","93641677.3153652","115845060.580943","131863417.728931","198661547.755026","207539336.800652","237314303.363149","324368430.944912","331720277.385215","353569536.877694","333742460.196843","357293236.929506","333627156.28895","338035908.573005","423608570.398573","495934535.370252","474737428.552191","498573755.825268","591582653.797156","575263133.440821","558943129.957172","583422626.040784","647552544.256693","793902897.121282","964892192.948367","975134774.436507","928900687.211516","933316790.463464","888978963.078187","909104932.04603","1025895645.66459","1170192112.82891","1303893419.6245","1290375234.95138","1371529853.58301","1612445346.68875","1567102837.4734","1566979223.77571","1121453337.52387","1353981309.37044","1714655998.96293","1673107050.00891","1660545739.86002","1750258765.59795",
"Syrian Arab Republic","SYR","Exports of goods and services (constant 2015 US$)","NE.EXP.GNFS.KD","","","","","","","","","","","3562013567.30589","3386184044.94682","3581675204.70003","3669027358.78546","3798900764.82569","4887752768.22546","4292751349.8551","4122962451.03278","3770118970.32704","4508141034.19998","4353335250.62079","4393961404.99544","4434173006.77442","4578792640.86026","4371397899.43168","4784529171.90621","4364824279.7005","5210985349.24124","5847205139.98005","6897918304.57913","8446982910.9605","9822586866.95799","9667129643.58562","10569136869.9417","13032526836.9501","13381757787.8936","15181982045.4454","17479610195.9893","17567376902.6704","19257211726.1779","19348650184.4206","21856871053.5596","21856871053.5596","18223258330.8034","22570789845.0849","22232633370.6254","26804497060.9582","27182983580.7955","26568202081.4322","21525584307.8282","23933898001.4133","12620402335.065","4144637629.60585","2879837660.24824","2463034636.21215","2353296641.9611","2248829387.85487","2923069573.7956","2502654019.99733","2770336553.19471","4075229680.73254","4717726982.20563","6165403868.04852","","","",
"Turks and Caicos Islands","TCA","Exports of goods and services (constant 2015 US$)","NE.EXP.GNFS.KD","","","","","","","","","","","","","","","","","","","","","","","","","","","","","","","","","","","","","","","","","","","","","","","","","","","","","","","","","","","","","","","","","","",
"Chad","TCD","Exports of goods and services (constant 2015 US$)","NE.EXP.GNFS.KD","","","","","","","","","","","","","","","","","","","","","","","","","","","","","","","","","","","","","","","","","","","","","","3748737744.47803","3670275145.25209","3556697804.15837","3204529838.3942","3097142495.94808","3249932634.41406","3384241883.45318","3844079660.19614","3459564102.60743","2848518605.47048","4063362923.68153","3485131762.707","3361140804.25862","3597199393.18803","4073342325.30926","4075987435.31755","3926944023.83219","4157274345.26006","4413591278.69652","4459973355.781","5076482374.14185",
"East Asia & Pacific (IDA & IBRD countries)","TEA","Exports of goods and services (constant 2015 US$)","NE.EXP.GNFS.KD","","","","","","","","","","","","","","","","","","","","","","","","","","","","","","","","","","","","","","","","","","","","","","","","","","","","","","","","3331637959879.23","","","","","","","","","","",
"Europe & Central Asia (IDA & IBRD countries)","TEC","Exports of goods and services (constant 2015 US$)","NE.EXP.GNFS.KD","","","","","","","","","","","","","","","","","","","","","","","","","","","","","","","611925456501.113","479317646910.526","348740900033.3","342437327817.956","373460634166.845","409425048809.543","447313478127.152","465060271849.601","478152598556.286","485033105538.696","555617129185.468","577303774230.698","629754589638.19","702694761000.571","788029807805.218","823325393722.859","883582815300.093","950145166429.923","981300284717.621","913350549953.615","981884634434.772","1038835473238.66","1080804227814.85","1125986702236.22","1151072246516.35","1192680309379.3","1240006728411.48","1336555448323.97","1422795978450.92","1471539478650.61","1361635915156.42","1515210240271.19","","","","",
"Togo","TGO","Exports of goods and services (constant 2015 US$)","NE.EXP.GNFS.KD","","","","","","182864040.295798","218293549.204613","222293897.603834","248580188.448103","295439506.934464","300011040.120409","645669137.202361","623917379.972261","558664128.576707","540347392.847107","598731106.495816","496844686.711753","657117345.450467","978102346.553823","675433980.067361","987965605.798216","862209573.408912","863031506.018792","764398577.829428","766041433.276733","791522893.980038","872004287.784168","904986430.996935","986362813.431936","889986143.407133","819566034.857003","856446483.561667","688583017.08803","666548327.290268","654550480.345758","789387835.369212","864125530.768677","864125530.768677","854620146.169229","843510083.768266","808926158.195275","788106539.728193","873262677.170958","1021106254.78955","965227386.751724","952979712.03474","896988592.482886","889694276.700265","923046189.646232","1010319379.92118","1154891364.01376","1385504178.31371","1525264008.81829","1703046821.87669","1565092186.39523","1537319039.98963","1634785972.78214","1626183249.60699","1636331097.33583","1692186755.01915","1724066635.11199","1821429879.67812","1869199555.51118","1968301702.62783","","",
"Thailand","THA","Exports of goods and services (constant 2015 US$)","NE.EXP.GNFS.KD","1866818762.83834","2256585824.45406","2236050286.27766","2359163049.03489","2913057433.21047","3159232718.00854","3856737725.41763","4287544469.08563","4308054888.79528","4369598710.94053","4912961568.88695","5812210361.35898","6777230656.03481","6470202352.32175","6974673281.95818","6645665041.22426","8246746374.63504","9167956893.23955","10308464371.1059","11383157637.8091","12260471082.3217","13383645811.8835","14944095664.8069","14049951871.5879","16474715605.904","18087414907.3228","20875852386.5477","25427959924.8655","32337007399.2928","39301695508.1538","44565827375.0281","51313102519.3371","58398115078.4821","65981067387.6202","74627834760.7794","86098462533.683","82238087090.6287","89682232210.4351","99360218564.6391","107940936475.549","125030005389.419","125004508632.515","132363878927.063","144453767694.82","165588914692.168","178438145301.69","197687478013.489","215269307692.109","228752968731.972","200981704400.406","229561828755.916","251391819122.443","260596980603.424","267149268837.789","268072183345.513","271423493717.844","278741214265.58","293182365533.954","303007052812.901","294057577652.276","235343199469.566","261535745468.926","278231846562.727","285791559326.961","307289410931.435","335604770002.707",
"Tajikistan","TJK","Exports of goods and services (constant 2015 US$)","NE.EXP.GNFS.KD","","","","","","","","","","","","","","","","","","","","","","","","","","","","","","","","","","391911711.632004","404092219.375196","373000989.147539","362589516.462528","408092684.04433","377603863.988104","388805371.384197","399749878.294019","341786223.312331","367761996.194191","476251714.663918","583884756.249303","600817310.013452","639387267.286752","630766261.411463","731947675.235275","717308654.159945","882289658.543502","891995018.201556","900914753.292347","810823484.28563","810823484.28563","810823484.28563","933257819.606618","996719350.720901","944889947.887736","1148041288.61787","1398314293.92092","2172980427.50517","1651465111.49297","1872761434.47296","1398952810.53297","",
"Turkmenistan","TKM","Exports of goods and services (constant 2015 US$)","NE.EXP.GNFS.KD","","","","","","","","","","","","","","","","","","","","","","","","","","","","","","","","","","","","","","","","","","","","","","","","","","","","","","","","12164033200","","","","","","","","","","",
"Latin America & the Caribbean (IDA & IBRD countries)","TLA","Exports of goods and services (constant 2015 US$)","NE.EXP.GNFS.KD","53000586767.4561","54679561723.6108","59657397992.8318","63405639314.5986","63203087831.4612","71282201066.399","77474752742.0047","78308670638.6455","83172135972.2322","91776339693.3294","119712122918.417","122763600371.553","142930799400.443","159535786499.075","214627884922.144","199855084206.734","207103511634.698","211045245292.524","225359352528.686","248673168118.569","255100693529.475","255464333400.937","249447795610.02","282778930599.701","326127644430.628","318010101896.99","301763624960.487","318849176853.663","352193728158.606","338469916760.36","349455275098.564","368279138785.38","395936985207.791","418192107908.834","443671006177.675","475234170906.874","517023404091.892","534917815032.884","567852344612.036","580231492039.544","638867361785.097","652534559000.454","668932101755.737","686167326348.959","758023761778.858","814502858909.553","859584714084.825","893919671777.614","898489868405.356","821306543954.037","914939610939.472","980663217476.158","1017110142579.11","1032809172908.93","1051892733251.42","1093439618739.73","1112457893437.67","1151217283842.55","1195799158864.49","1200742578817.45","1079316885689.98","1160986345397.13","1256681293197.24","1248727971636.46","1301821144988.13","1380892649136.56",
"Timor-Leste","TLS","Exports of goods and services (constant 2015 US$)","NE.EXP.GNFS.KD","","","","","","","","","","","","","","","","","","","","","","","","","","","","","","","","","","","","","","","","","52051600","64140600","58766400","54129300","48334300","43210600","52205500","69019400","83759500","84766200","108525000","81473700","115003200","87284700","67633000","48508500","52618400","32069900","37404300","428446900","1324188800","1421994200","794213000","317754500","100049200","",
"Middle East, North Africa, Afghanistan & Pakistan (IDA & IBRD)","TMN","Exports of goods and services (constant 2015 US$)","NE.EXP.GNFS.KD","64341968644.2974","66996116395.2877","51233435279.4949","62663056014.6778","68504444403.1878","74908695358.1356","82846955036.1939","92740395445.5516","103611606098.165","119603019178.85","132212730312.767","142073508071.533","164803752317.838","181125739213.032","176648365392.312","164506697992.249","179540733485.481","170216935112.517","139150964989.84","124561302634.408","76900150199.6239","78165508705.7118","99164503118.1443","112631660600.51","104681855025.428","102657425063.383","98904197077.6433","117253760308.187","127936856316.446","138830971685.554","155936304220.176","174146347656.893","182103401638.164","191572383126.997","204394115993.969","203138992766.975","209158624344.944","211739354803.884","211204504615.887","221439452277.552","234567054267.747","242258754768.357","253506909325.307","273290017734.75","289775100105.589","312704662479.483","336827274763.506","350587370130.441","366456590794.436","339021690792.431","387367821182.756","348145273434.063","341003276529.475","331950982519.603","325233868544.59","339370236921.694","354997897952.869","411221207408.407","450533801562.533","443121116298.46","364623277711.847","377493177133.971","432929581536.987","491762269709.054","488537169903.646","530167206607.981",
"Tonga","TON","Exports of goods and services (constant 2015 US$)","NE.EXP.GNFS.KD","","","","","","","","","","","","","","","","","","","","","","","","","","","","","","","","","","","60495577.9345152","68651752.5064042","83817558.8426619","79245295.8466375","78730691.1865337","66520207.2869249","62906312.2376402","55957868.8231024","55957868.8231024","68497540.5287879","74007880.4218655","65596314.4246038","62039037.3139585","57131243.0963245","49348699.6393398","55152215.6503129","51631738.2297784","46714251.5884107","60484506.5074048","68045148.6210234","68551952.0620245","74196212.8830321","94936581.2696271","88841149.9438458","91471579.1849341","89497516.1510788","86696208.6915639","43365322.187943","41579906.8160261","75487984.4461716","82295611.9158958","",
"South Asia (IDA & IBRD)","TSA","Exports of goods and services (constant 2015 US$)","NE.EXP.GNFS.KD","6397253055.02175","6287863431.30492","6414412047.8776","6920567376.228","6568919943.01148","5745090990.72068","7120342081.58356","7291644497.13828","7528719896.91311","7447940440.11762","9578674715.31352","9349296932.44003","9860032551.66014","10868636953.6598","11310483336.7216","13134920922.2883","15784873809.4475","15563924274.2971","16549545197.7306","18468578172.5312","19367707304.3371","18712362520.6577","19724125645.4683","19649958816.6142","20989702419.5672","19825268042.6453","20821788753.1678","23340994400.8343","25124768952.3635","28092547155.478","31311241157.0188","34121935019.9104","36070489639.5679","41005272458.3938","46127804564.2272","60609822332.0521","64481219116.0529","63598136017.8939","72352304797.1929","84648925085.2381","99810098032.9024","104655652867.706","124441341996.467","135469970327.623","175438195732.5","222520826849.062","268442094258.592","285514016110.896","325587382323.652","311154669044.897","366798730155.868","426519731100.527","457437326582.34","491315185579.125","500840711071.217","473881608817.842","495909579665.875","516994953101.871","575196767491.418","562797293545.931","512771476209.499","655691624076.442","730792272247.427","741974433958.643","779872604907.744","831809130418.888",
"Sub-Saharan Africa (IDA & IBRD countries)","TSS","Exports of goods and services (constant 2015 US$)","NE.EXP.GNFS.KD","","","","","","","","","","","","","","","","","","","","","","","","","","","","","","","163160227799.991","160334068206.861","168359583521.626","179275557417.149","187462388532.287","202378669523.57","217582685777.485","226533105254.971","243507844467.862","296039344540.732","294799752399.943","307858840911.43","327929926597.686","352640018352.844","375356836110.365","401330654799.054","436101681358.418","479345943181.147","511738246379.23","497964280574.908","531648043552.681","365395626674.922","329861442615.127","340506831985.482","360026124085.189","361636893818.118","357262871115.69","372203440489.802","381787347960.906","384578599597.273","352041829473.623","383176535031.774","418155668152.508","429157721988.228","453231409371.463","474053508363.186",
"Trinidad and Tobago","TTO","Exports of goods and services (constant 2015 US$)","NE.EXP.GNFS.KD","","","","","","","","","","","","","","","","","","","","","","","","","","","","","","","","","","","","","","","","","","","","","","","","","","","","","","","","","","","","","","","","","","",
"Tunisia","TUN","Exports of goods and services (constant 2015 US$)","NE.EXP.GNFS.KD","","","","","","955292895.256737","1081730646.03564","1103288488.49866","1232503630.07124","1286332279.62602","1396634659.73794","1793273678.35574","2204725426.9734","2005149400.03363","2308943849.03197","2325343840.81085","2721321439.43888","2913358956.49165","3131053749.53103","3803713305.64213","3805564988.20115","3937822075.92151","3665107971.62353","3699230196.20411","3799084298.55698","3924728584.625","4129859194.85922","4682032647.43395","5686127988.16739","5967967863.1119","6230630687.33134","6175875784.61874","6671178980.47491","6896015807.70517","7829486317.3788","7933969344.74701","7872469846.45813","8668525108.81853","9116918831.02872","9624743586.40158","10179062827.6292","12135892109.0231","11709660957.3763","11714722218.0081","12354449779.9936","12907226822.396","13463825922.2359","15052566181.2885","15474004251.9829","14384675318.142","18235300645.6723","17189802598.9814","17904472643.5746","18669098226.2349","18436142298.7177","17579251895.7497","17672536216.8343","18525858367.0832","19377141515.7784","18558482391.9434","14839343557.8835","16609196906.5479","19503049861.7231","21249454692.5193","20916077938.4794","22374983550.1954",
"Turkiye","TUR","Exports of goods and services (constant 2015 US$)","NE.EXP.GNFS.KD","","","","","","","","","","","","","","","","","","","","","","","","","","","","26001704415.7712","30790299384.0625","30710567264.9275","31678515378.6849","32667233577.9441","36260968779.4233","39047783212.9885","44975178961.322","48566234293.809","58418590643.1601","68408526324.0568","75808278809.1721","68242991930.27","81281963449.1246","85375816290.0502","92640561743.0942","99998818072.1422","112411937354.099","121973392935.395","129204980373.677","138389527978.792","143793086777.626","139255299046.848","142487524328.152","161544798305.846","185815729011.937","194586944156.246","208265380545.338","218795091045.655","213990699898.452","240634103968.489","263555958562.246","275873778769.544","230595450746.882","288441489270.988","318720459205.072","311469348419.768","311696196166.494","310702598464.536",
"Tuvalu","TUV","Exports of goods and services (constant 2015 US$)","NE.EXP.GNFS.KD","","","","","","","","","","","","","","","","","","","","","","","","","","","","","","","","","","","","","","","","","","","","","","","","","","","","","","","","","","","","","","","","","","",
"Tanzania","TZA","Exports of goods and services (constant 2015 US$)","NE.EXP.GNFS.KD","","","","","","","","","","","","","","","","","","","","","","","","","","","","","","","886684126.310368","793365218.456619","975293599.498238","1267083993.76562","1413551418.64728","1927308972.55234","1947451390.75865","1714068286.7372","1825189201.17937","2077834602.65748","2522800938.98755","3031964717.10206","3283372403.42368","4047725045.13403","4357334759.39893","4922375965.41936","4417987946.22577","5024065498.2056","5435131351.29503","5682858820.31054","6042342843.60879","6619034527.6759","7630002817.78924","7374714572.28855","8002208054.37008","8110109048.57517","8109780390.08589","8115467906.6538","7643916188.93534","9095498497.39198","8313120376.45536","8745402636.05275","9637433704.92169","10909574953.9561","12693386654.0256","12055940008.3015",
"Uganda","UGA","Exports of goods and services (constant 2015 US$)","NE.EXP.GNFS.KD","","","","","","","","","","","","","","","","","","","","","","","287024009.047623","265921485.035042","296880511.092068","286602886.196257","291407768.493534","287038850.381937","297956507.831314","315391366.830487","331119472.140243","312836801.85978","361254803.996902","345220596.05204","454128171.643477","584154967.659211","743157616.102575","962356721.70408","818913358.361136","1034014600.37214","810603346.176524","1046165125.06231","1220726846.12163","1261030870.24916","1559821266.75558","1790396792.35207","1929395031.35321","2163596057.95062","3990541820.52093","3648755389.23297","3321796132.83255","3504136308.58262","3994263417.49553","4271742648.05676","4271840294.06929","4170603009.20654","4292937649.91772","5703367875.30518","6240621371.7363","6510059686.3272","6433890724.17701","6449054725.80651","5180305118.55964","5194464511.48695","7638905406.47319","9441969744.84476",
"Ukraine","UKR","Exports of goods and services (constant 2015 US$)","NE.EXP.GNFS.KD","","","","","","","","","","","","","","","","","","","","","","","","","","","","","","","124825565123.916","103355567943.105","54468384299.5444","48585798783.0729","53638721900.1023","54228747835.5947","63393406173.6419","59970162276.8033","60689804181.5905","59354628542.4678","72115873641.1211","70602900936.0416","75813096493.3133","83862949168.3558","102915363837.687","90376243283.4788","85171844251.8192","87690373942.6277","92694053343.9198","72327266873.8225","73999024352.6644","76314715683.0542","72125108102.0641","66772477962.8646","55139414062.0346","47880176690.9298","47009942641.7881","48854716899.8499","48193156405.5613","51711157985.4537","48706714938.9615","44534613025.2239","25809638139.2821","24274243957.4443","26774987611.5658","23342504341.0496",
"Upper middle income","UMC","Exports of goods and services (constant 2015 US$)","NE.EXP.GNFS.KD","","","","","","","","","","","","","","","","","","","","","","","","","","","","","","","","","","","","","","","","","","","","","","","","","","","","","","","","4947349138272.6","","","","","","","","","","",
"Uruguay","URY","Exports of goods and services (constant 2015 US$)","NE.EXP.GNFS.KD","895474417.238876","1100449397.02688","944733146.166917","986064640.275256","1024050255.18572","1310856509.14896","1162235700.03914","1084582401.22477","1241968616.64801","1240304925.05499","1274534704.44292","1212872681.14812","1191157817.88507","1187395893.902","1432976246.41559","1706541331.04687","2065730530.6125","2213581571.16868","2309640984.43342","2461247741.92841","2550211640.9521","2707666140.70401","2422827698.23973","2446913391.50066","2307387266.19564","2345756950.67045","2728152245.56931","2497153209.00483","2674580460.8888","2875279420.99103","3269232476.96098","3358206413.63455","3664487080.42564","3980607466.74157","4583433218.95816","4498311870.37012","4960830559.06216","5606815693.42601","5651164618.93902","5481063288.7255","5919093347.04028","5612572692.96786","5237407981.37236","5971730091.13016","7371987644.31557","8551115991.97061","9031320373.25507","9463065677.73108","10270387094.2392","10727839735.0208","11498038605.4284","12165367212.1698","12608407001.52","12600668230.232","13043555098.9486","12965298328.9609","12934056745.4532","13613823337.4905","13467668235.596","14169176670.3664","12141437296.3822","13920686042.2734","15229958042.7793","15470181854.4374","16842850379.6799","17163543751.0924",
"United States","USA","Exports of goods and services (constant 2015 US$)","NE.EXP.GNFS.KD","","","","","","","","","","","191711015375.949","195033816456.698","210235558257.114","249799867759.925","269640204482.241","267913659652.74","279612585766.991","286332779944.584","316556248940","347904556810.434","385364392569.33","390060671586.964","360193252768.095","350860368345.703","379465699376.652","392180063734.098","422230480442.313","468374751925.886","544308867920.086","607321751428.916","660900305968.535","704612896571.296","753424559111.471","778020847472.514","846767328963.609","933800654634.719","1010152482943.7","1130457581856.96","1156861967398.24","1214470450570.63","1315435474169.24","1242006637305.15","1217741535115.29","1243393044128.12","1363304300965.17","1458019553003.83","1596179861129.46","1736026931676","1836538438593.74","1683875560134.72","1896869012642.75","2033029274855.21","2114719863319.9","2178380200767.87","2263387622753.66","2270622000000","2281386046455.01","2375250956452.68","2443042667080.24","2456083244807.8","2146057230829.61","2284655142474.31","2458595486256.13","2527198752266.46","2619252580808.17","",
"Uzbekistan","UZB","Exports of goods and services (constant 2015 US$)","NE.EXP.GNFS.KD","","","","","","","","","","","","","","","","","","","","","","","","","","","","","","","","","","","","3113240254.90835","3222612549.17031","3326858309.41473","2813686034.37252","2585887609.76514","2823198496.07718","2670999109.18222","2490762992.98968","3149959899.76748","4036120803.03869","4519253725.95151","5278581807.6146","7385508626.7945","10144956942.2644","9625985403.35577","10399473773.2692","11926968897.9974","11317072189.1877","12517891000.4228","11621024079.0073","11872252204.8396","12382086071.3389","14126449519.7304","15562350432.4856","18116943635.1424","14474121620.6468","16419423445.5135","19543449809.9883","22919909941.5175","21561860170.8262","22104243132.3171",
"St. Vincent and the Grenadines","VCT","Exports of goods and services (constant 2015 US$)","NE.EXP.GNFS.KD","","","","","","","","","","","","","","","","","","","","","","","","","","","","","","","","","","","","","","","","","","","","","","","","","","","","","","","","","","","","","","","","","","",
"Venezuela, RB","VEN","Exports of goods and services (constant 2015 US$)","NE.EXP.GNFS.KD","","","","","","","","","","","","","","45998527850.7658","94331415805.1886","75345540383.6935","74647889920.2686","70013540997.7471","66475494841.5442","71807485651.4641","60047204838.6502","56132358333.945","53402076470.4848","48471191260.5669","58271858332.6205","56234375656.7509","62913425293.9667","62786985864.2104","65711303550.402","65426084782.023","74781858325.1832","77953005106.8159","76369041511.758","85550880860.7883","92450100365.3698","98265005370.8969","105962434062.609","85067591200.1951","88079017021.1173","78400188544.1468","82968896932.4901","80024001904.2187","76854676809.2715","68874281378.4037","78300190962.1017","81251720114.9964","78800199406.5223","72849541256.5608","72133144252.2399","62264211775.082","54246454375.9339","56777038054.3829","57682228819.2782","54123408739.2601","51602341870.5386","51045259321.4403","45027728751.0266","45027728751.0266","40186037487.4754","35551847278.0763","14392764961.3084","8991712346.59518","11827560086.6752","13764236592.0957","15631746079.4655","16323416259.9728",
"British Virgin Islands","VGB","Exports of goods and services (constant 2015 US$)","NE.EXP.GNFS.KD","","","","","","","","","","","","","","","","","","","","","","","","","","","","","","","","","","","","","","","","","","","","","","","","","","","","","","","","","","","","","","","","","","",
"Virgin Islands (U.S.)","VIR","Exports of goods and services (constant 2015 US$)","NE.EXP.GNFS.KD","","","","","","","","","","","","","","","","","","","","","","","","","","","","","","","","","","","","","","","","","","","12903732428.5022","15045237518.1774","16024697043.1411","16152581192.4382","15314311682.0165","15370492001.9389","15595213281.6287","14042123121.6675","13467014057.1983","11214626757.1498","2423145904.02327","2026187590.88706","2386185167.23219","1525000000","1836948618.51672","2315959767.32913","1844340765.87494","2058713039.26321","1695019389.23897","3299854580.70771","2674478914.20262","","","",
"Viet Nam","VNM","Exports of goods and services (constant 2015 US$)","NE.EXP.GNFS.KD","","","","","","","","","","","","","","","","","","","","","","","","","","","","","","3815984396.59865","4309214638.26958","5595827452.46408","6976416531.00003","7613139520.22569","8831241843.3884","10597490212.1884","13140887862.9179","15243429921.205","18139681606.393","22311808375.637","27019838175.7779","31661977788.737","34944662217.3084","41915963631.8777","52654707583.4782","62014575566.2926","68960199609.2355","77580253781.692","88208724120.3777","83723259399.0065","90797883997.1247","100416953094.071","115521097963.379","136105245374.715","153227605903.689","174473996313.379","193673056479.851","227088468559.141","254914391799.69","270810924567.668","281812958435.958","323537430922.316","337195888156.517","327193887499.876","378376887242.5","439956440654.76",
"Vanuatu","VUT","Exports of goods and services (constant 2015 US$)","NE.EXP.GNFS.KD","","","","","","","","","","","","","","","","","","","","","","","","","","","","","","","","","","","","","","","","","","","138089144.904281","152830891.654101","175018438.064724","187437469.951802","187905759.238645","198788802.264878","215900092.806123","246844648.880713","249373411.029665","274567374.661822","270446428.937603","280973572.105835","279576219.735083","297341477.983771","352102584.405107","358522852.054505","378183977.57378","348303296.607875","117060362.388672","67782919.8655276","153399077.284266","273548721.400707","296140510.27053","",
"World","WLD","Exports of goods and services (constant 2015 US$)","NE.EXP.GNFS.KD","","","","","","","","","","","2226373364886.39","2352620069994.2","2556766306135.23","2831365157678.83","3037257828237","2940774454783.77","3204513952555.82","3357629381003.17","3509533312328","3730731127186.59","3836340983438.12","3991824222416.76","3983342446025.79","4145002193841.16","4544336650436.23","4707960497271.39","4813585660039.91","5107136185745.64","5529403419686.75","5883005218891.67","6193130784655.79","6374303304382.28","6588553611248.98","6823340507013.83","7430857968425.49","8100599240170.85","8621550589635.36","9438380889231.54","9863782640283.67","10388986371264.9","11612978068337.8","11690280536255.4","12012217062944.9","12523867240663.5","13802686876659","14764748224361.2","16018541943761.5","17084975736096.8","17592407968587.3","15904200509424.2","17788386792750.7","18769930314533.3","19284762289196.4","19892234869732.9","20582558728239.2","21272611247725.1","21815728002378.8","22943658520604","23890905014631","24196447508134.1","22136115503947.6","24346143273750.9","26060792892351.4","26259255591093.7","27011666254118.9","28330585918320.3",
"Samoa","WSM","Exports of goods and services (constant 2015 US$)","NE.EXP.GNFS.KD","","","","","","","","","","","","","","","","","","","","","","","","","","","","","","","","","","","","","","","","","","","","","","","","","","217607076.805069","214012548.385775","221758259.124426","205449887.243267","232350779.45631","220997601.063208","223682247.802096","253825063.160249","273498569.941217","263457678.995402","320784938.121889","254986348.399323","109805150.811899","106566518.056484","275875165.060995","297046021.477289","289443931.802397",
"Kosovo","XKX","Exports of goods and services (constant 2015 US$)","NE.EXP.GNFS.KD","","","","","","","","","","","","","","","","","","","","","","","","","","","","","","","","","","","","","","","","","","","","","","","","","664348704.138913","794557720.42095","1012825401.5837","1298634694.84096","1325001714.75744","1305456488.44351","1387919722.5789","1413504998.98867","1560212561.2243","1872496915.80778","2042281533.25224","2196549372.336","1557518408.29496","2753054615.19778","3272930542.8636","3509701380.5652","3840772923.70506","4134533942.47684",
"Yemen, Rep.","YEM","Exports of goods and services (constant 2015 US$)","NE.EXP.GNFS.KD","","","","","","","","","","","","","","","","","","","","","","","","","","","","","","","2562995064.47592","4311129366.32694","4279135217.81376","5470207430.13371","11653406411.763","14081516700.2773","12473110386.6628","12368214485.2512","9591387965.92027","13064349550.8255","16487773167.3927","14836727521.5885","15894949389.5421","16240051405.7396","16859032817.9989","20010580582.3226","20827602117.0419","18729363601.8315","20457965514.3652","15907172486.5061","18142265828.0084","16017816493.9605","13440577998.1666","12669942032.9615","12150867050.3006","3841895932.87936","1359393561.60926","1324449763.42693","1975865580.83601","","","","","","","",
"South Africa","ZAF","Exports of goods and services (constant 2015 US$)","NE.EXP.GNFS.KD","21445881402.5897","22963053008.8544","24907730555.9695","26806841977.3032","28129828166.2968","28991271067.4708","29388347306.4224","30803171590.5794","32081611205.6593","32327009497.5178","33212137372.8501","34235689020.9949","35262926741.277","33435811367.2191","31800136463.0962","31431529249.3746","32782906036.5313","34291607519.5872","35422133686.778","36074176319.7315","36073078340.797","34142047103.2963","33239037856.7452","32797415043.88","33671876838.1344","37065023881.0419","35697177409.8677","37356772569.3492","40408761871.8973","41290125248.0256","41110997827.5703","40475660159.8344","42698126377.3754","47129783784.4197","48301328923.118","53584240449.544","57444357266.6599","60486457112.1586","62449973115.2016","63237497078.5918","68494786027.4338","70133784553.005","70827606084.3719","70905003239.0379","72914258730.8932","79160981859.8195","85068576289.9292","91728013646.3097","93149643697.9931","77292015324.6489","83257419388.7395","85762171370.9836","86716130377.1558","89953221305.497","93233173166.9634","96085897668.3633","96477456202.4046","96213845051.6442","98858055949.8694","95582979005.0742","84109109993.9611","92258210929.596","99413423129.7105","104495758648.545","101617458876.768","99124968284.0942",
"Zambia","ZMB","Exports of goods and services (constant 2015 US$)","NE.EXP.GNFS.KD","","","","","","","","","","","","","","","","","","","","","","","","","","","","","","","","","","","","","","","","","","","","","","","","","","","","","","","","7892388633.94057","","","","","","","","","","",
"Zimbabwe","ZWE","Exports of goods and services (constant 2015 US$)","NE.EXP.GNFS.KD","","","","","","","","","","","","","","","","","1418982296.45106","1346740226.92123","1399899483.18753","1165445819.96321","1623297955.28872","1826622923.47663","1874741608.10847","1904462007.97539","1868137067.75624","1997878754.16475","2413536377.48366","2363110370.00789","2506755395.27081","2537499131.08077","2536287412.16162","2425194691.08763","2296118570.34551","2819010725.73716","3083706967.80958","3098729003.2385","3350904483.7009","3535793384.00214","3511784312.9714","3383158954.18513","3121560184.98371","3223835144.83526","2676919351.44261","2129829045.16477","2086028084.60615","1932884683.10384","1760036677.59203","1587784871.13234","1253009988.11471","1900702902.09195","2770818012.6389","2912255007.22769","2816902120.44783","2482345363.99879","2578643475.60114","3827000000","4630701094.81172","4856206255.43376","2987481545.67958","3402441872.02769","1736971930.03431","2554181520.08194","3663496226.15709","3362348772.37719","3406059307.23222","",
