"Data Source","World Development Indicators",

"Last Updated Date","2026-07-13",

"Country Name","Country Code","Indicator Name","Indicator Code","1960","1961","1962","1963","1964","1965","1966","1967","1968","1969","1970","1971","1972","1973","1974","1975","1976","1977","1978","1979","1980","1981","1982","1983","1984","1985","1986","1987","1988","1989","1990","1991","1992","1993","1994","1995","1996","1997","1998","1999","2000","2001","2002","2003","2004","2005","2006","2007","2008","2009","2010","2011","2012","2013","2014","2015","2016","2017","2018","2019","2020","2021","2022","2023","2024","2025",
"Aruba","ABW","Agriculture, forestry, and fishing, value added (constant 2015 US$)","NV.AGR.TOTL.KD","","","","","","","","","","","","","","","","","","","","","","","","","","","","","","","","","","","","","","","","","","","","","","","","","","","","","","443175.996028381","424758.880137153","370949.720670391","620475.925192845","736254.690785397","384770.536246631","332282.945395923","309587.605277186","667361.034237045","834426.501546094","1042764.68152792","","",
"Africa Eastern and Southern","AFE","Agriculture, forestry, and fishing, value added (constant 2015 US$)","NV.AGR.TOTL.KD","","","","","","","","","","","","","","","","","","","","","","","48452347342.9859","47639603634.5731","46660989027.6216","45929654605.7424","49286931937.8983","52418474055.9348","52410831518.3025","57280833597.7358","55840379261.2897","56733091028.8673","55292879745.2028","58975714188.3292","58579105872.5731","60657448803.2075","67300340687.0531","69913572582.6258","70609015380.6053","73444782293.1726","73073363802.3629","77077172598.3481","77412289401.4512","78937442760.6316","80641738174.5826","84520418748.4783","89068302196.8205","91066388129.8193","94240663370.9122","96774288646.8257","101006772566.945","102412113907.532","103703991191.076","109627443013.545","115089883764.847","118258398970.597","120791610686.777","125485638285.658","128305235182.63","130395653562.792","135415338009.103","140519693638.211","144669889241.375","146828783215.255","150211419595.723","159096056750.074",
"Afghanistan","AFG","Agriculture, forestry, and fishing, value added (constant 2015 US$)","NV.AGR.TOTL.KD","","","","","","","","","","","","","","","","","","","","","","","","","","","","","","","","","","","","","","","","","","","3251434260.06993","3342419479.68623","2599187183.35852","3059194012.80851","2902892107.43922","3329630202.35891","2832971581.44005","4095427430.14251","3834338423.38109","3543223044.8745","4188967984.85391","4189188635.13075","4184969908.2431","3948217043.4989","4183994768.30679","4452233141.52337","4255653185.52791","4998682776.44351","5295721521.92899","4777766384.05654","4464150076.56738","4563471480.41964","4683698244.81767","",
"Africa Western and Central","AFW","Agriculture, forestry, and fishing, value added (constant 2015 US$)","NV.AGR.TOTL.KD","","","","","","","","","","","","","","","","","","","","","","31368243804.4701","31998967221.403","31348815587.9215","30844236140.4004","35671196791.7559","38288264669.3963","37721460898.7102","40480027140.1775","42196425577.261","43247147845.1502","45237844844.656","45058907956.7535","46764839423.4377","47966020068.2358","49735599430.9613","51659030049.7413","53231186554.9809","55898622188.1322","59001515388.321","59699460542.5131","61687582886.2278","83077977234.1118","88966595786.7939","93132024149.8229","98667521223.2879","103916380419.144","109742050569.951","117057799032.518","122859548946.296","130136972651.166","132495084524.925","140635316918.207","144666822186.998","151436002175.306","156997043735.207","164176187142.436","171627429471.397","177437737235.605","181795516225.664","187186608460.931","194633793172.944","201818205972.409","206167197586.969","212548949928.161","220682134188.259",
"Angola","AGO","Agriculture, forestry, and fishing, value added (constant 2015 US$)","NV.AGR.TOTL.KD","","","","","","","","","","","","","","","","","","","","","","","","","","","","","","","","","","","","","","","","","","","5701223554.43051","6175893097.45563","6756616788.61241","7051818701.77238","8050044888.32757","8498681936.42316","8980158242.66753","9456922343.57","10478138777.7239","11272115284.8654","11985985362.7656","12534251856.625","13505023489.7041","14011251327.8833","14354634532.2206","14342958154.5157","14242104307.7685","14156490715.7008","14762000628.4303","16090785670.997","16710322936.0247","17156939167.5301","18158834826.8023","18748637467.2923",
"Albania","ALB","Agriculture, forestry, and fishing, value added (constant 2015 US$)","NV.AGR.TOTL.KD","","","","","","","","","","","","","","","","","","","","","","","","","","","","","","","","","","","","1241174685.29241","1278415072.72808","1059650409.07279","1114635397.96385","1174771867.21917","1253435414.09653","1287186512.18768","1313541707.68079","1352214312.90834","1437513014.34857","1450732800.8592","1495966941.96088","1546962581.01218","1656355555.78312","1677837142.71953","1799563663.64442","1885481672.75603","2005532096.59817","2108958321.75437","2140802982.34657","2150331496.48615","2233384501.20317","2171325107.76555","2201712408.83368","2251226723.98616","2291628576.62619","2253076760.91302","2144344149.00308","2114791958.60161","2072577426.58615","2032212520.15829",
"Andorra","AND","Agriculture, forestry, and fishing, value added (constant 2015 US$)","NV.AGR.TOTL.KD","","","","","","","","","","","","","","","","","","","","","","","","","","","","","","","","","","","","","","","","","11589572.4748687","10711915.5301699","9777998.52491346","11533312.414311","12343457.2863407","11938384.8503259","11623328.5112032","12320953.2621177","12838545.8192477","12512237.4680135","13659942.7033889","14368819.4664148","16731742.0098347","15719060.9197976","14796395.9266527","14323811.4179687","15100200.2536638","16247905.4890392","16124133.3558124","15730312.9319091","14953924.096214","15392752.5685634","15460264.6412326","15572784.7623478","16585465.8523849","16979286.2762882",
"Arab World","ARB","Agriculture, forestry, and fishing, value added (constant 2015 US$)","NV.AGR.TOTL.KD","","","","","","","","","36142321701.1209","36464003960.774","38628803458.5272","40234276394.6313","41498514307.8291","40111577589.9737","42933246841.0246","42418257005.5364","46855542367.887","49513510894.6183","48469336462.5734","47193051765.0273","48662425343.1702","50114102985.3452","54598821148.8677","54117511472.0336","56260269791.9256","59471826487.3831","64469926272.3856","66203243278.4206","68943830586.8222","75478707516.8699","75110564657.5175","77073388265.1095","81397067097.9381","81770798968.8063","86655681246.8261","85024692272.5736","92247476302.9932","93624180776.167","100517484659.823","102034676909.59","100064651472.215","104720880113.608","108711853018.937","110647070757.197","112614207320.95","116515114027.749","123439029800.499","116977083044.839","118413310599.382","126243154395.364","129868337256.674","136642170977.841","138162318782.467","146008887462.661","145296230411.886","145046776699.256","146159833760.271","149675166727.114","154599771013.646","161616912411.506","164781733365.73","165913430475.433","165563072214.43","168230065976.53","173667381566.161","177142346375.101",
"United Arab Emirates","ARE","Agriculture, forestry, and fishing, value added (constant 2015 US$)","NV.AGR.TOTL.KD","","","","","","","","","","","","","","","","158989673.935377","207942897.790139","243899690.533017","281156126.387083","317112919.129961","358268284.317594","441878657.804044","467438305.657417","535452961.809607","606500118.55457","660651914.854086","767549064.965891","745986120.522739","776724786.005532","878575289.545539","950604699.706712","1163940213.87835","1277260368.7179","1404344105.11691","1847473092.75977","1984600570.52786","2218731408.77498","2637609556.29808","2747399723.38572","3239030391.26808","3850592486.65183","3764191439.36648","3885032498.80997","3763951398.82942","3689769731.06753","3541677656.89574","3235608555.82537","3175997515.45808","2830076967.58743","2818456105.13327","2513784267.33159","2645588652.03675","2726430602.96625","2736963354.67303","2744070879.90498","2736011218.07085","2814023793.189","2966870095.83707","3103893966.09261","3416326956.73281","3309119223.69601","4066942040.34676","3840277269.15366","3884541418.23905","3954601764.34304","",
"Argentina","ARG","Agriculture, forestry, and fishing, value added (constant 2015 US$)","NV.AGR.TOTL.KD","","","","","","12080720590.1236","12191559155.5791","12501897650.2677","11969896101.632","12501897650.2677","11340359482.141","11518813203.9382","11740460694.071","12998419992.257","13353068427.7434","12986231182.7123","13599135075.3286","13931621874.0639","14319534275.893","14729623081.7406","13844883571.4038","14328638161.1048","15400165410.87","15712405692.4215","15768704846.0231","15501406603.612","15529112670.1102","15105479666.2067","16293702876.2297","14954732771.8546","16222970488.1247","16887000663.6849","16918748008.076","17329141372.9616","18590284980.8369","19622510244.661","19447851985.3836","19566272810.0938","21189505888.6169","21692618814.0072","21309553905.1102","21627306251.685","21054073058.3352","22479521818.3386","22565691393.7466","26805441683.8882","26664565467.9468","28941074857.2303","28308474667.7607","20919550472.0058","29187788960.0483","28478968410.7691","24812257628.4822","27659866055.0582","28518498329.828","30669352557.5967","29222696570.8725","30229437340.2712","25821525209.2828","31356470763.9599","29000518281.8022","29541085598.7158","28334814893.8508","21716725482.5526","28406248462.9418","29864467117.726",
"Armenia","ARM","Agriculture, forestry, and fishing, value added (constant 2015 US$)","NV.AGR.TOTL.KD","","","","","","","","","","","","","","","","","","","","","","","","","","","","","","","718842879.311973","704466045.165839","643177490.16443","605873210.279876","624655253.729882","649641481.089983","662599803.235749","632785861.39631","714157289.261322","724155526.816388","716189816.080482","803114714.276773","834187361.138464","869334201.895627","995717531.695708","1108016049.86084","1113374390.62711","1228052042.12764","1264893603.53317","1339807607.92757","1126700802.55571","1284438914.95399","1406460611.98412","1513351618.49492","1605666067.31512","1817613988.15802","1726733288.76852","1638669890.99201","1525601668.43369","1437116771.6719","1383943451.19954","1372871903.49866","1334431490.16536","1329093764.20691","1349030170.82644","1420528769.88025",
"American Samoa","ASM","Agriculture, forestry, and fishing, value added (constant 2015 US$)","NV.AGR.TOTL.KD","","","","","","","","","","","","","","","","","","","","","","","","","","","","","","","","","","","","","","","","","","","","","","","","","","","","","","","","","","","","","","","","","","",
"Antigua and Barbuda","ATG","Agriculture, forestry, and fishing, value added (constant 2015 US$)","NV.AGR.TOTL.KD","","","","","","","","","","","","","","","","","","14609499.6540001","15902644.6430183","11580906.8207119","12293318.2898577","13218440.2924452","14639886.8730632","13762033.8779071","11094711.3157024","11989446.0992268","12529663.3270151","14285369.3173271","14636510.5153895","15136211.4510937","16074838.8843758","16557658.0317116","17162026.0552998","17550307.1877727","16412474.6517435","15608901.5254084","15730450.4016608","16331442.0675753","16743357.7037639","17185660.5590155","17641468.8449619","16706217.7693534","15588643.3793664","17378112.9464151","17847426.6630562","17276822.2162048","18711774.2275175","18228955.0801817","18772548.6656437","18546332.7015074","20562018.2326925","21791012.4259109","20511372.8675873","20774728.7661341","20693696.1819659","20781481.4814815","21335204.1399645","24390807.8346421","24640658.3024942","24806099.8285044","25204510.0339983","25359822.4869874","26224170.0514487","30674209.4653549","23104415.5609712","22432520.3839095",
"Australia","AUS","Agriculture, forestry, and fishing, value added (constant 2015 US$)","NV.AGR.TOTL.KD","","","","","","","","","","","","","","","","12622413730.142","13666266562.73","14031480537.0183","13572104580.409","16518702041.471","14487493565.6875","12701106243.9389","14778723125.2949","11547621960.5055","16547623221.7554","16579907329.9797","15421714947.4303","15587171002.0803","15250878208.0764","15923463796.0842","17228279836.8192","18183351371.7903","17218863638.5871","18124163840.0456","18874769356.2623","16109097418.3743","19502964295.4615","21085558184.0438","21240252869.2856","23358224885.9221","24947544630.3845","25947679399.7521","26770251573.8856","21000139814.3669","26347195239.0287","27483192297.1738","28290295002.7832","24000544122.4695","25973237652.0964","30552200335.2533","30328901920.0347","31353922356.1586","31641788987.8259","31378135437.3269","31717791159.2708","32246443431.4449","29934766765.4622","32765679505.3869","31845582420.9923","28497451363.8895","25723708398.9455","31218060067.381","36538212068.5225","38227074480.01","36693579339.3523","39957637197.954",
"Austria","AUT","Agriculture, forestry, and fishing, value added (constant 2015 US$)","NV.AGR.TOTL.KD","","","","","","","","","","","","","","","","","3444244938.71044","3367913541.07057","3413404399.28624","3523034948.2073","3443632465.36663","3312742988.47822","3536616163.17265","3414436449.56486","3422980561.69199","3308341244.99844","3376411881.16845","3341264411.75363","3443225966.15446","3425956833.40363","3687114595.35487","3577045942.72525","3502824417.67188","3438710882.41177","3706985105.10156","3717073478.31085","3655817425.44836","3790846001.55346","3950826872.4625","4188943866.73621","3957380991.12737","3986587905.03134","3916367073.29669","3751125688.45428","4130215083.77459","4072483477.16454","4010294546.75348","4453861473.94748","4786641563.57669","4450204070.84817","4182944461.47347","4824981087.12676","4506961387.12127","4196085393.10982","4531376405.4866","4340597497.75195","4567172311.98249","4519756848.91778","4648491771.00066","4581193810.27684","4440599573.37669","4700974851.58976","4859556406.17593","4622938990.76534","4725313583.23967","4799439204.99365",
"Azerbaijan","AZE","Agriculture, forestry, and fishing, value added (constant 2015 US$)","NV.AGR.TOTL.KD","","","","","","","","","","","","","","","","","","","","","","","","","","","","","","","","","1886052156.45094","1578625697.33712","1376561566.72414","1280202174.34578","1318608305.74229","1227624291.29224","1303737054.00711","1396302232.24597","1669800766.4937","1867531015.45199","1987041110.38697","2098575498.40083","2203310489.26138","2368540761.19267","2389838191.74209","2485394285.92252","2637225709.32774","2729263832.97033","2669627677.77152","2823986854.19338","3010682039.69604","3157861363.70484","3076168314.82122","3278858128.92118","3364292252.26943","3505705818.17033","3666764729.00897","3935787744.72541","4051260671.75447","4184873870.98441","4327014230.49296","4457634032.55137","4521960240.39931","4556107489.01604",
"Burundi","BDI","Agriculture, forestry, and fishing, value added (constant 2015 US$)","NV.AGR.TOTL.KD","","","","","","568481135.344168","593821992.463581","569694041.624887","542094740.553907","540569825.914944","755372023.006344","900765810.758973","811103725.42308","908617674.560207","872251147.661447","912467154.112588","945709465.823475","984446015.761173","958094747.678267","972267361.71884","984693969.415778","1123607903.28848","1038359391.99186","1083962190.05649","1044775191.14697","1181938986.01131","1230734186.65336","1294706213.56722","1315249168.65856","1286670450.8362","1358289779.78519","1387217698.88898","1430776334.61371","1368108331.32792","1234991390.60171","1151382473.26618","1168768348.64745","1207688334.68834","1230996719.642","1218194353.68434","1155108330.66396","1115338664.84131","1162566435.75444","1121715872.40306","1119031176.52216","1045618177.16735","1078964741.53051","980647459.929429","983136800.026425","976312830.279682","986374001.446177","970834163.478976","1001608762.83979","1082998531.7813","1051651913.84501","990649310.65106","1017250442.99417","992824123.580164","1133867931.83999","1165816228.5742","1015682194.11347","1049952774.19086","1071732021.08055","1077002305.96324","1105121198.70899","1124221690.02476",
"Belgium","BEL","Agriculture, forestry, and fishing, value added (constant 2015 US$)","NV.AGR.TOTL.KD","","","","","","","","","","","","","","","","","","","","","","","","","","","","","","","","","","","","2036307232.93951","2036307232.93951","2094564425.63221","2162020122.43427","2176607649.15318","2320903375.23253","2155794872.17844","2379532224.65691","2301205568.45286","2466592814.05572","2399508773.98535","2612282252.87892","2605220774.97678","2621109100.2566","2749609415.23905","2983474413.65613","2998898168.02134","3057619931.62865","2795230279.05422","3007260444.48441","3460681657.14844","3206003881.75661","3361635138.15256","3054832506.14096","3193274638.69617","3071464144.88417","3042567833.99513","2948631595.06002","3195783321.63509","3298174751.21618","3293064471.15542",
"Benin","BEN","Agriculture, forestry, and fishing, value added (constant 2015 US$)","NV.AGR.TOTL.KD","","","","","","","","","","","510360611.50468","491730389.187935","508545398.809074","579140581.551889","495820459.323861","469007348.582605","521724818.882051","519451960.674838","573989808.774047","601253651.073731","619888871.78616","575352499.080625","586259060.303641","586259060.303641","698121159.165561","763204558.970008","802356315.943532","741340618.365098","846592700.877173","912970104.475165","936032676.335846","1011778571.91182","1018546721.82078","1121694245.29891","1158516522.79045","1225326497.17631","1293988547.22932","1372701957.93724","1444726895.94853","1531161690.5794","1601136412.22302","1741088628.62859","1793971498.1756","1825796347.31788","1955758412.61517","1983660167.69851","2123859428.60691","2251961698.32891","2299153111.31073","2478081310.56297","2457417139.26642","2480809167.95391","2615875355.70042","2775692887.25407","3004889696.04252","3005573140.73985","3275058674.49869","3522787800.45384","3780975346.16103","3976057778.54551","4045771178.90519","4256049229.59424","4461346094.67758","4687830111.23708","4964719084.43192","5248204679.4683",
"Burkina Faso","BFA","Agriculture, forestry, and fishing, value added (constant 2015 US$)","NV.AGR.TOTL.KD","","","","","","","","","","","667454525.079441","675172735.181569","673185829.58756","635455460.405995","730774811.444952","724813994.631074","752620379.443168","708932791.126876","748642920.543159","700425555.212881","717741396.196122","775689062.279008","797323057.298504","799636317.006704","791139824.452526","848115574.76997","954577077.752612","857630255.02584","1011450589.42998","997632795.824686","932501448.169924","1124753380.3027","1153537777.08911","1266758117.15755","1273420512.39318","1354453800.91244","1524236140.19897","1464787576.31078","1707244728.9431","1731228511.65235","1641491127.76858","1774930537.65658","1759204948.10642","1922161940.71316","1822732872.58264","2045306189.79735","2078977826.48408","1972074162.84919","2290227507.47398","2053688420.42094","2352844607.44889","2299695645.73805","2495586064.50307","2650510788.10014","2767222742.77462","2679569780.7725","2791140644.8524","2785384046.47738","3023793047.13961","3007313757.3472","3038794267.2271","2807758164.9949","3073249406.00211","3122888520.38242","3453218992.46317","3855239496.29292",
"Bangladesh","BGD","Agriculture, forestry, and fishing, value added (constant 2015 US$)","NV.AGR.TOTL.KD","7203095148.77176","7578242188.29928","7975810201.98363","7707448998.88756","8442610461.20637","8352574564.00101","8568947540.33594","8338140055.68335","9194523083.6621","9283931282.14005","9787377457.60815","9346152868.33773","8345497080.26751","8368269585.76159","8907036223.39218","8500561429.59424","9213576955.3551","8876522006.03214","9571928282.87313","9508293428.08994","9363938032.12934","9673311745.43905","9772341035.24416","10152460030.7211","10650448220.7286","10670729956.7374","11025535080.9392","11036013022.3899","10987891107.5401","10968439544.7255","11978816414.4962","12233863771.7868","12518099382.3227","12817166382.82","12911629974.6694","12863534281.2146","13245270116.8386","13843767203.1176","14388576082.995","14947074658.4129","16051703248.6244","16494397478.1264","16474785451.6394","17131116376.5129","17983134778.5954","18771237564.1121","19813551410.457","21139572600.936","22089557062.388","22855200652.9924","24261240511.5253","25342410911.2104","26106299958.6187","26749790892.4093","27919256989.5568","28848516252.0393","29652313214.8296","30600003288.1666","31684632614.4605","32717734674.593","33836991342.1986","34911170934.6714","35977340832.6925","37190295012.0826","38419027118.3237","39348466868.3966",
"Bulgaria","BGR","Agriculture, forestry, and fishing, value added (constant 2015 US$)","NV.AGR.TOTL.KD","","","","","","","","","","","","","","","","","","","","","4268501904.40038","4459314935.06885","4717625612.85395","3946928994.01852","4407956400.02166","3499142494.78218","4270552365.36002","3645550919.2924","3924280219.60141","3729054288.27624","3591115590.40738","3867527649.35232","3296782943.63452","2300499240.09249","2518372843.4364","2869046805.7648","2762587871.48353","4083669907.87293","3299859492.79371","3149052598.15279","2803421541.11596","2820950511.59472","2967961095.85489","2920140027.13589","3027748866.87439","2771583744.75749","2747998667.40469","2004137178.23857","2641346009.33026","2406972306.53911","2145503749.32807","2267984779.36637","2017580961.01083","2090820928.91765","2237880031.2113","2062203600.84236","2216208145.9122","2403651179.25056","2360420250.66672","2407338359.39971","2342990082.68841","3047141526.59492","2826982526.79211","2393746519.88076","2567589220.30366","2603558487.80109",
"Bahrain","BHR","Agriculture, forestry, and fishing, value added (constant 2015 US$)","NV.AGR.TOTL.KD","","","","","","","","","","","","","","","","","","","","","","","","","","","","","","","","","","","","","","","","","","","","","","","86172947.212167","84340119.5343629","86593596.1874007","94555880.3614678","86473410.7659054","87855543.1131019","89688370.790906","91010410.4273549","101346356.675955","98191489.3617021","105012012.031563","104110621.370348","108016647.568947","106934978.775489","107115256.907732","114867216.594182","119915004.296987","125533672.751895","128885644.1574","133612837.248366",
"Bahamas, The","BHS","Agriculture, forestry, and fishing, value added (constant 2015 US$)","NV.AGR.TOTL.KD","","","","","","","","","","","","","","","","","","","","","","","","","","","","","","126755152.791751","124504957.248491","154624066.39839","133556582.49497","147419089.034205","148953866.197183","145347931.086519","157933511.569417","144555835.01006","130673038.229376","122712273.641851","133779678.068411","138730885.311871","155234909.45674","170282696.177062","158438631.790744","143682092.555332","129896378.269618","121644366.197183","125818913.480885","129993460.764588","131546780.684105","121450201.207243","125236418.511066","101936619.71831","95820422.5352113","96500000","101354124.748491","96208752.5150905","84267605.6338028","65627766.5995976","76501006.0362173","51744969.8189135","51550804.8289738","68831488.9336016","83296780.6841046","",
"Bosnia and Herzegovina","BIH","Agriculture, forestry, and fishing, value added (constant 2015 US$)","NV.AGR.TOTL.KD","","","","","","","","","","","","","","","","","","","","","","","","","","","","","","","","","","","","","","","","","800732041.826223","822156749.150186","897452092.797147","832462364.762107","931060339.523001","976413722.228339","1032255658.61256","1054341001.74934","1099105701.14635","1078709752.65199","1035937986.09533","1034095228.63471","916792946.904716","1061236371.71645","926906323.399708","990423716.126866","1066825936.9725","981028924.121139","1070349728.58117","1047536656.66444","1116874886.82256","1026683963.91319","1042593932.40553","1023622298.62964","1041915723.55254","1046326667.39603",
"Belarus","BLR","Agriculture, forestry, and fishing, value added (constant 2015 US$)","NV.AGR.TOTL.KD","","","","","","","","","","","","","","","","","","","","","","","","","","","","","","","2841356094.96405","2737699417.14033","2514015435.0123","2553843158.89798","2147748163.39473","2095373994.38275","2126978424.1045","2010931244.19924","1980953446.04471","1838937762.22836","2003538394.25313","2032007447.00398","2090759065.03792","2249062028.8185","2546990645.85398","2609584679.32898","2764656230.43884","2897505606.74047","3146880771.65645","3155798621.92828","3228702706.83249","3467354965.55492","3678145806.84415","3545858643.22756","3634905967.20587","3547170379.98894","3686822162.65122","3849025548.14448","3716409159.05869","3825029181.51105","4006861676.64081","3843009555.92466","3944806258.36278","3944451789.65796","4076590565.77255","4109203290.29873",
"Belize","BLZ","Agriculture, forestry, and fishing, value added (constant 2015 US$)","NV.AGR.TOTL.KD","","","","","","","","","","","34628243.5190567","36812008.2321897","38059916.9823255","40009672.6832579","43441345.6260475","44923143.1576874","40555613.7314214","54048177.300641","57011832.2190295","56075975.735553","56732233.3922665","58085479.326394","60791971.1946489","58397766.8496542","59230533.578348","59698964.8632383","56784281.3128099","66725434.1365924","66777482.0571358","70941315.7006048","78898326.8242183","82411844.6216335","92975854.9105584","97690199.4096147","101332669.033001","101214676.397129","108686311.534891","115903692.580798","118334070.23057","131277190.967532","146513647.179476","144560028.481881","143646171.092981","199793854.289625","219123723.308542","226301756.126519","210390186.337207","184835177.829621","187204399.172755","192011284.874537","205751831.802144","188627857.751695","216238082.497777","213299092.568455","226578546.967968","210841650","188448292.42582","211743692.510937","206688225.94064","200467510.525217","200605801.850101","238919733.503846","239044128.033945","224090135.88679","232098280.989513","253207933.257474",
"Bermuda","BMU","Agriculture, forestry, and fishing, value added (constant 2015 US$)","NV.AGR.TOTL.KD","","","","","","","","","","","","","","","","","","","","","","","","","","","","","","","","","","","","","","","","","","","","","","","","","","","21884832.9970079","22882044.3949621","20558383.5502053","22398739.8232552","14846314.4527173","15165000","21988247.5123513","20903450.3514021","18018396.4233526","18247385.7073273","18484816.9925545","23063547.4218913","17000080.0222671","15123845.243894","15100629.7404495","",
"Bolivia","BOL","Agriculture, forestry, and fishing, value added (constant 2015 US$)","NV.AGR.TOTL.KD","786265049.756599","824707898.334476","816729193.458486","862676664.215333","880229630.39909","929274683.266334","963348088.486592","934953583.913499","991742592.39105","898815124.398735","938051166.023894","972724510.550872","1038578920.56452","1122268899.60862","1169913567.43155","1284659887.35268","1348892881.45286","1371904507.7419","1340162183.51777","1388305748.44197","1407076586.22307","1359442040.87444","1435673214.65655","1231745522.5304","1401077998.19312","1495360022.27734","1448105765.43015","1478161483.77606","1538992794.94745","1515494756.32098","1585386621.4204","1741703929.63317","1667940786.76591","1737052701.27135","1852954928.08431","1878965393.07826","2004936536.99454","2096256702.94799","2003409695.46751","2053637205.74247","2125008901.72919","2198552945.98467","2208387235.50042","2400800695.22855","2406750693.86648","2526675033.14117","2634298145.80526","2620974238.40976","2689512196.42959","2788538397.30261","2755687195.31337","2839897506.65945","2957737315.63945","3096310892.89089","3214591807.89169","3379053357.45297","3484934408.37459","3749740659.65681","3859932086.38651","3982264247.9929","4169398194.54405","4308502311.78884","4382524075.97334","4677770736.55399","4495636843.17753","",
"Brazil","BRA","Agriculture, forestry, and fishing, value added (constant 2015 US$)","NV.AGR.TOTL.KD","10950017646.2063","11782218987.6452","11841130082.2921","11959541383.1192","12115015421.1159","13580932287.2514","13350056438.1975","14111009655.5358","14308563790.6051","15167077617.9257","16016433964.5548","17642771178.5681","18342735890.6445","18356584869.5058","18595146007.3794","19830416535.4222","20314104191.221","22774728619.5777","22164666811.1103","23207144810.6779","25423427140.0977","27449674283.1634","27389284999.7405","27263294288.7417","27980318928.5356","30660833481.8893","28201834636.6417","32423649281.747","32696007935.7137","33627844161.8815","32376888359.0595","32820451735.0281","34425371798.9573","34401274061.2449","36276101163.9671","37754735825.1444","38869697775.3826","39185719267.4298","40521516600.3105","43165641905.6122","44341217550.9974","46647111731.9733","50388289787.3847","54573713571.4555","55662526628.7917","56285980604.4965","58897325225.2254","60809721974.2916","64319031049.0056","61920780314.2585","66067579358.5429","69792896518.6395","67641710406.9858","73297534116.6358","75343117647.8389","77840238251.5396","73773694717.9007","84214432954.3025","85315162565.2255","85669251982.349","89245582231.7008","89248662331.2334","88244091716.668","102627223965.533","98787036042.2773","110348492666.058",
"Barbados","BRB","Agriculture, forestry, and fishing, value added (constant 2015 US$)","NV.AGR.TOTL.KD","","","","","","","","","","","","","","","","139963817.903368","150058632.977166","153037396.826911","152948604.031387","165546510.932906","174588505.093438","144604262.169824","141010296.351821","146506949.401986","160248582.455368","159402943.590414","166590875.226421","147986817.629639","139319018.621913","126845843.437995","135936462.306165","131285395.241433","118600837.503791","113104209.311833","112892806.763383","112469961.18342","132342529.43287","131496838.272945","113949859.988697","124731713.824162","129382772.305379","117121019.664638","112258558.63497","107818983.668326","99996765.5111673","108030426.699838","102011405.079079","103389165.119564","91055352.6289106","101690333.916352","108911014.258991","100946417.173662","101872548.177282","104280440.207018","101594712.924502","92905550","94339419.5640684","96432879.6532042","123655795.492073","126488233.390365","146686892.702198","104624505.748818","85787777.6003258","96639586.1664918","92533267.7641613","",
"Brunei Darussalam","BRN","Agriculture, forestry, and fishing, value added (constant 2015 US$)","NV.AGR.TOTL.KD","","","","","","","","","","","","","","","26245623.5030367","29303713.7573157","25561255.6479659","25736990.7197368","24788524.4585999","23665912.0163434","30221679.806131","29314928.4261476","36810538.3248014","35432553.973549","33422169.1515814","34663816.1277477","41962626.9467882","48184559.9470264","51294396.8094999","57740877.0253249","59460203.6292969","58197588.009022","61485300.1784715","68548870.5720281","75079754.726396","73030726.6404543","70031897.079142","88788343.497181","89166575.8706575","103351726.656172","111115547.773463","116330520.911467","123765229.576528","134414913.41614","152235477.166474","157947217.040013","142224262.504312","132126302.240826","139472918.323176","147502813.163784","123079526.251774","119853595.628609","129603585.700447","128046385.418288","134089752.109312","142648651.439984","137554098.43798","135413026.623925","133279228.50936","131395789.335263","150309473.380547","175739314.583701","169921342.778106","150285497.111858","152124845.09522","152204378.754116",
"Bhutan","BTN","Agriculture, forestry, and fishing, value added (constant 2015 US$)","NV.AGR.TOTL.KD","","","","","","","","","","","","","","","","","","","","","90233883.1643337","95359950.206407","99952609.6904665","107837718.867613","113463347.611627","118296645.532564","124231726.616173","129947952.621122","139996316.712024","147934598.826214","155702974.173677","154445392.863903","155348104.786643","155091074.056568","155529998.926691","157882460.839627","161116198.583286","167592387.834224","171679436.155903","174378239.362639","183766410.927387","194111256.961454","199498107.708083","203594319.946128","207733301.883866","210328484.339813","215813609.786929","217657303.101941","219053395.404043","226121212.492156","228278426.166083","233698060.226764","239349825.214192","243779097.294204","249499097.394441","262430048.88519","274459528.643466","283057229.396433","291183014.402001","296216283.790102","308064953.926178","312452614.768743","308875013.517278","313113810.015176","324798909.952123","335638685.306115",
"Botswana","BWA","Agriculture, forestry, and fishing, value added (constant 2015 US$)","NV.AGR.TOTL.KD","53519931.1901047","54838160.2711347","56815503.8458671","58792828.3209849","60934974.5106928","56607736.7417963","66749020.7371027","73624448.5488514","86515880.5995189","87432609.4758831","85942925.1220105","108173503.330947","136591962.834797","179162356.570909","196694737.932429","186736009.830987","192789361.118963","195936216.499268","189445800.869129","184310290.448306","175590841.111774","168903759.092211","159747245.507142","138265506.818471","126486607.274046","132124731.164844","134463026.181874","172291012.331631","206032426.996091","200219454.37399","206250949.617365","211889091.109769","214118128.467558","208866745.64798","202475602.698245","245900195.88813","237962985.960892","221455891.377533","210336123.928416","228434497.272715","196877365.262596","218906008.584537","174062679.180195","209092795.20261","210080750.84806","204822271.210954","232120301.547865","260520491.98961","265662791.667993","282591819.204839","299029518.522339","299552960.30913","273995195.088478","277638296.745227","271271636.87971","263547172.314876","304163139.111211","277538454.44691","299925599.404717","307255001.552089","299098763.987301","295959283.586066","299549973.653732","304869684.407774","305769163.898019","310143434.37389",
"Central African Republic","CAF","Agriculture, forestry, and fishing, value added (constant 2015 US$)","NV.AGR.TOTL.KD","","","","","","","","","","","","","","","","","","","","","","","","","","","","","","","","","","","","","","","","","","","","","","","","","","892864635.085128","919312150.856825","953045848.593274","971743516.275188","539402674.652456","531599836.148384","534649434.490723","561616256.322453","579585305.807891","197294064.41838","203502864.091404","212744399.762083","737093211.230931","750360756.950771","673202499.153222","684646941.728645","705186350.078537",
"Canada","CAN","Agriculture, forestry, and fishing, value added (constant 2015 US$)","NV.AGR.TOTL.KD","","","","","","","","","","","","","","","","","","","","","","","","","","","","","","","","","","","","","","20867712448.3386","22667472529.9097","23627497421.2578","23488818650.3856","23528659953.7698","23831301787.5237","25028842917.232","26135209144.4421","25215791347.4507","24508606272.6875","24058091521.1266","25141471605.1223","24138540694.745","24203665514.2612","25192805980.1137","25520731329.9996","29882601449.514","27889763506.4343","29104161348.0672","30301702477.7755","30998161047.7815","30878637137.6288","31590419285.8595","31696918542.4598","26926673899.4412","33651446764.1004","32407168332.868","33276784112.6904","35392210681.5677",
"Central Europe and the Baltics","CEB","Agriculture, forestry, and fishing, value added (constant 2015 US$)","NV.AGR.TOTL.KD","","","","","","","","","","","","","","","","","","","","","","","","","","","","","","","","","","","","39682763029.8017","39190672773.3305","39158948152.7877","36361256996.0604","34643389292.8488","32678231967.1616","36045668251.2091","35511906727.4874","36048405780.9856","41310769999.579","39166999165.4249","38424090420.8315","34382387208.3215","38935928804.0238","39892623539.5086","35925303749.2677","38017830976.2994","33707835441.1331","37555254529.4911","40037192166.6861","38037658204.9299","39218868495.2315","39860736182.1123","40479183892.9947","40434883207.7795","40806128896.0632","40809900044.6076","37531702819.224","42126938306.9889","40999325650.9629","41686370137.8295",
"Switzerland","CHE","Agriculture, forestry, and fishing, value added (constant 2015 US$)","NV.AGR.TOTL.KD","","","","","","","","","","","","","","","","","","","","","","","","","","","","","","","4707089189.87613","4672491520.23515","4808908679.31464","4612436263.62727","4324420051.88292","4324734946.3261","4315437416.43042","4351672899.12359","4403759878.52842","4524155425.5074","4627895952.02314","4266447803.9193","4382184179.95592","3728339348.84496","4392064445.5453","4232226559.8196","4049114536.24022","4327036933.29005","4327006167.741","4553808890.44279","4404792334.15965","4851331656.84251","4680896849.20847","4380744533.23436","4857364419.06289","4355685088.66689","4447132063.73128","4377755750.6314","4649943992.26041","4524152710.90013","4474147835.27047","4197190028.67016","4665916741.43009","4689440623.1525","4589361196.9733","4798591361.95498",
"Channel Islands","CHI","Agriculture, forestry, and fishing, value added (constant 2015 US$)","NV.AGR.TOTL.KD","","","","","","","","","","","","","","","","","","","","","","","","","","","","","","","","","","","","","","","","","","","","","","","","","","","","","","","","","","","","","","","","","","",
"Chile","CHL","Agriculture, forestry, and fishing, value added (constant 2015 US$)","NV.AGR.TOTL.KD","1005030144.49089","986573915.740306","941621621.593858","1000024208.47975","1012968851.10969","1024345978.41203","1238286536.95055","1272367353.88534","1336837742.00183","1179428864.97848","1217099797.64122","1203750634.92825","1103581349.54217","993450757.138305","1259271016.22577","1314336312.41963","1293099008.1058","1430484141.05095","1377441445.25743","1462441227.56162","1518517823.97179","1576920410.85633","1565543283.53786","1532726591.85665","1670010594.84122","1787675373.73245","1923919608.23039","2107163179.05213","2349789538.15745","2496598445.88498","2724017978.67913","2790163733.83238","3125061910.98127","3222652178.76932","3465731591.06931","3705416387.99703","3698583140.78122","3910100923.8671","4176480284.76578","4100493396.81252","4435695469.01875","4625464764.73074","4876292735.91348","5100471970.55779","5638827026.1483","6311933661.72308","6952398129.13332","7033777795.93167","7588782423.27603","7546343308.50422","7817620324.37153","8806752127.89263","8835590178.85677","8903388338.10399","8697569891.83777","8993462733.60754","9289328198.33956","9642846751.42926","10005517807.6725","9933500292.9827","9665336884.58599","10029930580.1177","10013345796.4233","10043747027.6806","10863607512.9763","11680655553.1443",
"China","CHN","Agriculture, forestry, and fishing, value added (constant 2015 US$)","NV.AGR.TOTL.KD","98000913240.0467","99372926030.8335","103844707697.585","115579159667.45","130488871274.648","143146291782.155","153452824799.374","156368428462.063","153866533620.413","155097465872.243","167039970751.715","170213730207.193","168681806616.438","183863169214.804","191401559148.012","195229590347.679","191715457707.93","187497717645.805","185412516682.862","196786520474.115","193869220041.864","207406205035.538","231317701932.57","250576967372.667","282852817937.171","288068282910.693","297628368387.691","311629356529.385","319556998862.771","329383375724.519","353519707213.789","361839900260.321","378669084948.688","396274090075.178","411909265526.833","432268468106.566","454054340275.05","469658555366.399","485781908057.755","499050425403.336","510670904558.286","524142766819.871","538294341389.779","551062986589.073","584705491959.224","614372948108.635","643588091580.161","666265882746.902","700618582738.695","728660321540.173","759636179574.023","791345590965.84","826691373795.599","858165166370.209","892924873843.468","927735741725.116","958145189642.325","996100108826.192","1030793453836.74","1062508840422.71","1095776890696.53","1173289916555.59","1222609144325.73","1272151044577.15","1318839231170.17","1370754735841.65",
"Cote d'Ivoire","CIV","Agriculture, forestry, and fishing, value added (constant 2015 US$)","NV.AGR.TOTL.KD","","","","","","","","","","","","","","","","","","","","","","","","","","","","","","","","","","","","","","","","","","","","","","","","","6956243468.8158","6751663292.52842","6478192101.84166","6941767142.26652","6757306017.98748","7038224203.0671","8177200287.56941","8412570348.02447","8671379503.04901","9857237941.18837","10981289751.4758","10355890891.7805","10686423355.7537","11483575510.9358","12162433119.1373","12534521581.0933","13192624259.1025","13712248196.7534",
"Cameroon","CMR","Agriculture, forestry, and fishing, value added (constant 2015 US$)","NV.AGR.TOTL.KD","","","","","","933942336.369654","971472593.546348","1032728843.8444","1087082997.05509","1146182377.51865","1202262055.08366","1217791772.80438","1288538547.20835","1339010165.21527","1403717534.58098","1420972776.39208","1439953683.8199","1458934449.96883","1514151365.35668","1740195599.87207","1744509481.11689","1974050139.15096","2049499239.23635","1894209836.49283","2061475143.04273","2239577313.05909","2376010200.81635","2388233476.65088","2085854551.10654","2234244260.12068","2211901781.99518","2123425659.79294","2250831315.50834","2530103000.15191","2703205099.91584","2876478242.33472","2939028468.3814","3023256003.81379","3123674723.86628","3344624981.77373","3404299323.72348","3519477593.08785","3607907128.7215","3723297620.96646","4033025319.57108","3833049039.3551","3833416384.94947","4039898039.15975","4186785298.0546","4293992339.55535","4509527993.73776","4641310389.91009","4802118215.41868","5004965814.89222","5266675731.75617","5543192964.18928","5683428732.98838","5826669106.0728","6050637967.9751","6284444107.84815","6370032816.31512","6555382214.11056","6778054807.63301","6933619966.52993","7180907530.88464","7281255193.12772",
"Congo, Dem. Rep.","COD","Agriculture, forestry, and fishing, value added (constant 2015 US$)","NV.AGR.TOTL.KD","","","","","","","","","2601918778.37068","2614734408.94619","2262784880.62549","2324049950.83827","2359671354.54861","2449456102.94029","2497880280.89152","2460833615.00382","2591953897.49741","2506445161.27349","2510721173.15308","2587677885.61782","2660333098.59307","2713638895.15198","2800497333.84261","2859794689.79733","2934834211.3761","3015814543.34291","3086880518.09671","3149659266.8203","3241739907.48206","3332559036.66305","3419594082.38489","3515458806.07141","3625198578.06074","3693312981.07735","3663039863.1526","4088124127.8215","4173974575.12112","4060428164.55843","4001383652.77471","4093415573.92097","3614493322.81216","3560029539.17113","3430642032.01218","3453407317.21892","3509023773.52489","3525924836.60453","3854965449.6202","3937533966.31916","4039163704.90471","4065720691.1329","4107270536.86595","2410051670.74438","2565659450.18519","4597707701.35154","4988661454.84879","5004789414.2851","5084298435.21914","5161144055.26596","5280333823.88207","5461465221.06766","5640888684.01871","5788287118.82413","5818091373.63463","5984299700.3666","6125876783.58105","6277693549.11592",
"Congo, Rep.","COG","Agriculture, forestry, and fishing, value added (constant 2015 US$)","NV.AGR.TOTL.KD","187880102.486978","181170175.24171","182260284.439392","183534120.86711","191549524.295891","172746584.851609","187050861.559156","199154042.491854","207955986.611964","201354325.416306","218959026.083639","226661560.563256","235463585.715637","244266342.67893","253068286.387781","261870962.328421","249767862.423185","259669947.573819","258569806.540889","275074365.749604","295972904.415231","308982787.60385","324431845.583803","339067953.766291","333376165.614347","335815503.345651","338539430.395567","371771342.323742","396457440.75425","411434987.494287","417939888.359617","378189966.7989","403372961.073854","364088372.069337","352486537.926304","375292960.967148","377319542.914763","380304044.504878","386699343.143086","361645944.22657","377425307.430567","407704625.816208","442675106.228971","470395609.050911","492998480.504946","514748413.517915","521915367.240896","514780071.732222","551972156.523475","554875469.996009","576374595.463441","605090510.715923","700812633.242223","726608856.6089","728157688.218833","722534756.069729","728612236.626096","801125935.183681","800856573.164563","807451132.596917","838990539.01409","854933403.520681","880580515.769631","905236760.591109","943256425.553844","978156913.207946",
"Colombia","COL","Agriculture, forestry, and fishing, value added (constant 2015 US$)","NV.AGR.TOTL.KD","","","","","","3947968801.92284","4058087963.35496","4345706003.65751","4618781201.80749","4782499309.05239","4946661957.16451","4987051684.15586","5376850653.14867","5503989384.94325","5809325560.34922","6145208054.23417","6332804364.76126","6539769962.65327","7070488435.06619","7413039044.14793","7577138186.47398","7819794077.71713","7671698412.0822","7887173795.52017","8025553064.57959","8157708759.30946","8433070168.31111","8971472849.95687","9219907774.66235","9616247847.27981","10176496544.5004","10528774189.5898","10661308193.8008","10843541478.0968","11118964520.3795","11534037322.7465","11391561242.4292","11465617277.0302","11470064347.031","11464604863.8124","11905920484.441","12116374689.0718","12667764704.9859","13059209525.3075","13448023668.2537","13826410926.9792","14121474538.2569","14676223305.5664","14558051970.5182","14523767694.3005","14568264308.1149","14846550507.6265","15218571377.2226","16352870303.148","16828473454.0827","17552090518.0814","18032435111.4716","19037620912.0666","19341437955.5701","19866643889.1175","20256171623.1652","21141727183.341","20949516400.7164","21294547520.9496","22599538375.2779","23300177679.6839",
"Comoros","COM","Agriculture, forestry, and fishing, value added (constant 2015 US$)","NV.AGR.TOTL.KD","","","","","","","","","","","","","","","","","","","","","135363558.289903","142757094.980482","148550043.000833","153144789.984178","159525636.194713","163959069.650264","167354719.410336","170831922.120572","179323286.986418","177678785.18918","190718295.352564","178956746.754243","192124411.751288","197018484.839387","189164308.274394","199828028.770468","198808168.68615","207576455.089339","207628434.113572","213229598.131335","211082335.830228","222522153.55881","232753015.827633","237255455.904168","244611352.645685","258469080.982475","253934378.235068","257476261.384616","263132719.852187","276170097.158222","283656219.035661","289517672.808214","285229948.516345","300419291.845803","297024274.007709","295591805.983505","301196115.485969","312599112.719753","329894140.295716","332900828.449363","347676845.227567","354607005.495889","359497186.233577","365852340.434904","377475877.045728","390763462.956937",
"Cabo Verde","CPV","Agriculture, forestry, and fishing, value added (constant 2015 US$)","NV.AGR.TOTL.KD","","","","","","","","","","","","","","","","","","","","","20090803.9742621","18740160.2488181","15033387.0385812","14230256.2881937","14693685.6827704","18588986.237798","19906240.1979102","26544622.0861526","28653284.4857933","27854817.7869543","24665638.6783394","22914105.7263231","21832422.8837201","27960665.042999","31091715.2724214","38409824.8586965","39137097.5384043","40982865.1998949","42577560.5088596","61215980.4408067","67083606.6204861","61535195.3974382","59509905.9226774","60688994.1322943","64372542.3902559","61932604.7066693","62108733.6775049","81769681.0569135","80521782.1389867","93384277.2180068","90891441.5791069","89911874.0369212","100301638.986392","101458080.073376","102545949.923135","112135887.484973","119723468.450097","104747782.915316","90802006.1720352","90378674.6209168","102864737.252828","95701310.8949061","89338171.7493466","86885452.5481303","93407894.2991534","94521881.5899198",
"Costa Rica","CRI","Agriculture, forestry, and fishing, value added (constant 2015 US$)","NV.AGR.TOTL.KD","423338200.334632","438902902.28853","465802178.137904","464446367.876257","484729289.582043","494653820.797425","539124397.829292","581534143.232255","634031117.087805","699923496.467733","728666674.29036","762290769.120217","803615866.317492","849008394.317845","834636805.406531","859963341.356749","864247701.815477","883283278.078371","941583119.909638","946247107.261218","941528887.50933","989524571.2505","942993162.60787","980684688.258946","1079387676.28272","1019786256.59012","1068703891.31791","1113879489.68076","1164803723.61901","1251467116.41633","1282704985.16102","1362914686.18837","1431399441.01569","1490961568.87925","1571003883.23717","1720646434.33478","1758442308.73935","1852932301.83457","2002299245.21949","2076999529.75013","2049595524.7621","2061647335.67274","2010151992.21553","2164292860.39321","2213840371.29153","2260763697.55608","2466910282.47063","2580508872.25661","2496915747.89105","2413138219.70212","2565954942.52367","2561835566.85581","2688400156.0323","2688697566.69496","2748762544.28502","2680489063.11379","2822135151.99581","2927805298.62843","3045156452.48025","3000537943.69493","2959394855.84374","3036454158.14475","2842769648.1009","2932083129.53835","2977397183.1362","2931934654.51987",
"Caribbean small states","CSS","Agriculture, forestry, and fishing, value added (constant 2015 US$)","NV.AGR.TOTL.KD","","","","","","","","","","","","","","","","1931401867.05534","1616331767.95845","1591589866.37519","1643887410.00969","1617542396.26989","1654286925.48116","1654131458.80185","1590320567.80511","1505520583.55412","1572043114.92936","1650704666.50073","1686991764.01358","1760709817.67822","1745430934.68957","1694973179.79798","1709417824.12368","1783853701.99149","1927592001.20559","1956218350.3135","1978076964.51704","2027244201.23693","2147729736.23338","2166389916.938","2039611247.76023","2176856752.65205","2129967031.10901","2189554137.92474","2279389948.0911","2272491096.10046","2190555292.02337","2008588068.56423","2084090475.69265","2111148341.61367","2089308578.26132","2174843101.27987","2227621289.93406","2243074817.50853","2349778204.2601","2315966357.87331","2434274709.45269","2540297570.61949","2383910130.73611","2489557550.73886","2498170273.49413","2308200617.04739","2377126046.87997","2193554708.21069","2261333245.47486","2337887233.89089","2456984900.11614","",
"Cuba","CUB","Agriculture, forestry, and fishing, value added (constant 2015 US$)","NV.AGR.TOTL.KD","","","","","","","","","","","2146602435.54594","2330553328.8089","2442954925.51595","2527277219.06665","2553178653.96777","2793761221.53961","2943324507.18779","3201121401.39014","3416272507.03569","3458864866.60626","3274921914.30245","3912660234.68445","4288330848.68095","4541955987.65656","4919419554.69487","4812603535.90155","4886191538.65806","4993204185.68888","5165448806.62136","5187552098.66031","4734163582.69517","3598266316.74376","3226821931.65198","2493097972.13107","2370451159.84225","2467759966.18141","2898775539.21807","2966468961.4879","2547778635.7661","2843937358.1966","3103320327.18243","3130983504.55231","3052224811.33453","3125288144.50557","3131797127.41613","2767139333.35605","2599850499.05059","3068822717.75646","3088349666.48814","3082003408.15035","2899751886.65466","3025049807.68294","3046204002.14227","3189401626.17459","3261000438.19076","3342200000","3536330415.30746","3486529536.16048","3579452427.08993","3187286206.72866","2457141048.73655","2133319148.93617","2003139490.72496","1719998734.11558","1366886411.21768","",
"Curacao","CUW","Agriculture, forestry, and fishing, value added (constant 2015 US$)","NV.AGR.TOTL.KD","","","","","","","","","","","","","","","","","","","","","","","","","","","","","","","","","","","","","","","","","","","","","","","","","","","","","","","","6299329.60893855","","","","","","","","","","",
"Cayman Islands","CYM","Agriculture, forestry, and fishing, value added (constant 2015 US$)","NV.AGR.TOTL.KD","","","","","","","","","","","","","","","","","","","","","","","","","","","","","","","","","","","","","","","","","","","","","","","12383809.5352381","13205452.8218113","13929295.7171829","15352741.4109656","15127500.510002","15677222.7088908","15846063.3842535","16120624.4824979","17445669.7826791","17829551.3182053","18298033.1921328","19697358.7894352","19894159.5766383","20767283.0691323","20296692.609804","22346325.2401781","22427874.0300548","20417668.1567465","23724188.0444585","",
"Cyprus","CYP","Agriculture, forestry, and fishing, value added (constant 2015 US$)","NV.AGR.TOTL.KD","","","","","","","","","","","","","","","","327488509.548861","355204631.328881","355569259.687215","343899261.275313","356298662.289527","376356422.573012","373803732.293386","375262391.612366","371250753.583367","405895977.915989","404801946.955343","402613885.034051","416471945.367246","462057766.62309","477374631.047277","481021497.059561","408448982.728292","495608979.429563","514207962.153706","458046235.961697","595943965.957036","617501907.914747","519559060.703486","591015940.486783","621025134.742559","605627479.854976","646576951.910469","674608606.216818","619257906.2178","637607067.555456","596637176.915044","526184891.509772","492709642.463959","452470737.163655","414209371.812777","445944957.423473","467869412.980484","446584059.131444","424660624.503679","361367094.971085","371902063.860156","433307895.216968","403575372.786848","393395687.275372","417656028.947141","408452351.794803","387480423.224274","333247640.749583","335307875.967932","339130235.06481","341909204.472316",
"Czechia","CZE","Agriculture, forestry, and fishing, value added (constant 2015 US$)","NV.AGR.TOTL.KD","","","","","","","","","","","","","","","","","","","","","","","","","","","","","","","","","","4058065858.3113","4794780355.14939","4280427443.41819","4161921505.31613","3819605243.7135","3950388625.82984","3989729252.88637","4058641357.99882","4072855029.74296","3908407688.2326","3991313439.21079","4484083396.45804","4897864063.36248","4535393431.29911","3491634669.38203","3530403229.15474","4580630751.89655","3683981292.27252","3427123081.83743","3718437344.82875","3660438523.28455","3918264847.58457","4271802428.98521","4492752416.06669","4313519335.52838","4458076337.63208","4664504616.73967","4985874414.71937","4304982331.44676","4360120816.57185","5228210917.18057","5297915115.45523","5478512356.43958",
"Germany","DEU","Agriculture, forestry, and fishing, value added (constant 2015 US$)","NV.AGR.TOTL.KD","","","","","","","","","","","","","","","","","","","","","","","","","","","","","","","","29454445478.1792","28625092047.1398","28165723806.7255","22010134082.4369","23323692608.406","24587587300.8331","24783754011.8054","24714220694.6509","27048331991.7287","26688281542.9097","24957562615.9694","25138837089.7213","25563443609.3027","31445887186.8544","23266582656.2537","22946261299.1706","22874249234.3091","25791883417.9119","24907908657.9162","24555304327.7074","25493910292.1483","25533649259.373","24848310082.5679","27788292497.4902","24267265943.75","25193458418.6776","26318306227.7735","22822106653.0599","24875625684.7905","24830929222.1515","29330290832.0684","30330983995.0536","26693248913.8128","26646073703.4668","26792576580.897",
"Djibouti","DJI","Agriculture, forestry, and fishing, value added (constant 2015 US$)","NV.AGR.TOTL.KD","","","","","","","","","","","","","","","","","","","","","","","","","","","","","","","","","","","","","","","","","","","","","","","","","","","","","","25807431.2798247","25337448.0914645","25674491.4782159","24553986.7113837","33181474.0492645","38156095.5844528","43066328.233005","95031790.5172704","88440848.6091619","88813678.5385874","91885640.9560588","104868115.664778","112754321.126445",
"Dominica","DMA","Agriculture, forestry, and fishing, value added (constant 2015 US$)","NV.AGR.TOTL.KD","","","","","","","","","","","","","","","","","","93112036.9926803","103368709.584313","68826228.9048329","67407403.6200707","80809486.9548497","82190647.3033955","82287596.2970043","87349699.7486528","82708571.4908638","97247337.8849079","101091692.12868","107734536.317876","90779265.5993695","98906654.4271709","98186078.5860252","99984138.7630775","99856197.3069043","95216245.6742765","86596349.3190247","91674002.8574806","89795140.5304132","87673843.4414051","85310111.5904562","84293233.2365349","79720635.6035166","78027584.2472093","74154516.9304392","74573532.9851775","74256439.7545647","74924600.4904988","68526112.0870629","78273897.7388459","79598894.4524778","73146613.4474201","78435275.5437113","84893218.9278871","86843908.5340673","85006466.5102488","78970370.3703704","80821968.3419841","65873287.4702401","46332417.1337293","54562685.1818656","53970966.5640257","66620721.5138273","66867035.005464","64197223.251287","66247004.4920337","67572001.2056655",
"Denmark","DNK","Agriculture, forestry, and fishing, value added (constant 2015 US$)","NV.AGR.TOTL.KD","","","","","","","1085785042.26957","1125087184.4416","1149310675.36323","1176426833.38915","944998708.399953","1120667933.13273","1157220875.59842","1082703453.65206","1261299595.4838","1194617770.72569","1055444374.77066","1217743257.82837","1259033539.31951","1272385936.18354","1279912919.05799","1403891250.21687","1526222120.19526","1425996797.98315","1729045669.83633","1704700299.94425","1691004310.04843","1527545937.14407","1546817571.12141","1765526833.05784","1861264950.51418","1832382640.50171","1878283098.80401","2335724843.63863","2417701568.28378","2543314699.05598","2606574348.14837","2694361547.95563","2738567086.97308","2705215517.01589","2923387254.43467","3014749206.34675","2869740831.90893","2879780725.96256","2947679245.34568","2779808726.18454","2893188232.52548","3121993135.8473","2323382548.34657","2212610596.12224","2929767135.75842","2536884535.82515","2846148142.08621","2709127941.27575","3209992303.04188","2740930792.05839","2328623799.52787","2685416651.73739","2674247327.67287","2765369802.89338","2834609628.58431","3010875040.05967","2706557825.31822","1963789667.98115","1980684570.94436","1942729291.59523",
"Dominican Republic","DOM","Agriculture, forestry, and fishing, value added (constant 2015 US$)","NV.AGR.TOTL.KD","","","","","","","","","676705658.419243","792103344.375637","1031098056.27632","1086381811.80119","1128102300.64104","1225142395.04258","1225474007.95856","1194702720.10115","1282236577.81893","1304941605.73296","1364392928.89775","1379330447.27572","1446549280.00669","1526016877.78109","1596223214.16356","1645517024.83495","1645815775.21215","1587260703.14883","1578895692.85837","1624604499.09375","1603094472.62827","1639243267.12464","1498531843.95238","1562165672.63676","1782167867.12688","1814664870.24912","1712033358.64592","1862319207.70775","1929843016.79364","1928716440.7939","2007890557.50511","1962961114.8238","1990221289.26147","2235107777.29278","2290265977.75811","2471360222.95408","2359387970.23509","2534818977.615","2739677715.92566","2859785876.20224","2752245260.79005","2998455432.9743","3196477946.97949","3383666706.78816","3445227488.62301","3502120096.28546","3546479586.82716","3590090550.44545","3749768104.26464","3903617219.58658","4006849557.69832","4183587003.07488","4113969500.20056","4219045800.25926","4361779065.92285","4519168456.79558","4741637682.70051","4916014817.27314",
"Algeria","DZA","Agriculture, forestry, and fishing, value added (constant 2015 US$)","NV.AGR.TOTL.KD","","","","","","","","","","","","","","","","","","","","","","","","","","","","","","","","","","","","","","","","7291689257.06861","6956271552.05187","7846674310.59132","7917294379.38664","8843617821.02421","9170831681.12005","9436785799.2181","10257786163.9002","10473199673.4307","10117110884.1529","12494631942.8335","13281793755.2859","14570127750.6939","15983430142.0742","17901441758.8922","18456386453.3274","19748333505.195","20064306841.6477","19261734567.5968","19897371808.4295","20414703475.1484","20986315171.5672","20524616237.658","21591896283.1326","22239653170.4717","23418354790.085","24634346855.9234",
"East Asia & Pacific (excluding high income)","EAP","Agriculture, forestry, and fishing, value added (constant 2015 US$)","NV.AGR.TOTL.KD","148945188126.979","151682041935.289","158483909031","172113246035.965","190945381303.125","205095014284.717","219722199260.141","222285605201.168","224180338392.012","227661360300.86","242627899294.004","248371149701.788","248296322770.462","269696396656.17","279575499748.685","284362539282.292","285955893464.176","283305590204.663","286353934199.757","300582548269.245","300685178792.385","320027788226.173","347905922939.393","370930802328.955","408710321140.208","417573080545.624","430373635696.425","447049063280.488","462188978535.139","479446931329.727","503760654555.657","516200172457.555","541369172097.379","545124098435.256","560938852686.544","585448532234.362","613227905333.772","631181513898.459","645856528910.517","665145986639.435","682615732569.487","701288482000.306","720576698827.174","743898915363.866","783787360259.013","819928800612.648","857549675185.514","889505884206.506","931781846588.86","962894905473.933","999637530794.785","1041246643552.41","1085250961210.38","1124614120248.11","1167909871786.46","1206704947368.38","1239329814316.8","1287889846095.75","1332524309811.52","1371171791864.23","1405564193837.05","1486297684904.08","1542003427131.69","1596952153238.95","1646609004754.5","1712120200732.5",
"Early-demographic dividend","EAR","Agriculture, forestry, and fishing, value added (constant 2015 US$)","NV.AGR.TOTL.KD","","256010218418.153","257456449560.372","260632896225.427","280585912043.437","266110097184.511","269488881428.107","289596201578.983","296213701552.633","307297184167.586","321139613599.436","324151406113.931","320856598400.367","333480484352.898","340348088468.085","358182975566.274","361527589587.949","379680060401.717","390816934000.563","375536851221.346","399502660266.645","415217132607.47","419807946579.288","439252243067.935","447407064009.871","456766867824.625","465701381466.783","470518156439.039","507841811296.382","512499527542.569","533709464115.737","537969400173.491","561448823233.194","572676357718.054","587048340278.488","594716189724.174","632023353176.27","631202443362.509","656901893767.45","668469367146.334","680990306252.355","703448389013.059","700850087699.399","736770609845.266","752485932838.49","792013768795.685","820436586121.198","850180531033.947","856590238255.469","867360337491.967","919272218449.142","959833505398.387","983213343333.313","1029145566891.55","1047825975114.12","1073044653926.34","1110326924803.29","1161274693515.71","1184578723554.21","1237029701534.13","1270794889541.36","1303293197962.86","1352864738890.04","1375041938293.6","1425333644759.25","1459486696512.02",
"East Asia & Pacific","EAS","Agriculture, forestry, and fishing, value added (constant 2015 US$)","NV.AGR.TOTL.KD","185747098401.396","190358587555.624","197831399768.364","214666071157.198","238840137665.506","255849703383.128","274140328203.76","276947669662.081","279840409625.549","284817186426.019","302465253864.139","310223562675.17","311025018966.385","337109358385.571","349338094487.966","355596450471.306","360890442859.876","359429899553.725","360253885628.117","382070559765.122","377144865760.044","396237769015.925","430964937462.011","454217436972.692","501208153324.877","513053050732.466","526952048794.469","545648409867.671","563890788716.966","583166920980.999","610936874376.032","626575342644.653","654122369119.312","659604436915.719","677315460282.531","696833156258.546","733162543418.117","751855229099.049","764058233137.537","786003440740.488","809950265666.654","825295735599.87","848859555607.251","859359041357.343","900047402834.465","937869697706.26","977895113715.399","1009417815684.84","1061002488703.74","1093486760225.86","1126248678374.96","1171429960989.63","1214632934935.41","1253904800931.83","1296222067056.34","1332794389831.4","1355954249388.48","1408149414777.39","1449348813488.81","1485859889091.24","1513799153690.78","1602587850507.46","1664905863724.34","1719589826287.51","1768570838626.19","1839556125900.63",
"Europe & Central Asia (excluding high income)","ECA","Agriculture, forestry, and fishing, value added (constant 2015 US$)","NV.AGR.TOTL.KD","","","","","","","","","","","","","","","","","","","","","","","","","","","","78545085637.049","85085629660.2559","79340750559.5456","84195288295.8812","79001148463.7239","80804046846.0949","79568704030.243","74958116678.861","73295378754.122","73585609766.2297","73375043175.8953","74367582624.0499","73689047614.6828","77615992963.9529","76682234998.7552","81434541152.3717","81028702867.3531","86493968311.9036","91582587096.8408","94064695498.4628","92262341160.2806","97108822915.5905","101027898554.291","105062819824.289","112272130327.534","112961996873.689","119375471520.803","121408612938.846","128430369352.428","131397904475.331","135122382465.13","139224005194.307","143266870593.342","147413513509.408","148513599170.216","148037913838.379","150664036780.251","156628823218.941","152203024939.025",
"Europe & Central Asia","ECS","Agriculture, forestry, and fishing, value added (constant 2015 US$)","NV.AGR.TOTL.KD","","","","","","","","","","","","","","","","","","","","","","","","","","","","","","","355854119492.951","344961637552.067","343799918106.372","337672656209.419","319858599651.368","318722912126.799","323441600297.47","328453548022.236","323338050466.348","334624497045.008","344097751150.346","346030084862.054","355928602977.179","347597800385.543","376044752060.325","365107883758.304","368029345573.458","364409753978.272","383897444716.467","388380896866.179","380485744483.504","405209295224.712","391365991874.675","404246374690.696","426622920800.013","430668284721.672","431949567945.959","441249378860.724","443305144494.395","454159062951.442","453405484777.896","461475869102.396","463556426469.232","462074797850.453","463723326139.067","464960658417.291",
"Ecuador","ECU","Agriculture, forestry, and fishing, value added (constant 2015 US$)","NV.AGR.TOTL.KD","1321151783.17039","1392096964.11423","1511802513.2492","1520815092.71024","1528441122.29028","1510415962.32129","1518646839.01189","1568333162.27456","1521491967.04005","1574747341.03586","1639294746.96977","1626344587.74588","1675362144.85758","1667348443.8269","1800740823.942","1924186746.64556","1942380168.33767","1878396961.83709","1646154768.78481","1677421300.88956","1706215006.99476","1942205508.01039","1950373185.92232","1615440944.37947","1855290064.37273","2002279535.88229","2258486992.02657","2381427319.26631","2515402283.28585","2687868062.07603","2807062379.28044","3046449555.02037","3169023339.18461","3153231496.20737","3320002445.06991","3431075073.28281","3634483265.35527","3824259980.86422","3710315832.47483","4038643160.94872","3959856264.49231","4117688744.42821","4254469586.39954","4573153678.22547","4655873434.00851","5041847035.15085","5280055593.65986","5440759907.83986","5619409417.23415","5771072562.37838","5798013910.27072","6336178918.28067","6346341308.69127","6891291224.0124","7496792118.65614","7796689000","7918710234.54553","8514543081.19995","8602134967.84791","8800367116.29625","8795481794.59163","9359268543.07751","9681422558.56999","9851094445.27534","9851201856.39864","10719984373.9092",
"Egypt, Arab Rep.","EGY","Agriculture, forestry, and fishing, value added (constant 2015 US$)","NV.AGR.TOTL.KD","","8671333833.48601","8622089221.61517","7986191407.08649","9129522831.03486","9696906402.91252","10212904292.8019","10392754180.0098","9923859831.59719","10073734737.6038","10277136394.7201","10524163936.9554","10382369267.9543","10792755762.3407","11117247408.1987","11144515613.7311","11829342594.375","12069458669.655","11660939039.1674","12311992020.1078","12827677549.8669","13276223281.5953","13295017561.1178","13830508795.9088","14007954258.1779","14571002358.6604","14878119504.2121","15492353796.2562","16021277769.3261","16601219842.5429","17086088914.8551","17559866204.5639","17989276403.8093","18341044167.3819","18797878291.8572","19518661018.0191","20084627745.1371","20701353815.1155","21411984670.492","22446234351.525","23277008304.773","24161463059.8294","25031398764.6605","25902516657.1568","26617276756.032","27483977520.3025","28376837980.4129","29421105621.6777","30405997729.616","31370020485.6043","32459965790.8072","33343513499.8155","34316925996.7594","35347262237.1738","36409932461.9835","37528234501.3477","38690427662.6819","39944458320.631","41172299558.0389","42547819197.6456","44004050586.2554","45683273319.1107","47498695855.7578","49461582153.7093","51329849415.7774","52746553259.7015",
"Euro area","EMU","Agriculture, forestry, and fishing, value added (constant 2015 US$)","NV.AGR.TOTL.KD","","","","","","","","","","","","","","","","","","","","","","","","","","","","","","","","150842081978.593","155172013599.811","151370273544.946","144649894712.172","149863724765.705","157145231894.034","162671841051.622","164224353351.187","170262296126.273","172108156359.634","167288133777.283","168675079240.952","162124028730.317","179873007111.535","164913338808.022","165028484919.439","167339401971.463","173658074417.981","173030723123.37","171596281101.686","177395195950.798","169019030209.879","171322994457.761","180843008192.924","181071997864.195","178857503350.597","181248788524.837","181079953676.047","182934533287.174","177925174850.186","184446875193.536","182882320454.706","177491096132.899","176869842637.44","179806557417.195",
"Eritrea","ERI","Agriculture, forestry, and fishing, value added (constant 2015 US$)","NV.AGR.TOTL.KD","","","","","","","","","","","","","","","","","","","","","","","","","","","","","","","","","","","","","","","","","","","","","","","","","","","","","","","","","","","","","","","","","","",
"Spain","ESP","Agriculture, forestry, and fishing, value added (constant 2015 US$)","NV.AGR.TOTL.KD","","","","","","","","","","","","","","","","","","","","","","","","","","","","","","","","","","","","20630415952.8089","24952351563.1874","26659782915.4357","27436078297.4015","27231019139.9011","29310904880.2624","29032610309.369","29293119137.0098","29178034915.9637","28576458305.9497","26364748821.481","27963373273.8311","30071506959.3583","29379955412.8901","28422663937.8244","29162341613.0937","30665760028.033","27849335272.9763","31701518017.4483","31333248510.1006","32847129126.9531","34326484477.4918","33129608578.6118","34518988992.6962","33562743737.8219","32898393916.3282","35215771640.1211","29275333393.7572","30279704777.4327","33551235315.7173","33948798988.4221",
"Estonia","EST","Agriculture, forestry, and fishing, value added (constant 2015 US$)","NV.AGR.TOTL.KD","","","","","","","","","","","","","","","","","","","","","","","","","","","","","","","","","","","","257711970.884136","264235890.446948","324846990.100165","426066821.541413","367472535.222669","419100860.699812","337652849.732659","390868332.042695","429242087.882367","436271877.960344","436865394.591132","470028969.92715","597343526.944476","609742594.279465","495845514.353646","541908311.488799","586856478.675283","596592818.910671","566998917.435906","636505145.149575","654228714.008593","498589218.842679","532635924.061105","476863461.595318","585575130.571898","512720249.63637","498508241.453246","359841607.112545","329469370.02405","423563191.19517","380196464.79056",
"Ethiopia","ETH","Agriculture, forestry, and fishing, value added (constant 2015 US$)","NV.AGR.TOTL.KD","","","","","","","","","","","","","","","","","","","","","","6341652386.77479","6142487077.09747","7005806877.92501","6137809852.50164","4877826038.95497","5683564900.77076","6671445435.57634","6575209898.89027","6636775546.34714","6996836806.17297","7169814097.58912","7057502829.42842","7522375897.9463","7328312078.68305","7604347373.68649","8894195857.99677","9072270746.70888","8197674144.18715","8476211949.05886","8735004491.89803","9575688111.74783","9396091549.06472","8410922167.03927","9836137905.81697","11168239964.4926","12386558853.5951","13556880185.2045","14573845895.2971","15500882451.2951","16296124630.0152","17765217791.109","18639639349.1257","19962766252.4381","21050084088.9285","22392614210.5263","23333067112.7968","24891099740.5833","25763986931.8286","26751872230.9858","27889859353.5426","29437651372.1106","31238790563.2721","33191309111.2318","35503811843.7533","38108835734.9929",
"European Union","EUU","Agriculture, forestry, and fishing, value added (constant 2015 US$)","NV.AGR.TOTL.KD","","","","","","","","","","","","","","","","","","","","","","","","","","","","","","","","","","","","188636273663.685","195312681171.95","199404295847.226","198612528940.66","203708565978.462","204054640454.94","202742260473.657","203049923608.627","197362272353.874","220395560101.817","203356275997.724","202791447918.199","201724082891.785","209884678467.88","210768773463.109","206928425690.431","214212772198.06","202402403256.637","208463090298.365","220846460201.766","219127940201.092","217547831121.45","221206818729.559","220508814783.556","222769098120.176","217668749655.657","223621559269.359","219765961403.242","217876270683.637","215995603085.852","219219052086.129",
"Finland","FIN","Agriculture, forestry, and fishing, value added (constant 2015 US$)","NV.AGR.TOTL.KD","","","","","","","","","","","","","","","","3495933796.67201","3635604553.8534","3564726706.71498","3686677501.4064","4067123443.73817","4371480197.60358","3881075353.81674","4000903157.80578","4270514965.72309","4441379666.47962","4323770988.621","4109635331.14273","3422846837.51026","3825600204.78841","3828928893.98404","4201725059.91225","4019764728.50363","3869980724.57536","4196177244.58621","4248324705.82962","4179534800.01878","3965399142.54051","4261638461.20142","3832257583.17967","3840023523.22542","4165111481.58177","4085225945.11884","4081897255.92321","3944318445.71224","3911032555.16668","4087445071.24926","4171767858.56231","4459131674.11226","4465789052.50352","4785328194.12311","4710991474.39693","4642201568.58609","4404766088.14914","4416970280.45573","4667720517.67519","4805300329.29687","4807518454.01658","4856337226.06437","4787547320.25353","5338975128.39474","5303471113.12946","5236900333.44904","5449926427.86211","5121510781.72084","5037187994.40778","5229133391.99258",
"Fiji","FJI","Agriculture, forestry, and fishing, value added (constant 2015 US$)","NV.AGR.TOTL.KD","","","","","","182241931.086154","184303173.762033","185333768.568463","198216065.684976","191517281.932062","208006632.892395","196670200.489233","195124281.748079","207491362.503081","200277254.333052","201307795.111679","209037173.671022","242703046.047592","239611262.593086","280662981.605264","262455972.955809","296465269.682903","301618242.267875","246997162.774104","310721692.564799","268124162.384684","319481718.993592","298526458.33098","291999413.526033","344585091.552478","328923371.275048","323496528.082838","335193225.240907","337793213.234893","374792506.558593","362792678.453897","378953329.83825","339845886.052858","312783203.133732","355397302.052382","350899620.72259","330926567.68706","346478121.348231","331536491.380123","348688884.801576","351661963.391179","369227727.206151","351141877.688928","347070451.882812","318990119.004629","310542154.118055","329323250.017134","351528238.867313","358124351.746522","358124351.746522","368587215.095131","328382470.321743","363799343.013527","377201667.97755","394235424.591644","383690542.43377","421162042.738904","435644048.00011","455136937.211011","475015279.033426","487013241.18032",
"France","FRA","Agriculture, forestry, and fishing, value added (constant 2015 US$)","NV.AGR.TOTL.KD","13935913552.3768","13163489488.835","14349121997.3137","13555754097.2232","13660377207.3223","14130364585.2883","14014116685.1781","15087440271.9802","15737852076.7286","15374121043.822","15741406764.5832","15698846582.9726","16891684539.8052","18097780521.6091","17346204221.9714","16288540476.2586","15822203858.792","16179498024.5024","18549225879.1442","20179290442.0935","19864940748.5726","19653773075.48","22976637638.3802","21433903109.4805","22498580158.2578","23821116185.4613","23857143427.2309","24619960226.3007","24233075686.0168","25222816071.9132","26962211304.5529","24438190782.4922","28071466060.4799","26407872144.5236","26558802269.3773","27757981020.7614","29640428421.3878","29669250214.8036","30599329488.3294","32173095481.4733","32044358137.5497","31229181747.1079","32897002859.4319","27830419794.8796","33787980566.557","31866815890.1087","32050314641.5223","31807058705.0935","33126040044.4423","35180841769.6948","34149021565.4115","35656881724.2781","32582172802.6873","31994688580.2299","36769018659.5466","36725209533.5547","31990557456.507","34536098250.9848","35828083177.1675","34980722450.7449","32527219249.908","30965462337.354","33092222473.5011","33557118001.297","28595254119.4885","30582612848.1483",
"Faroe Islands","FRO","Agriculture, forestry, and fishing, value added (constant 2015 US$)","NV.AGR.TOTL.KD","","","","","","","","","","","","","","","","","","","","","","","","","","","","","","","","","","","","","","","","","","","","","","","","","","","","","","","","403186310.393411","","","","","","","","","","",
"Micronesia, Fed. Sts.","FSM","Agriculture, forestry, and fishing, value added (constant 2015 US$)","NV.AGR.TOTL.KD","","","","","","","","","","","","","","","","","","","","","","","","","","","","","","","","","","","","70894316.745282","67760970.0242082","61967070.3366157","71468210.2690251","65072313.0628106","69874116.8603874","67445235.3206798","68735034.590076","70774439.5281881","65550329.6836705","68305764.7213953","68388833.1664355","72307475.142642","72216448.0441848","71967367.063024","69657492.2626928","77323913.8745591","76296252.7520861","71981294.7065038","75769365.0250873","82754700","78688947.2895382","76584629.5844935","76529292.0724533","80847110.2591074","75128071.6552187","74329843.5882833","69191911.0377969","69734591.7176702","71086443.6129272","80102727.4566964",
"Gabon","GAB","Agriculture, forestry, and fishing, value added (constant 2015 US$)","NV.AGR.TOTL.KD","","","","","","","","","","","","","","","","","","","","","346352766.140724","346994159.993015","337373249.892622","352766706.13747","364311798.42638","380667345.660213","375215496.652451","367839465.456172","406643802.994438","372008526.548804","369442950.507996","372649920.401095","395098710.916076","412095652.212747","418188895.283348","412737046.275586","416585410.231525","434544442.517181","438392806.683666","439034200.746505","462124385.113777","475914356.306802","458710552.480955","464016339.488804","461645579.103551","520139054.901862","536126889.830794","567946471.435675","529374942.567241","492355302.287997","466736156.23176","477242518.175469","499644000.65122","522294737.631057","572894840.839248","620146251.740777","692429594.300749","776750026.778079","850470438.590921","917398237.441002","961774295.190552","1146444713.50887","1294184334.42482","1258684286.49347","1255055649.28418","1265202021.15911",
"United Kingdom","GBR","Agriculture, forestry, and fishing, value added (constant 2015 US$)","NV.AGR.TOTL.KD","","","","","","","","","","","","","","","","","","","","","","","","","","","","","","","9969140521.55666","10391079240.8683","10814133529.2875","9991464711.61968","9912211915.7092","9749240205.08447","9398446873.58816","9617421178.04568","11195993731.3614","12784372021.8615","13809518553.7395","14020865746.7899","17281506464.565","16698665793.1566","14951232451.4244","16249824055.3554","16199710539.3143","14508926590.9549","18087679972.7766","16823950223.6549","14393447897.6409","17892673113.451","15759584585.4132","14907656093.5062","20485497788.9674","18661804860.2849","17840380971.6327","18748958856.9125","16161581386.2348","18783820711.7217","18607334092.6894","19137882622.2795","20597709184.011","19434205186.1803","19472335620.051","19948413382.0455",
"Georgia","GEO","Agriculture, forestry, and fishing, value added (constant 2015 US$)","NV.AGR.TOTL.KD","","","","","","","","","","","","","","","","","","","","","","","","","","","","","","","","","","","","","","","","","","","","1089550666.6911","1005355260.21709","1122973578.77648","991545078.098625","1022646927.25236","977967031.468171","914486825.184747","1064126447.95532","1177796565.55386","1136445721.11733","1314453971.92707","1296878677.00108","1300425850.31256","1186423641.38547","1160286959.02253","1312257060.06132","1331138824.16993","1420891067.40283","1454165888.65182","1428649596.68287","1379728639.17831","1565602199.40295","1476760251.34578",
"Ghana","GHA","Agriculture, forestry, and fishing, value added (constant 2015 US$)","NV.AGR.TOTL.KD","","","","","","","","","","","","","","","","","","","","","","","","","","","","","","","","","","","","","","","","","","","","","","","7365008849.17222","7238503281.79362","7774459427.57905","8336206310.28822","8776072359.93951","8850327918.37912","9054058028.59104","9593265479.58812","9679649672.03021","9878784256.13254","10148774820.1734","10779403366.6536","11304977355.4235","11831236261.6106","12692989307.0877","13766416226.0111","14339163848.2538","15180665810.7488","15595116987.6853","16652233332.0635",
"Gibraltar","GIB","Agriculture, forestry, and fishing, value added (constant 2015 US$)","NV.AGR.TOTL.KD","","","","","","","","","","","","","","","","","","","","","","","","","","","","","","","","","","","","","","","","","","","","","","","","","","","","","","","","","","","","","","","","","","",
"Guinea","GIN","Agriculture, forestry, and fishing, value added (constant 2015 US$)","NV.AGR.TOTL.KD","","","","","","","","","","","","","","","","","","","","","","","","","","","471641256.620428","536737101.314054","506228282.11366","533269047.464387","551348628.953168","571000348.000661","593518091.580797","618572016.046646","645514205.854309","665227202.234105","693944607.849711","738899372.764963","773117000.329237","824183355.833187","848468771.262524","898750166.962707","936597157.791398","969624013.536878","1000722220.84499","1014129650.63185","1044549785.35407","1061870272.32549","1107639381.84988","1034689146.86232","1232807435.67764","1311326795.24758","1373172622.1816","1461642504.11586","1510179803.24665","1625013871.58076","1703481305.63118","2018590098.56292","2132318973.74333","2476282344.61584","2478422902.15178","2702069336.45176","2864192445.88897","3027451327.33965","3224235663.61412","3411241332.10604",
"Gambia, The","GMB","Agriculture, forestry, and fishing, value added (constant 2015 US$)","NV.AGR.TOTL.KD","","","","","","","","118689905.963341","130063582.990958","133273905.144973","141620713.290569","141528994.000145","141804159.229944","154828864.325354","163909478.278126","184272035.251035","194636763.343173","189775427.812513","190784391.465049","218576534.322937","209936200.900695","167303231.628548","195636550.65155","253651500.401572","248193974.817924","226519767.314641","220814576.099558","214724155.086284","210860927.746252","219216300.985845","214454638.563532","216880390.494981","210860927.616701","200978221.72265","213376528.684097","207746420.05924","202625700.388667","223302507.389664","216688395.085527","281885351.551805","303016970.02659","329176937.910854","269651344.46767","322130527.602737","343676508.963766","333774435.111744","278093506.990865","266417605.429011","348935654.474421","400991937.275549","448339308.535618","323979609.221775","345060484.942191","336067233.409115","294446582.553017","306077672.230842","305359725.995886","291987548.878052","302765538.953203","302426435.158227","334455749.348065","380204433.650017","408610662.320866","437266008.274271","438793908.260913","461172393.117873",
"Guinea-Bissau","GNB","Agriculture, forestry, and fishing, value added (constant 2015 US$)","NV.AGR.TOTL.KD","","","","","","","","","","","","","","","","","","","","","","","","","","","","","","","","","","","","","","271204183.953748","238666081.671476","269667618.450946","255875427.891144","264335974.454957","264869312.345711","275818425.703748","279107453.655289","324205082.626765","324391747.235015","324901646.651789","343420813.368277","359176993.652788","367944901.3541","397263952.987615","396466128.61845","415479279.809514","380549601.54053","405152673.416824","431074014.371076","448577681.560015","438510163.241053","464970441.603136","484224393.002454","528482755.596626","537298392.055835","562656389.623738","580315780.050753","613899328.155716",
"Equatorial Guinea","GNQ","Agriculture, forestry, and fishing, value added (constant 2015 US$)","NV.AGR.TOTL.KD","","","","","","","","","","","","","","","","","","","","","","","","","","","","","","","","","","","","","","","","","","","","","","","175425670.502424","187078360.3732","147550350.721308","134786941.96268","159720061.612859","178317482.991505","192833505.379879","207885027.032681","222811961.516691","248993720.012624","262497728.30293","255292357.516342","249037633.718808","227550503.425589","222853804.071717","237340230.950033","253730877.794908","255167399.888845","256258518.860322","270844122.200564",
"Greece","GRC","Agriculture, forestry, and fishing, value added (constant 2015 US$)","NV.AGR.TOTL.KD","","","","","","","","","","","","","","","","","","","","","","","","","","","","","","","","","","","","8104058615.14519","7926051295.26304","8264469539.8763","8744838980.08665","8913240082.52225","8807130262.30492","8910763962.56849","8888030947.13669","9027691487.74369","9178985345.31261","9452235973.88484","8090500150.16842","7455685032.59695","7644270362.95173","7590170992.2581","7270004235.41613","7465584089.45983","7882958348.26225","7210114236.41189","7602560268.75034","7435466097.78398","6825957728.73685","7629455942.25597","7422691791.68876","7769714092.19041","7130059532.11623","6924187999.47365","7933537138.41715","6818843900.10054","6852292668.9897","6918542706.28078",
"Grenada","GRD","Agriculture, forestry, and fishing, value added (constant 2015 US$)","NV.AGR.TOTL.KD","","","","","","","","","","","","","","","","","","51515924.1078127","44444298.6206354","47434189.5095327","50255983.3698171","54346983.5908993","47173810.04583","45258884.3553829","51411393.6684143","46406171.7815456","43817965.399352","46817389.2651897","47386009.1928717","49488621.2597286","48570752.598544","47432688.8901462","46148131.8760766","44229216.407026","41514524.27923","44358200.1119032","40868558.1289108","40474231.7277105","39952136.8677153","43887564.6377395","42928400.2384754","41806141.433954","43090740.353061","45619164.5899605","41903151.5953545","23564040.5869262","30756202.1425069","31262959.7588422","34282846.2734546","38439532.6405391","35929378.999912","35359470.4923323","36826146.7986035","39918738.5529696","55327220.7762815","74062962.962963","66264435.5173324","56068939.9368815","57690664.8812442","56387418.220529","48220126.4464646","55775604.6756273","46426590.8490815","37727105.1010272","33410886.2568577","34914376.1384163",
"Greenland","GRL","Agriculture, forestry, and fishing, value added (constant 2015 US$)","NV.AGR.TOTL.KD","","","","","","","","","","","","","","","","","","","","","","","","","","","","","","","","","","","","","","","","","","","","421262797.851299","429613242.25593","472893305.842079","537852914.365172","468362465.344929","500789585.414648","444733605.310373","496864613.123512","476133383.639459","466808281.686023","448395156.642372","533954284.16995","425793638.348449","498050007.439627","511300081.6842","515541159.126299","543015965.16425","515778237.989522","566460430.52741","579842215.251551","586348712.942225","","",
"Guatemala","GTM","Agriculture, forestry, and fishing, value added (constant 2015 US$)","NV.AGR.TOTL.KD","1086984331.15845","1105778464.55406","1144391865.82646","1310463662.39202","1314905912.08617","1330624641.76254","1393157849.11215","1394524695.22491","1545219473.60782","1581782605.78001","1673361292.02628","1791593476.29958","1963816080.30361","2067696381.01329","2199938737.49432","2254954291.56839","2356442611.68413","2448363009.42413","2525589811.96893","2597349230.20056","2638012900.57317","2670133783.05122","2589831576.78718","2545409079.84572","2585047615.59931","2594615538.1129","2573087712.62962","2673550898.12634","2793833351.63769","2879602942.07705","2997493414.99447","3090438942.80461","3182701055.76014","3252751912.66348","3332370711.79221","3449236045.67957","3537397621.81313","3641277910.94384","3776937384.56767","3856556156.12745","3956677653.15051","4002466978.69843","4216800587.56681","4322647039.13181","4502067080.56645","4597833262.30857","4655390532.35699","4929074509.61932","4972716241.46765","5161889681.45982","5148990679.39867","5407699381.77602","5674810135.44876","5944081798.62435","6039505656.7042","6198087086.36329","6346140760.77434","6556035727.20794","6720498716.83408","6834663947.67853","6828516347.33611","7118877361.89491","7299803839.7245","7401018004.54419","7407040993.22893","7522238819.12619",
"Guam","GUM","Agriculture, forestry, and fishing, value added (constant 2015 US$)","NV.AGR.TOTL.KD","","","","","","","","","","","","","","","","","","","","","","","","","","","","","","","","","","","","","","","","","","","","","","","","","","","","","","","","","","","","","","","","","","",
"Guyana","GUY","Agriculture, forestry, and fishing, value added (constant 2015 US$)","NV.AGR.TOTL.KD","408600484.336729","431280486.768607","427421890.62582","394709824.091561","390770587.411944","424674990.406027","395643086.448037","408379526.879719","381172695.780284","418254240.682203","410513821.062273","455914682.201352","423172241.472967","405533999.829338","734699385.202833","827579179.583571","608175691.240037","534579110.184253","567257109.941254","546989057.668112","578280564.285888","532905193.648673","497300073.381506","455011555.848369","454866474.349068","502545996.459962","499519891.770872","577442950.918103","486234213.956502","474134376.399392","402431635.164089","460690112.872858","586169909.827427","617539859.066069","686553747.034589","741227087.021636","798141138.146031","824581523.862862","771700751.983585","884632570.401299","794556001.484875","824133381.724515","873877158.18975","858640325.485967","885976996.816338","764530478.661272","873171069.035543","873977633.889792","852779683.549128","874503460.700849","883580657.430707","908321254.506882","941292378.023925","979477208.05738","1054643705.08204","1088924939.46731","967971404.445946","1090573718.45114","1162892729.60914","1157130915.48459","1205146033.18917","1095836442.72112","1223955482.08299","1308092228.01154","1451745439.09667","1619149979.86769",
"High income","HIC","Agriculture, forestry, and fishing, value added (constant 2015 US$)","NV.AGR.TOTL.KD","","","","","","","","","","","","","","","","","","","","","","","","","","","","","","","","","","","","555563343411.487","575344221327.82","585775568559.262","578018178716.697","600085202839.444","618540626199.791","618472923179.44","633008643409.155","606826548507.316","643263537212.253","623989192933.57","628324968131.093","624631901452.164","659637219440.401","661965525870.47","641788453210.5","676090652863.824","656090733897.368","672352434129.624","697305985498.871","693648869845.731","682582747037.94","698253410101.251","692799004621.03","700976540647.222","685364018889.822","703004814702.948","724988492171.921","719897220561.974","717590855787.871","",
"Hong Kong SAR, China","HKG","Agriculture, forestry, and fishing, value added (constant 2015 US$)","NV.AGR.TOTL.KD","","","","","","","","","","","","","","","","","","","","","","","","","","","","","","","","","","","","","","","","","332765448.202895","333640379.267408","324891068.622284","307684091.020206","308850665.772889","308121556.552462","297914027.466484","284935883.342883","236523031.106528","225732214.644208","234481525.289332","236377209.262442","228794473.370001","240022755.364578","225586392.800122","210275099.171155","206192087.536764","195547092.918529","192047368.660479","190589150.219625","197880242.423895","192922299.724992","162445534.311142","164924505.660594","167403477.010046","158216700.832665",
"Honduras","HND","Agriculture, forestry, and fishing, value added (constant 2015 US$)","NV.AGR.TOTL.KD","79510210.1163509","83042700.826211","84986767.1518009","86196548.724909","89916082.9155209","93280435.3901792","91756117.5713616","94857175.01589","92147029.1482946","92060870.6886694","95307012.9802672","95299448.5216202","100629044.221083","104068180.811237","124161647.824698","128464133.787766","153506754.952837","178353525.839485","198422837.553474","210535756.247236","218774698.525705","222383341.37477","213193937.913622","236072452.109687","235977787.533024","242865551.613071","266918061.719854","260198978.722099","299011401.787044","304450016.360219","386076505.41578","461732550.996551","461255829.989729","566753553.460018","844455430.421323","904838973.376442","1154797078.40643","1475440727.14564","1412013081.76871","1409786265.93849","1507593794.66093","1539567305.0005","1608894058.11759","1646689874.86166","1765604582.18733","1725104146.75874","1855830661.503","1958675016.3541","1996411823.23596","1957524324.04104","1992241792.97328","2121424216.3231","2348051592.13201","2428826258.5174","2497189183.8851","2562886830.4764","2685253614.74123","2963170395.78572","3041181433.62438","3012128911.46409","2850953307.82063","2806587726.41743","2815517885.56487","2926830155.64277","2911674456.03241","3013073069.25942",
"Heavily indebted poor countries (HIPC)","HPC","Agriculture, forestry, and fishing, value added (constant 2015 US$)","NV.AGR.TOTL.KD","","","","","","","","","","","","","","","","","","","","","","","","","","","","","64348104336.2195","69035737181.0835","66948899942.6823","69120396671.3485","69613709297.6778","73935312029.5966","73382293117.4043","77923310101.7724","84577405947.0126","88514515726.9087","89786085804.9302","93226442004.6913","92210923963.5798","95900438837.1635","97341704498.5125","101028131648.161","101582110360.158","106256028132.045","110664979420.075","113450788341.791","118851793906.586","123611159802.174","128128246347.809","128388600300.382","131909394565.384","137751925663.657","143974301467.687","148068060944.598","154078664142.429","162379001291.412","167652643949.128","172781758492.587","177439271846.028","182781928336.181","189931129346.62","194136848864.252","201318719594.478","211879229482.273",
"Croatia","HRV","Agriculture, forestry, and fishing, value added (constant 2015 US$)","NV.AGR.TOTL.KD","","","","","","","","","","","","","","","","","","","","","","","","","","","","","","","","","","","","1826440054.39531","1872581697.87477","1902381509.28858","1998509933.20413","1911994351.68014","1934103889.18071","1968710121.79031","2058109556.03176","1908149214.72352","2176347517.44788","2082141662.01065","2264785667.45018","2155199264.18646","2310927310.92964","2261901814.73271","2057148271.79261","2001393785.92159","1630338069.6076","1713969798.41412","1475571307.10358","1511138823.95233","1609189816.34618","1573622299.49743","1671673291.89128","1692821545.1527","1726466493.52314","1884117108.74463","1909110498.96267","1908149214.72352","1894691235.37534","1874504266.35308",
"Haiti","HTI","Agriculture, forestry, and fishing, value added (constant 2015 US$)","NV.AGR.TOTL.KD","","","","","","","","","","","","","","","","","","","","","","","","","","","","","2940183914.69058","2901682777.87309","2780149734.89487","2820793394.24003","2668994415.22423","2710852925.31257","2611601561.40096","2613927069.64931","2639147705.87368","2599152999.75034","2593479366.20956","2519882280.90235","2428164450.82723","2380021652.00491","2306571746.7701","2557027046.73554","2393247904.80287","2663923998.8702","2589250117.20919","2814761229.71024","2644588532.99223","2718854838.31555","2763013128.14522","2763614887.57076","2714395099.16789","2834282210.37784","2670908052.12031","2557091168.66159","2584309661.73473","2615594714.23274","2652570974.12104","2682973508.74351","2537865636.56788","2433018137.71279","2322483459.87802","2192903342.16097","2069531738.94579","1971059479.91639",
"Hungary","HUN","Agriculture, forestry, and fishing, value added (constant 2015 US$)","NV.AGR.TOTL.KD","","","","","","","","","","","","","","","","","","","","","","","","","","","","","","","","","","","","3833830201.25337","4019562102.12505","3883024003.06958","4040009329.14653","4149472720.84885","3734183078.70042","4199446226.91117","3553406796.47899","3551447539.06467","5331001105.074","5023935326.42542","4703739537.02159","3761462710.35421","5845225640.32289","5048361040.4297","3929044009.82664","4581585967.80232","3604822252.24453","4140446152.74464","4768172544.593","4710876822.42489","5325630646.62315","4984172938.59503","5240857868.25998","5157949384.92019","4726760785.71904","4800765156.70309","3528523752.67796","4929578690.81085","4489253564.47589","4295597177.07553",
"IBRD only","IBD","Agriculture, forestry, and fishing, value added (constant 2015 US$)","NV.AGR.TOTL.KD","376897983732.557","382771369343.461","390143483272.63","411461818528.603","450222993751.844","457968361143.151","476163475593.918","499979343485.348","503390272833.997","516998142595.25","546110592650.571","557316048037.158","555240333246.006","587025356843.193","603897107020.083","628911309603.849","630471684268.57","645364656838.627","656685791310.747","656979940111.734","679601561528.252","713803099680.567","749105147271.855","788610777380.987","840118452284.709","858878428648.932","875754017867.657","898109241272.679","949343504316.711","971266852802.614","1015521671071.13","1022176760182.85","1058235566303.07","1068723955284.22","1097700232983.67","1120662992383.75","1176634939936.26","1189859872793.78","1218303594846.18","1251333575177.45","1277199829140.87","1322635331912.29","1341964959708.35","1395458167841.42","1450964462640.4","1513222000086.67","1575816636365.6","1622022035948.3","1672321882255.14","1702971261555.55","1782062391467.51","1871311101653.98","1915744606454.2","2006956544479.89","2064353100202.33","2119239014714.2","2178013364989.48","2278107573821.67","2340070032781.46","2426228930414.36","2492380856087.05","2603902551701.17","2692138315622.78","2777620696247.21","2866359750736.24","2962692557551.27",
"IDA & IBRD total","IBT","Agriculture, forestry, and fishing, value added (constant 2015 US$)","NV.AGR.TOTL.KD","455303011168.937","462496082257.751","472693406920.491","497310282897.907","542454055259.469","551554451331.167","571121427393.888","598166742654.344","605552945657.647","622348260060.182","657172975308.429","669512201073.966","667996688278.34","702580244962.145","724886270333.985","752082710995.314","758171574394.339","775904257837.335","789676729783.302","791236450839.793","815820032730.453","857936762593.801","898587323302.047","941267145213.522","992389613025.459","1018259346274.09","1043603856271.27","1069765836679.02","1127037016305.4","1156865890260.98","1205465374108.16","1217081248998.84","1257896659456.06","1271116816043.17","1301419627926.98","1331437887956.46","1399419592645.19","1418738856289.44","1456187389987.72","1496508398438.44","1526946221489.27","1581684366442.73","1622784260522.44","1687707486559.08","1751701865325.1","1830988632662.54","1908472244644.82","1966570559906.28","2028552885653.88","2075835760241.58","2167307693492.1","2264834963215.11","2325141699106.51","2430955977064.19","2500934801498.2","2567415729666.65","2638828033328.34","2754066178619.74","2829926230095.97","2928012127984.09","3006107565075.89","3130240256684.07","3233617046979.42","3330853911408.56","3437360458025.5","3553437429569",
"IDA total","IDA","Agriculture, forestry, and fishing, value added (constant 2015 US$)","NV.AGR.TOTL.KD","","","","","","","","","","","","","","","","","","","","","","145277434858.393","150193292432.88","152279186776.592","149358757109.938","157262842661.41","166955498032.604","170628308689.421","176029145261.876","184394577940.904","188145394349.782","193631811323.162","198035321322.891","200861892184.816","201651219355.686","208994860872.566","221098212907.556","227615558518.131","237020043452.559","244390048959.688","248882112882.378","258172073551.475","280706591195.136","292140648424.772","300511749664.723","317679471756.557","332611758393.888","344503854637.701","356185166394.989","372629456100.183","385100868564.665","393585747459.381","409333866058.65","424027994299.154","436602209250.052","448198012801.845","460832507249.196","476094533878.75","489977321120.963","502027517293.362","514011466075.044","526836869646.067","542043250339.254","553877377832.271","571664395705.595","591434849701.27",
"IDA blend","IDB","Agriculture, forestry, and fishing, value added (constant 2015 US$)","NV.AGR.TOTL.KD","","","","","","","","","","","","","","","","","","","","","","58262006327.9787","60414473142.513","61030316999.7096","59316612281.9691","66637098082.6418","70907225571.6937","71478772267.3476","75243955858.6626","78613293615.04","81624249544.8828","84197049646.466","86744508174.6268","85818320340.3104","88586011780.23","92580903320.8563","98803745740.17","100402900296.414","104904314559.847","109015166349.523","113285497419.245","116641421826.583","135744058819.856","142139504947.192","148748297976.425","158008534526.495","165096300596.495","173624134588.74","178384712089.396","185865243681.763","192833107853.919","198982637024.186","209008031003.322","216190983289.855","225231140613.175","232448876296.422","238976915735.353","246069854145.068","253976304100.812","258020690570.896","266003049634.873","275738601740.832","284216230625.284","290630038528.018","300640246858.197","309192161620.94",
"Indonesia","IDN","Agriculture, forestry, and fishing, value added (constant 2015 US$)","NV.AGR.TOTL.KD","21251844640.403","21605368671.9671","22312416735.1051","21484160432.574","23595203935.3529","22756846946.2164","23847721100.7643","23443693636.114","25776952244.4486","26271885888.6363","27342558669.9536","28382929391.4152","28988970588.3906","30605080446.972","31745712596.4716","31747971273.9989","33244345133.4912","33668976507.9511","35402511507.4385","36766752731.7995","38678723255.6625","40582788408.195","41444473883.5098","43429851426.8946","45258263158.1444","47183241627.4429","48403405145.3848","49440947515.6742","51861716731.1913","53583049395.9578","54656529261.1687","55405104835.5933","59224747152.6217","60065244482.7504","60399170055.9333","63041643932.7414","65020545148.2819","65672606647.3345","64798165793.1153","66199675261.0113","67446089644.9638","69642123859.9838","72044075164.277","74773192019.1963","76880980496.7032","78970665689.3254","81621179449.8964","84453783639.5611","88531626323.9803","92035545108.9603","94801832797.9654","98543617059.2838","103063333434.925","107396414716.784","111948603595.859","116151993169.348","120069485898.865","124771325921.245","129617641316.917","134292303589.095","136671948132.33","139229294112.677","142368696083.58","144227709722.907","145203808387.955","152937796924.858",
"IDA only","IDX","Agriculture, forestry, and fishing, value added (constant 2015 US$)","NV.AGR.TOTL.KD","","","","","","","","","","","","","","","","","","","","","","","","","","","","","","","107855057738.006","110735909933.062","112386139842.561","116959842106.006","114270043113.448","117436309288.68","123153374665.628","128436387277.397","133300075197.071","136379770144.402","136042501261.631","142038763594.341","145048980209.121","150068125760.07","151770532296.326","159659833679.811","167504856240.983","170928593826.112","177825297086.187","186797913975.688","192298586358.22","194624429553.32","200336948824.046","207850238162.732","211370929543.965","215742526910.415","221848924259.543","230022091040.845","235994526901.464","244011698707.53","248003864355.023","251077388599.729","257800848168.692","263215056111.537","270972854125.264","282264542777.81",
"Isle of Man","IMN","Agriculture, forestry, and fishing, value added (constant 2015 US$)","NV.AGR.TOTL.KD","","","","","","","","","","","","","","","","","","","","","","","","","","","","","","","","","","","","","","","","","","","","","","","","","","","","","41731126.202171","40343444.6829477","31728910.9228548","33462939.9048194","44715947.7194081","31210230.0071042","32732203.2862523","25287337.0050951","27126171.615397","25486406.5877823","26935504.8163228","26396160.7785729","","",
"India","IND","Agriculture, forestry, and fishing, value added (constant 2015 US$)","NV.AGR.TOTL.KD","83909610038.4212","83980268175.6384","82309817649.0347","84235251888.205","92005342912.412","81845931617.7388","80681608400.1151","92679667308.8985","92532974871.8496","98480546769.7896","105464950029.07","103484986140.525","98291613055.0565","105370483171.703","103765314619.703","117140439180.992","110371850449.517","121449049504.784","124245422087.48","108373454003.437","122340868952.361","127970596055.343","127611209914.505","140526707398.889","142754185511.298","143202823760.091","142616430465.826","140351971635.304","162302525227.959","164232553404.002","170826647765.711","167491277566.126","178631133799.327","184566522684.571","193270643230.603","191926683498.772","210966384822.314","205578877523.132","218572396854.198","224406372464.118","224389276859.404","237868541706.439","222159145394.112","242261395965.056","242706025004.925","254378641318.327","261854309341.175","276273255700.599","275598612268.773","273172702322.382","297189386020.67","316202987145.86","320906381662.084","338782393532.156","338049105168.722","340245069830.013","363373427939.972","387377591410.888","395498830918.238","419862781604.175","436681199512.252","456869650970.773","485474424793.791","498277550479.968","519090689900.22","531672827172.172",
"Not classified","INX","Agriculture, forestry, and fishing, value added (constant 2015 US$)","NV.AGR.TOTL.KD","","","","","","","","","","","","","","","","","","","","","","","","","","","","","","","","","","","","","","","","","","","","","","","","","","","","","","","","","","","","","","","","","","",
"Ireland","IRL","Agriculture, forestry, and fishing, value added (constant 2015 US$)","NV.AGR.TOTL.KD","","","","","","","","","","","","","","","","","","","","","","","","","","","","","","","","","","","","2628159194.31067","2630622276.60559","2746671048.13015","2758261681.65172","2398351290.70405","2415878708.34087","2110756879.66065","2106328757.6749","2212119208.09156","2651735794.78272","2048543219.19259","1754201009.13195","1903849246.29719","2007933367.86989","1691621083.86945","2005973172.95147","2351095380.5848","1921636343.73535","1960845086.87613","2483862492.75316","2624338606.78555","2884196695.76285","3161861261.26797","3019829975.29091","3719045940.1125","3731964041.2753","3860689644.29649","4258417359.74783","4668807372.37856","4728377725.01792","4843626140.13982",
"Iran, Islamic Rep.","IRN","Agriculture, forestry, and fishing, value added (constant 2015 US$)","NV.AGR.TOTL.KD","4556609165.00229","4618560651.46785","4641435251.56643","4753225381.61795","4656136888.01065","5012159231.27423","5191872364.73745","5605378069.81368","6139025959.98651","6215784849.6545","6423524613.44126","6382689084.65974","7246118150.71162","7666294219.28343","7929650003.10513","8709883679.07094","9730862436.16561","9350132947.76467","9975479821.77341","10580771272.0632","10970783297.6209","11173914553.5044","11969602813.7439","12514624255.5398","13433262439.8303","14494271776.9442","15183385116.3732","15560441774.8764","15460522857.9953","16130967240.3973","17910021026.1975","18916388326.7799","20862078831.5837","21063142605.4525","21507853374.551","22305404394.8041","23038646782.3801","23265331601.8083","25723418835.3578","23844979495.3398","24673263217.8311","24114906072.4479","27384721566.0203","28740407033.8341","28831050060.8988","32223932756.1085","34718035927.8972","35489260977.1468","28266055642.6799","30419490271.638","32280233839.772","33481918636.9325","35156246495.6982","37031960943.6468","40105359100.1971","41293994020.9297","43335504339.7517","44319184498.8944","43121151595.3503","47275837511.1326","48496829475.9195","46416914278.2196","48124020717.1648","48502382483.2912","50241858665.9726","47440875045.3451",
"Iraq","IRQ","Agriculture, forestry, and fishing, value added (constant 2015 US$)","NV.AGR.TOTL.KD","","","","","","","","","3152211189.67993","3157601173.43588","3444571343.06239","3581179552.04911","4316261819.45384","3289191121.6843","3920005082.63794","3367067093.88218","4131329618.17249","4027618896.24788","4076314611.56015","4017954097.78897","3996765885.78286","4073154965.91013","4515877079.93239","4342654153.70705","4818831339.31791","5576588710.79934","5337013225.92331","4891689050.77749","5267872744.64024","5780107062.96322","6408133101.28448","5347607331.92635","6564442630.2067","6491027334.22064","6953079045.16075","7784251712.62824","8360608251.49602","7683143051.82718","8317488381.44851","9643052662.39174","8539471850.78064","8627031591.90692","10100858075.8233","7151129286.00967","8404818319.17031","11042194396.0716","11513439173.4127","8326038010.85448","7168524789.38093","7423697684.08575","8426989213.27451","9798183288.09434","9122162263.88925","11303779486.3871","11076227238.3105","6990950630.20872","6969370901.35107","5854404453.38576","7317658611.37922","11779564006.6891","14424679786.9068","11459260795.5725","9058213065.63473","10824735449.7334","12825412159.6145","10673940879.2252",
"Iceland","ISL","Agriculture, forestry, and fishing, value added (constant 2015 US$)","NV.AGR.TOTL.KD","","","","","","","","","","","","","","","","","","","","","","","","","","","","","","","","","","","","1009268175.66129","1035299076.6028","999836139.437475","959827139.332662","931900967.044115","912822492.784982","926687482.150627","952260654.181957","921579470.595526","965046387.880096","977646981.394459","956571599.789796","954531098.122709","957553912.938282","947473649.104045","861420583.414139","853925478.900763","924532020.812863","940244933.949233","895340176.107771","952655961.343964","927627546.339752","940120709.625263","1053344908.93682","1089871492.51055","1093185906.93762","1115655152.57246","1159836655.92886","1189207831.29916","1010845857.44535","998282383.696985",
"Israel","ISR","Agriculture, forestry, and fishing, value added (constant 2015 US$)","NV.AGR.TOTL.KD","","","","","","","","","","","","","","","","","","","","","","","","","","","","","","","","","","","","3030595928.82726","3269032265.26566","3288436359.55851","3603599711.22562","3387523168.61605","3537255367.95139","3818359815.25782","3972671428.40084","3731893029.30414","4199962619.34264","4593598787.728","4575509760.24603","4502780758.4599","4463356646.71904","5249842961.28952","4750788595.60018","5174927820.96974","4844378964.94976","4875703710.06301","4587807646.85188","4317735174.30642","4604366697.43915","4726565714.2467","4561620395.88104","4598957364.90346","4437587784.52843","4811450624.8067","4898718979.64754","5123761388.05252","4257541603.35712","",
"Italy","ITA","Agriculture, forestry, and fishing, value added (constant 2015 US$)","NV.AGR.TOTL.KD","","","","","","","","","","","","","","","","","","","","","","","","","","","","","","","29643304026.0596","32155198857.7011","32798425183.0416","32649488698.1988","33125020946.5784","33693993851.3782","34107169694.4216","34896363001.1648","35799037153.9151","37793977644.9307","38103384491.1137","37022730146.3933","35278186461.637","33905965515.3616","37873572582.5022","35993907518.3142","35722925814.4071","36111294216.6955","36871457539.5764","36496073457.3427","36586541443.4154","36869979649.4889","35408346352.9177","35856991558.0619","35092394564.9184","36752170696.7969","36631617091.0852","35166922450.7612","36195533951.6849","35468728719.3512","33989466305.3073","33895936975.4819","34797027674.567","32998857692.3488","33954947015.4056","33906387769.6724",
"Jamaica","JAM","Agriculture, forestry, and fishing, value added (constant 2015 US$)","NV.AGR.TOTL.KD","","","","","","","565191620.387023","572565091.511362","601687394.831546","629031847.342764","702557266.32358","724587250.33884","843302256.496676","794566594.157092","765835132.115448","763494806.890195","714191884.770329","697204676.704837","701084497.749316","688291654.033892","648683440.737366","665213078.481699","673587560.746955","688906549.937568","682981972.699586","651891153.633814","662434329.784233","714077521.401973","734434499.380702","784519107.652963","827397087.181665","889797881.319649","906866061.623842","902424013.885568","953567367.205372","989682304.470542","1027217390.4524","881930720.198254","859963346.775892","883350868.914942","771554555.726662","823039463.898508","765999794.203276","823974245.418851","723071735.478507","666805059.378066","800011472.192752","735151992.917966","689815073.792728","786241416.929253","786421182.1459","867405647.776137","887521434.593985","880762242.442904","876052380.258999","876286075.639085","987143757.595123","947971250.560145","972892214.769434","986904379.551261","971447397.290405","1047945780.73628","1134198819.46956","1110149875.2772","1096300145.59657","1128376803.47418",
"Jordan","JOR","Agriculture, forestry, and fishing, value added (constant 2015 US$)","NV.AGR.TOTL.KD","","","","","","","","","","","","","","","","","402326558.331968","431064170.520714","535871929.090636","508148587.305324","513182364.690123","486060069.297112","574151178.916906","558035577.897887","523062092.462124","544662257.198975","556645653.499265","675765870.833687","780498498.604571","565736506.342564","791655453.03783","835494371.221221","1089211775.11275","842068316.137011","724676134.879011","736396625.702167","762204141.344873","697591407.963137","788161844.722833","557096475.224901","587073700.972312","597441732.773796","746389034.284637","834104519.14661","927454813.936403","929971689.548927","1051533580.91163","1064456189.14033","1528107732.83652","1722397118.26457","1842074500.00153","1908552262.11234","1735128932.0058","1670697327.97373","1794941262.75762","1878825774.64789","1926420252.63074","1977006787.7622","2018012340.02697","2040134730.76898","2066318541.15962","2186044964.97409","2270112403.81345","2421413588.38836","2582478437.56868","2774454876.01636",
"Japan","JPN","Agriculture, forestry, and fishing, value added (constant 2015 US$)","NV.AGR.TOTL.KD","","","","","","","","","","","","","","","","","","","","","","","","","","","","","","","","","","","60222729987.5008","55945425123.6898","59757790918.6171","58058172846.258","58371720756.6774","57127621858.8976","61472211682.026","57608709318.0174","61167410816.3179","55068029254.1901","49559409634.8695","49978594931.4173","49978594931.4173","53706854527.1978","58813110089.8","54483322957.7213","52112873840.9671","53669174949.98","52692197340.6905","51669465959.0651","48356354562.2733","46265810876.2797","41925931000.3035","41965629126.3008","38788433347.3302","39479449879.5206","37451481205.6923","39572303123.3787","40967793179.6228","39336805765.7675","39697453147.7091","",
"Kazakhstan","KAZ","Agriculture, forestry, and fishing, value added (constant 2015 US$)","NV.AGR.TOTL.KD","","","","","","","","","","","","","","","","","","","","","","","","","","","","","","","10020095849.212","7755554187.22162","9981398238.92564","9292681759.31013","7341218590.82132","5549961254.38328","5272463192.61682","5225011022.65836","4237483939.20036","5144305501.61761","4979687725.04322","5831214326.10591","6017813184.67195","6150205074.7674","6144054870.38947","6580282765.89451","6975099731.84818","7595883608.47263","7124938823.63674","8065430748.44934","7129840782.7888","9019248589.48608","7449899335.08426","8284288059.78621","8391983805.73798","8685703238.47607","9154731213.67225","9447682612.44444","9806694551.91603","9796887857.14771","10374904240.1437","10146656347.0838","11070002074.3091","10250821920.8783","11655184523.6602","12342840410.5562",
"Kenya","KEN","Agriculture, forestry, and fishing, value added (constant 2015 US$)","NV.AGR.TOTL.KD","","","","","2713870139.04172","2440496805.33729","3002513666.21325","3054634980.84213","3203182237.36019","3486152384.33387","3211662889.60463","3729616567.69788","4155550621.28863","4268726608.24088","4164514162.48827","4471115453.85687","4556344518.62548","5011734510.98975","5201145841.19009","5341906590.66046","5399249090.88489","5719159880.01609","6140476355.2477","6254316307.07582","6036958053.14519","6279245205.54152","6588472183.73495","6864561228.28349","7177168396.22891","7472391729.82536","7731821273.6397","7676893194.53673","7421568169.35824","7178737770.45824","7399657294.42852","7754275389.70533","8100986254.19449","7852676370.42993","8503624189.7166","9106733138.05112","8990421794.34172","10038531164.8543","9687547901.8748","9922997113.06744","10096474848.0855","10793777615.2309","10980515866.947","11539413892.2368","10964374407.3157","10712436334.549","11821198846.5061","12102033188.1742","12398488644.4155","12900629690.7964","13078593943.6592","13652180891.463","13841863254.7337","13663398616.7214","14445518801.0606","14835118678.3851","15520901074.5966","15466077058.0458","15239429879.102","16237734643.8065","16945042699.3542","17471065764.2293",
"Kyrgyz Republic","KGZ","Agriculture, forestry, and fishing, value added (constant 2015 US$)","NV.AGR.TOTL.KD","","","","","","","","","","","","","","","","","","","","","","","","","","","","536276902.799666","590977065.773942","618276254.089483","626748032.135716","578240067.270619","563000373.1285","514401275.199433","470134268.506978","460682845.872715","530667977.535756","595711820.142851","612703317.659951","663020340.461733","680790686.94739","730325894.862135","753025786.101151","777088213.862244","809012335.013063","775337016.526333","788491584.274436","801206228.873613","808117088.282978","862460256.658217","840281275.895295","855797281.002196","866471488.467181","889440989.041967","884551488.779295","939002801.459735","965916287.993115","987505173.41063","1013227064.69978","1038330105.92613","1047266121.40878","999710751.312412","1072753545.97623","1079680375.12726","1146254800.1637","1171317912.90337",
"Cambodia","KHM","Agriculture, forestry, and fishing, value added (constant 2015 US$)","NV.AGR.TOTL.KD","","","","","","","","","","","","","","","","","","","","","","","","","","","","","","","","","","4717311685.78539","2039289091.6305","2262219306.23383","2315613240.49125","2354106460.60031","2457867355.18641","2548974585.48804","2613572750.00775","2702820531.97094","2634400960.99498","2946092601.47502","2937205858.31321","3422860060.49558","3615240533.75122","3829587618.37526","4055500957.70121","4282705100.82795","4472250514.26628","4584565097.77614","4779782801.61939","4831217195.68029","4859563939.06106","4868883116.09612","4933275904.93335","5015958915.42569","5071323626.47691","5053213840.62259","5083193751.42787","5161398779.14156","5192332351.73848","5249362122.28391","5299500067.61114","5363762896.89488",
"Kiribati","KIR","Agriculture, forestry, and fishing, value added (constant 2015 US$)","NV.AGR.TOTL.KD","","","","","","","","","","","","","","","","","","","","40766369.7172288","35820214.6740448","41808098.3601614","38308700.0706319","31333585.261769","42875316.4218284","30456985.4104449","26332913.8458807","24889606.607698","41091328.0127398","32942358.0293775","23446563.0507814","27036992.7055905","51159682.1677556","50500606.1614766","52682156.2027993","52001646.8304624","50763869.9406214","43004074.8692615","48322792.8583153","46968119.5180666","39293705.3884701","37408626.7427832","34628634.5596873","39750927.0295398","42789318.1817214","33983870.9656114","39975413.3371984","39836448.9802904","41754523.7289874","38927928.0756144","36125444.9590565","42307490.4723813","44632305.6447223","44649931.7681251","47372603.797915","43904769.7751467","50354661.8597011","60992168.3423022","54534943.7904122","59371033.1723283","59362183.0840629","60219427.4188756","57891496.5659041","59559106.4819105","58823128.6877912","",
"St. Kitts and Nevis","KNA","Agriculture, forestry, and fishing, value added (constant 2015 US$)","NV.AGR.TOTL.KD","","","","","","","","","","","","","","","","","","9135536.21319578","9567569.3101225","9893557.91962175","9104115.62432839","10168488.0722115","9952471.52374812","8436428.11089619","8491414.14141414","9100188.05071997","8188990.97356544","8554255.31914894","9009853.8577262","8679937.67461853","8479631.42058887","8966650.54803353","9375118.20330969","9685396.51837524","10042805.7167419","8287180.31377606","9214087.68536428","9465452.39630346","9410466.36578552","8813475.17730497","5977767.03202235","7042139.47990544","8420717.8164625","8546400.17193209","9638265.63507415","10160632.9249946","8122222.22222222","8385369.65398668","8860606.06060606","7921915.96819256","8114367.07500537","9280856.4367075","8507124.43584784","8236121.85686654","8287180.31377606","8122222.22222222","7407403.82548893","8075091.33892113","8173280.67913174","8079018.91252955","8177208.25274017","8986288.41607565","8059381.04448743","9170884.37567161","8719213.41070277","9017709.00494304",
"Korea, Rep.","KOR","Agriculture, forestry, and fishing, value added (constant 2015 US$)","NV.AGR.TOTL.KD","7044708706.14459","8094793694.64324","7582118021.05544","8307584103.92739","9635010250.86804","9749028282.67197","10612516193.5171","10075512348.1361","10087757527.9387","11000388345.806","10921808350.9141","11524254978.4187","11872147835.0608","12654298558.2108","13451289466.1547","14163942711.8822","15432332495.2715","15900893084.0077","14325725054.3067","15962686640.3623","13384386993.7235","15488206196.4898","16696829771.1738","18251562136.5685","17772702621.7732","18829194028.8441","19811646699.7577","18948077695.0066","20726385959.1805","20695651368.8151","19529521000.8631","20153457513.4516","21965014279.0761","21036326867.8253","21059519724.9348","22500558434.1494","23374345271.0537","24380801738.1366","22533401466.0702","23697828861.9967","23733185805.0028","23820605035.6462","23077541575.1772","21660263380.4138","23340772393.9791","23482930011.1571","24046046094.2628","25278430183.3981","26945153232.9473","28187511872.5179","27163295840.026","26882062174.0971","26749068168.2945","27875138146.6938","29297606351.4397","29223243239.6586","27301155480.1872","27642236448.7273","27428148536.9475","28227653355.9766","26340598163.8874","27246335999.7466","27463505479.9536","26955533252.9124","27128182178.7379","27520271214.1376",
"Kuwait","KWT","Agriculture, forestry, and fishing, value added (constant 2015 US$)","NV.AGR.TOTL.KD","","","","","","","","","","","","","","","","","","","","","","","","","","","","","","","","","","","","","","","","","","","","","","","","","","","548308446.928651","608718994.658795","600667263.85688","605486266.756281","650884627.886235","616159772.911598","619530836.616524","657983052.548453","634490184.077331","604727804.943058","579028902.402705","731675305.064001","761397320.966802","799084254.033795","828109461.506337","852830713.842675",
"Latin America & Caribbean (excluding high income)","LAC","Agriculture, forestry, and fishing, value added (constant 2015 US$)","NV.AGR.TOTL.KD","","","","","","72921553135.9006","73780345514.6154","76384939065.9309","76740671328.6684","79732823448.4136","81620094556.1919","85710880372.1779","88021731326.3585","91240970145.4595","94043663658.9986","96890395694.9626","99238584720.7474","105543131194.277","108047742568.105","110097171951.273","112984996335.651","120351991774.055","121384185686.381","121599939723.051","124996715758.184","129412023282.292","126758136855.956","133733001292.685","136208253131.348","136006187897.668","138180354859.224","140187112957.014","141439430269.737","143755355003.641","149378898789.146","154785713107.725","159068642044.477","160749595944.825","164741979056.313","171238380635.801","174182501110.746","180217189902.445","185324177697.971","196098950880.636","199554336276.505","206119104635.614","213836929244.272","224359664185.977","229451517579.093","216768086139.014","234850335696.05","241184610919.252","236940801163.246","253415784944.344","260351289180.764","269297160489.369","266235056920.877","286163843811.593","286204659645.184","294847542327.778","296618824538.209","301248135476.367","300080930560.587","309844196037.35","316117160286.069","339149542340.601",
"Lao PDR","LAO","Agriculture, forestry, and fishing, value added (constant 2015 US$)","NV.AGR.TOTL.KD","","","","","","","","","","","","","","","","","","","","","","","","","","","","","","","","","","","","","","","","","1560919858.19588","1619761946.21539","1684220838.67966","1726507328.91255","1785600125.62533","1810868915.10644","1886152089.49279","2025817726.74607","2095876798.60459","2155187520.53529","2215383134.12601","2226187336.18453","2287493316.52956","2352319227.00592","2449935866.09154","2537277069.48393","2607240697.80691","2682190934.62806","2716190538.02476","2749283485.33087","2837748185.06664","2902711606.71228","2950501454.68661","3020761910.33644","3110217079.50689","3219584767.43101",
"Lebanon","LBN","Agriculture, forestry, and fishing, value added (constant 2015 US$)","NV.AGR.TOTL.KD","","","","","","","","","","","","","","","","","","","","","","","","","","","","","","","","806627046.633102","939598310.776378","1009940190.54566","1076487072.99135","1205042781.07694","1220604479.54129","1337391466.22063","1352102772.38418","1408891088.80178","1438477801.69973","1396761945.44982","1435871279.8812","1443050636.2934","1536738543.33582","1472642561.69344","1457687819.17415","1489978450.36633","1408094257.63409","1483003015.75072","1547623670.78823","1656464219.17343","1637201924.62416","1677624825.06821","1938085914.85126","1640010619.23715","1723658692.71828","1970948040.13018","1948823088.16037","1944914016.88521","1957394344.01641","1819080456.50314","1804982091.50352","1801929946.56712","1644313697.04668","",
"Liberia","LBR","Agriculture, forestry, and fishing, value added (constant 2015 US$)","NV.AGR.TOTL.KD","","","","","","","","","","","","","","","","","","","","","","","","","","","","","","","","","","","","","","","","","649110802.288632","685092701.320849","671466304.322704","471205308.737397","400961126.49787","413307241.522472","430812204.021798","462168789.11998","510921148.457998","978956622.760356","1014437744.72973","1054757197.0012","1138083026.08608","1174914211.25301","1144630053.38713","1159124100","1211660725.88782","1245001261.66093","1259893051.32451","1261834517.84029","1292095448.38552","1334136998.03325","1413500682.9674","1433344060.93678","1482424183.57737","1520694668.52849",
"Libya","LBY","Agriculture, forestry, and fishing, value added (constant 2015 US$)","NV.AGR.TOTL.KD","","","","","","","","","","","","","","","","","","","","","","","","","","","","","","","","","","","","","","","","","","","","","","","1469512975.8067","1316769348.75545","1370143693.61519","1419676703.04941","1527941709.38421","1613563054.26336","2216955979.39167","2339777625.23367","2480795070.45967","2136894462.10207","1620538110.6939","1364280602.70257","1423214775.15185","1386211190.99791","1441659654.81187","1528159250.27462","1680975155.08453","1795281470.07814","1779549179.75518","1815145116.65123",
"St. Lucia","LCA","Agriculture, forestry, and fishing, value added (constant 2015 US$)","NV.AGR.TOTL.KD","","","","","","","","","","","","","","","","","","52995411.7661222","59426743.8841008","59406084.8723631","47811977.9531588","49416434.6460915","52182341.5346521","57155072.7828395","68534629.6226983","75224957.296506","102143068.463159","78179419.2276122","123480249.797258","110872672.279953","120322044.459219","95337013.0509727","123603477.578046","121386138.307478","94875272.9760048","103061362.06189","102447177.816083","80397771.7584612","79346903.4720512","67683439.2459438","70397156.2833456","53738869.8185997","60940012.4216805","52218500.3146461","54629149.5252948","41855937.7274344","45872185.2855071","47128675.9418862","57681482.3387781","55956975.621768","34292752.1956825","33162116.6105776","40290869.7912392","41608347.6976114","38015226.134778","38911111.1111111","39859695.2036991","38139787.6822895","43424071.7940299","45848231.1417549","37560097.4034857","42015568.1413992","44937973.6791704","41632301.8413636","46471038.8793127","49824619.0046239",
"Latin America & Caribbean","LCN","Agriculture, forestry, and fishing, value added (constant 2015 US$)","NV.AGR.TOTL.KD","","","","","","76995910809.2382","78191375980.2163","80969008149.619","81455744043.5943","84431763037.7211","86436127342.4617","90722035429.8312","92910076148.3855","96066836517.4762","99611837545.2972","102775785922.132","104897503458.724","111419944334.921","114073009686.688","116199537308.919","119215430992.245","126792828684.416","127717979696.143","127967902882.421","131345892530.535","136216669214.393","133730115962.435","141149151777.974","143762883203.911","144009789387.862","146358410995.847","148713166656.327","150901182128.678","153294597611.876","159710393336.834","165808857230.387","170473114515.261","172689823498.106","177182018416.357","183616015427.662","186860437072.171","192975985866.378","198465374613.656","209934895276.918","214304023261.146","221666211903.524","230701657015.621","240967987431.002","246729917431.697","233861484564.43","252181484917.647","260200041843.616","256208335311.373","272765311439.697","279597544281.719","288797149840.656","286282127678.163","306287788910.281","307337971989.651","315836857618.766","317050862120.185","322514134377.544","320898077011.647","331126948506.297","339396670897.221","363358924063.575",
"Least developed countries: UN classification","LDC","Agriculture, forestry, and fishing, value added (constant 2015 US$)","NV.AGR.TOTL.KD","","","","","","","","","","","","","","","","","","","","","","","","","","","","","","","91124556665.1169","93748867107.73","95578487490.2737","99523110573.6051","96430924893.0447","99059509681.2771","104131060210.974","108401707558.741","112874621359.619","115226614455.83","114506300009.457","119498179045.353","121079233221.863","126502928407.561","128777667736.017","135660828898.964","142149209755.6","147639200046.134","154884810075.398","161991695957.135","168776866935.092","169091127434.524","178297810070.759","186148509386.673","194190351131.155","197829837759.246","204121880076.942","210767258495.489","216227567208.673","223016649749.666","226616363388.045","230486780156.226","237721600189.343","242243548184.6","250317084418.481","260343804021.915",
"Low income","LIC","Agriculture, forestry, and fishing, value added (constant 2015 US$)","NV.AGR.TOTL.KD","","","","","","","","","","","","","","","","","","","","","","","","","49123116061.8097","46199463612.4351","50185176387.0434","54134745977","54138958556.5416","59142814122.1487","57091572143.7353","58774216726.5077","60955991040.315","63262895187.2168","63702282882.1083","64808344917.1332","69098799494.4962","73030928942.7922","76798861248.416","77357127062.2907","74454364158.9149","78439796500.2622","80750017328.5222","82374556957.6519","80912875247.3668","84860643292.4603","89851461307.8222","89526935095.4048","92181435488.9689","97456825289.0024","99966663135.8691","100117552402.428","102626166694.916","107282695245.879","106056767314.961","107066285424","111789142496.252","115511209142.241","117569211021.507","121691488443.824","123337788270.178","124742374790.717","129250394467.862","130668230179.079","135877515832.668","142764051617.627",
"Liechtenstein","LIE","Agriculture, forestry, and fishing, value added (constant 2015 US$)","NV.AGR.TOTL.KD","","","","","","","","","","","","","","","","","","","","","","","","","","","","","","","","","","","","","","","","","","","","","","","","","","","","","","","","","","","","","","","","","","",
"Sri Lanka","LKA","Agriculture, forestry, and fishing, value added (constant 2015 US$)","NV.AGR.TOTL.KD","1493246406.71477","1607130042.08859","1656504641.80347","1753093047.48954","1810278957.70028","1693075350.01912","1723040063.62793","1876936077.64946","1990400820.8858","2016592893.98918","2099048130.82549","2045055271.73905","2102993307.50481","2082973189.92734","2199200949.64911","2138231778.6484","2167688285.28615","2390945937.02712","2524658872.87604","2573641044.28681","2648571544.36284","2829144334.56028","2895879800.86244","3035639338.0063","3018437949.92134","3301181414.12467","3387311967.7855","3185646584.85802","3254013397.29014","3213967939.0769","3494320967.44637","3551169117.51449","3474934584.96666","3639378463.04092","3752521114.64017","3876583514.97831","3691482302.24636","3792105199.68072","3881557641.78274","4057300810.59359","4117700665.26535","3972601385.32929","4067309999.42923","4135487038.85422","4135575832.41258","4210701327.5021","4477009457.613","4628879607.56814","4977555922.29031","5137730790.95762","5494868518.1278","5787152302.44035","6097838352.36573","6344537150.0047","6634604339.48944","6991818016.84298","6665550606.38804","6543854361.93905","6953857059.57009","6985414365.53746","6922622929.37544","6992525243.29346","6703448986.22791","6707765738.62636","6745519813.98061","6838924445.00229",
"Lower middle income","LMC","Agriculture, forestry, and fishing, value added (constant 2015 US$)","NV.AGR.TOTL.KD","","","","","185695503188.668","172508821830.441","172506202094.112","190618990663.109","194686028107.085","204290916857.501","216683442571.08","214596632901.868","208909570738.444","218473911190.217","219727794574.554","237073292897.808","232537319142.121","247303037080.939","253342748249.112","234043353893.655","255187816864.674","265410307835.321","268724290625.314","285838625834.352","288914295397.524","299341664118.094","305568128468.138","302914039483.502","335692839813.137","343432927809.346","356333924923.091","358656458358.924","371704927244.483","379338087184.594","393095539588.862","395020733857.328","430111366934.372","426013232141.881","449342976892.936","462787376528.682","469581295332.535","492405386116.132","496653084272.892","532640569750.781","546015391639.508","572857139824.821","595420658617.993","623463532266.27","634934195581.079","648465116083.323","686657007167.989","718858102859.102","739265083818.376","772395213375.647","788551092861.867","805193855633.284","838165757829.621","880768485724.457","904057049699.105","940086917404.179","970798575908.952","1010305292913.57","1053796751643.88","1080650992767.99","1118938028493.78","1149530390323.54",
"Low & middle income","LMY","Agriculture, forestry, and fishing, value added (constant 2015 US$)","NV.AGR.TOTL.KD","420664700617.828","427325235639.429","436843702338.863","459702963052.205","501647076668.772","510027103651.668","527905289556.893","552922467186.73","559667239191.636","575338326467.209","607618945094.218","619131536785.535","618001560937.142","650223387104.573","670256094504.877","695471042968.21","701523521302.459","718115841961.499","731018361244.124","732460654667.857","754926572812.031","794614193619.901","832773446167.646","873725245152.67","921417688214.955","946075240556.069","968857241910.068","993679634744.309","1046962303055.85","1074693271358.7","1119591621390.93","1132839224318.63","1179055516625.42","1193286432093.42","1227848714413.48","1259671424349.9","1330996049474.22","1348749899045.9","1395956135842.57","1432864557034.77","1460697603561.72","1507892599235.87","1547323239423.65","1612103961149.93","1672497898483.79","1753238179202.63","1828763399261.91","1889762261333.47","1946638875843.18","1992688226013.7","2091290444631.49","2180190512433.91","2245092579113.73","2345756236827.36","2413731120111.64","2480767962304.99","2550772555708.01","2663670480095.75","2738041158507.53","2834222907691.41","2911919159861","3034145361254.14","3135327910067.22","3229729665976.73","3337045665859.45","3450238690520.58",
"Lesotho","LSO","Agriculture, forestry, and fishing, value added (constant 2015 US$)","NV.AGR.TOTL.KD","","","","","","","","","","","80572496.6500016","73052229.4596936","78680697.8591958","101014335.708055","124137962.466247","94320535.0920874","88843780.5744476","111358880.115856","124136710.854096","128398502.515247","97012387.4058193","101421477.923435","87237543.8115988","89226353.057929","88233958.7432479","96771447.2359706","112594777.876309","95721906.2275493","98678617.0629189","97487701.0914185","98870134.7496642","72136335.7938432","89381654.9767157","90864105.9338152","91065856.6439009","89037333.7648361","87755866.2968121","86672938.5768682","101288299.911741","110145516.015347","105303129.570582","118925441.706074","83980239.0995913","86855518.2335635","86066947.6411939","87260885.6110066","78263770.0713463","77726971.1045535","91503703.0441084","97227692.7326261","91741655.2196376","86898094.2636966","94343851.0333056","104328711.528325","88180707.8273038","89241073.5664297","136539472.151459","108947865.074719","94505289.4888315","94056683.0507527","108268997.614942","119711862.185243","122940138.758815","132426709.507782","141945402.956407","138383937.762994",
"Late-demographic dividend","LTE","Agriculture, forestry, and fishing, value added (constant 2015 US$)","NV.AGR.TOTL.KD","166586516245.275","170171613613.005","177342327057.769","195036964247.905","215998273926.61","235844161639.327","251202968387.496","256656337067.133","257071398937.516","261195589472.346","279522361329.511","287313821711.077","287394388576.483","309199995904.59","321970847106.582","329444763067.356","329088415509.438","327722372661.287","329468358644.898","345918055346.646","346408400599.226","368466022789.036","401495019796.443","426895109917.52","471179514175.658","484949906726.882","497189694933.496","519878571367.532","536578531460.957","557056749474.802","584349381364.63","593211968181.919","611484704570.462","612086249612.663","628459904210.464","645742784906.962","672667042204.679","688659221161.86","698860027455.728","721602649325.567","741511693983.148","768325592520.449","790168250270.942","815470682020.369","858172917151.919","888020494222.786","927552518419.008","954258763087.912","1000179595811.5","1029207464614.95","1059669711020.39","1113956536653.52","1144072794901.29","1193689281237.3","1237212561558.4","1276766477404.08","1302961837219.37","1361838742079.7","1406407625331.42","1442975931005.79","1479304272001.53","1564730899337.98","1616887027469.91","1686912378652.85","1733383430916.49","1807786679345.73",
"Lithuania","LTU","Agriculture, forestry, and fishing, value added (constant 2015 US$)","NV.AGR.TOTL.KD","","","","","","","","","","","","","","","","","","","","","","","","","","","","","","","","","","","","1162086082.88981","1292276870.00132","1370675095.11993","1278158677.41516","1074889354.69332","1121001447.9641","1047259980.54832","1111650050.74099","1172563111.26014","1131955606.84475","1151784032.43819","1026553959.51717","1152716646.70601","1181025187.7211","1197564208.83222","1122408486.89813","1195584432.89619","1339036561.96096","1297649774.44365","1356667842.14203","1427645740.77969","1371016933.42506","1378811568.34038","1227622529.0345","1357450733.0361","1601460146.53441","1466938204.96057","1452056964.33711","1424248102.53321","1491826559.02832","1491500955.78782",
"Luxembourg","LUX","Agriculture, forestry, and fishing, value added (constant 2015 US$)","NV.AGR.TOTL.KD","","","","","","","","","","","","","","","","","","","","","","","","","","","","","","","","","","","","241734108.074311","238244869.949129","206657042.874465","236864464.811964","271678677.509026","235094934.891266","196206508.401064","266229212.549364","157377352.573255","179158032.509762","141401761.570764","147938714.336059","158756039.720206","134117483.062261","136149006.490635","156205683.247123","119335895.258688","140574549.282593","115486738.183617","132110011.496888","134397515.467187","134098585.169905","124791373.1841","134257499.264724","122071794.674912","111039720.513981","125625457.433128","115594971.567116","99044712.8379519","132603074.688383","133736948.229801",
"Latvia","LVA","Agriculture, forestry, and fishing, value added (constant 2015 US$)","NV.AGR.TOTL.KD","","","","","","","","","","","","","","","","","","","","","","","","","","","","","","","","","","","","606416418.477631","552198773.555958","594512685.488498","563701506.875379","522372755.993927","610739390.526717","667429718.555859","712778246.614177","696692913.965057","719264482.956851","781632824.047585","752654151.685632","806794441.903836","766518426.297191","853886562.761055","792346005.910901","823772465.613688","882835004.549238","826447871.392318","913711089.98251","936404470.403906","898417976.193065","911881251.134912","875986001.321326","1062166324.68998","1059949712.32503","1063738314.52601","921822664.232574","884933362.022674","920424944.762981","891352913.27615",
"Macao SAR, China","MAC","Agriculture, forestry, and fishing, value added (constant 2015 US$)","NV.AGR.TOTL.KD","","","","","","","","","","","","","","","","","","","","","","","","","","","","","","","","","","","","","","","","","","","","","","","","","","","","","","","","","","","","","","","","","","",
"St. Martin (French part)","MAF","Agriculture, forestry, and fishing, value added (constant 2015 US$)","NV.AGR.TOTL.KD","","","","","","","","","","","","","","","","","","","","","","","","","","","","","","","","","","","","","","","","","","","","","","","","","","","","","","","","","","","","","","","","","","",
"Morocco","MAR","Agriculture, forestry, and fishing, value added (constant 2015 US$)","NV.AGR.TOTL.KD","","","","","","2391414792.32573","2111204374.18405","2504354083.72605","3245482856.77541","3107173670.29358","3236784103.62423","3560375628.2744","3481217442.25309","3156756201.56597","3222866281.93346","3018446735.02252","3480347455.84981","3051501765.4559","3599519732.93105","3537759043.73716","3755226261.8869","2749040430.92299","3834136266.60202","3320105646.08916","3646704609.98798","4136385344.50679","5550994870.04779","4244676251.19374","5663524149.58844","6024088023.12913","5622625638.48544","6845546717.47761","4501861444.27091","4217228708.43099","6737275491.34406","3974447688.72115","6898947031.08301","5319912668.25928","6746647992.42871","5756241594.14805","5056200722.4929","6019996353.42517","6277596907.40668","7552354657.82568","7889658368.20832","7013751008.42456","8491311864.13882","6791244114.09114","8055901170.16958","9984988326.84482","10095466002.2311","10767851494.3348","9923990510.07089","11692820834.7977","11423032477.4051","13024627962.8706","10601014955.1355","12668883043.3566","13235435497.9992","12716118464.8147","11809432575.7221","14057718032.1544","12395221363.2919","12618577498.7563","12049605783.2877","12498240056.938",
"Monaco","MCO","Agriculture, forestry, and fishing, value added (constant 2015 US$)","NV.AGR.TOTL.KD","","","","","","","","","","","","","","","","","","","","","","","","","","","","","","","","","","","","","","","","","","","","","","","","","","","","","","","","","","","","","","","","","","",
"Moldova","MDA","Agriculture, forestry, and fishing, value added (constant 2015 US$)","NV.AGR.TOTL.KD","","","","","","","","","","","","","","","","","","","","","","","","","","","","","","","","","","","","902241377.157288","791312749.837593","886524954.864834","831272927.269611","797434930.301207","815982703.168031","876238127.691006","920673274.534733","820274852.239621","987295846.236212","1001919533.86233","973654044.761863","634045548.324187","894173475.799713","805203232.461717","864707751.292281","908799092.38129","723521645.616874","1062231206.30125","1153481517.4981","999758853.998531","1183574917.73377","1241829425.60436","1180924171.59201","1183431388.56895","835572967.522607","1255491127.73485","960870208.664623","1217696072.6095","994931316.166692","1101322944.6063",
"Madagascar","MDG","Agriculture, forestry, and fishing, value added (constant 2015 US$)","NV.AGR.TOTL.KD","","","","","","","","","","","","","","","","","","","","","","","","","","","","","","","","","","","","2187084818.15297","2241781763.87698","2283953449.5801","2332780143.16802","2415510449.5234","2439665554.0024","2537760842.66215","2504985938.3555","2537437352.13048","2615324081.40817","2680666543.36059","2738169478.21253","2799632328.29711","2863721139.66113","3020444203.99492","2950739496.34425","3006134318.69202","3068597950.05058","2913974448.5526","2960186517.32991","2914925340.42173","2954144653.00948","2992338957.97331","3002942290.03888","3181101160.51844","3137525179.76736","3058223769.55352","3136873114.08983","3301884352.87983","3451606291.88531","3506335709.89463",
"Maldives","MDV","Agriculture, forestry, and fishing, value added (constant 2015 US$)","NV.AGR.TOTL.KD","","","","","","","","","","","","","","","","","","","","","","","","","","","","","","","","","","","","176519212.399035","179930603.664302","182229258.596677","195462706.114845","202288731.401109","200607913.211495","220341941.827136","260207505.845311","263742580.708864","264547010.511081","297011737.138527","302171053.281808","244346080.135915","229851475.966912","224467657.114162","215790201.858011","215683545.786514","215289355.176237","230524531.333195","229709577.870872","228510455.749001","231941615.58741","251061570.28062","263446345.795275","242184459.165985","258047732.634307","256007256.123741","271831543.102412","280469124.699893","207888230.220377","254916754.082026",
"Middle East, North Africa, Afghanistan & Pakistan","MEA","Agriculture, forestry, and fishing, value added (constant 2015 US$)","NV.AGR.TOTL.KD","","","","","","45497176754.4967","46090331624.5107","48496684892.3178","52236063631.7131","53329270309.4229","56384577547.4652","56916612128.6676","59964949105.1167","59647914950.9048","62596390586.9768","62461587404.2171","67726101804.0561","69204198709.3177","70595354318.787","72182149170.1303","76056685278.934","77090869135.9002","81809877774.6969","84200662998.9994","86511789743.7834","95134213532.8777","100969602786.423","103136180990.392","107726202489.762","113880166707.469","119653597252.444","124664669326.004","132526441685.909","130522964593.489","138495234176.162","139755004877.806","150512279444.485","149998547484.996","161322010608.762","161169421708.232","164066106695.777","167800331243.131","175717520471.542","179008300447.813","183630632609.639","194513922580.681","203382066083.433","200900685495.434","194104509864.67","208332357330.509","212774195148.662","222832420184.283","229805547553.255","241321326635.462","244523460686.741","245870321183.71","249310866214.118","255383215229.821","261733249604.87","274512767117.006","282371056813.296","284176270835.838","288382626397.04","295968184547.37","309033127751.53","310357444470.21",
"Mexico","MEX","Agriculture, forestry, and fishing, value added (constant 2015 US$)","NV.AGR.TOTL.KD","","","","","","13476100245.0913","13783792786.6769","13958353520.0464","14220394349.3966","14381773154.8038","14980210045.6842","15852842533.4957","15961950124.8526","16602500717.0649","17018844335.2824","17350789347.7147","17528431578.6433","18886113512.0242","20029688911.3249","19596568287.2675","21002583973.1807","22641229921.8493","22134562440.8694","22580141696.4198","22914312650.7292","23612226457.5997","23310436094.9662","23605853932.3668","22809775561.6263","22499185717.1844","24114659037.4252","24662358090.3745","24129277487.6834","25356038069.9651","25311896352.6331","25620748463.4394","26595433144.7668","26581759755.2855","27434100001.0859","27772082596.5502","28086166573.2265","29548186282.6431","29214163113.9322","30297502784.3235","31056277104.0733","30097046040.6144","31904374931.597","33297220242.1885","33562441748.8312","32629147620.4077","33418899386.8382","32610170568.8696","34584524544.3453","35627302641.8799","36751435074.9863","37432395163.4586","38523698176.447","39782572978.3692","40760956544.0196","40882758314.9201","41340586030.6436","42300881201.5483","42963226389.9039","42479500909.9992","42643724920.4643","44435725325.5366",
"Marshall Islands","MHL","Agriculture, forestry, and fishing, value added (constant 2015 US$)","NV.AGR.TOTL.KD","","","","","","","","","","","","","","","","","","","","","","","","","","","","","","","","","","","","","","14186400","13604100","13249800","13649000","14143900","12387600","13056300","13676900","13643900","13656700","14531800","15297300","16374400","18673400","19666400","22988700","22963500","21541400","22820700","24529100","26022200","31455800","48590300","45504200","50680500","42864600","37276400","45306800","",
"Middle income","MIC","Agriculture, forestry, and fishing, value added (constant 2015 US$)","NV.AGR.TOTL.KD","395991112097.093","402260981345.669","411221153683.002","432739631602.112","472223563038.614","480153019988.131","498639216302.642","522592314684.544","529281791357.48","543982222580.659","574182480266.776","584643323273.203","583981760436.046","614669714964.049","633126906626.37","656606590207.971","660823189959.346","675739756409.537","688702935563.682","690283479493.412","712759327917.012","749491732958.244","785479208993.22","825086968287.154","873327104239.917","899288323326.775","919216902957.359","941167490162.354","993357001869.193","1017553464168.91","1062743359234.71","1074598816691.11","1118593292826.2","1130974890357.46","1164720554185.25","1195293479088.73","1262512320205.12","1277119460908.97","1320914912025.3","1356937196385.31","1386562118482.05","1429942743681.11","1467102336048.27","1530168983093.6","1591747870078.41","1668550931284.21","1739127868427.31","1800348069104.64","1854572246668.28","1895436527833.19","1991495315949.66","2080168982233.47","2142555761781.12","2238568009459.14","2307683934331.6","2373672389471.2","2438987695215.85","2548138964754.58","2620427481939.52","2712485236332.23","2788499766507.61","2909241698663.52","3005920577535.89","3098745244014.19","3200895641915.47","3307405918071.82",
"North Macedonia","MKD","Agriculture, forestry, and fishing, value added (constant 2015 US$)","NV.AGR.TOTL.KD","","","","","","","","","","","","","","","","","","","","","","","","","","","","","","","771469548.720428","917127124.448872","913045276.363","741220896.165741","796390312.96953","812932548.160365","796261413.901671","820365811.250187","847348982.619588","854954115.157797","863633413.637842","763693170.643472","763934645.105555","845190801.596295","901544904.184785","906464946.349714","901575088.492545","922341892.231635","1129738270.85269","1160465896.15268","1004050813.33878","1022463241.07257","858411528.395309","932031055.022693","961098543.395866","978967653.589967","975224799.427689","853732960.692462","924334056.543815","924998111.314542","947968369.520134","865384103.48794","810297741.825383","696182947.906775","698790872.097265","711321585.620878",
"Mali","MLI","Agriculture, forestry, and fishing, value added (constant 2015 US$)","NV.AGR.TOTL.KD","","","","","","","","450354129.699889","530497320.336714","540166087.511585","619170175.262609","668779203.31348","736758881.244359","698175277.266514","643056800.661584","1102380906.37394","1332041372.71035","1532307792.52278","1548845928.63232","2010008017.75911","1664861197.85199","1779860920.11554","1606939988.52034","1479674415.53954","1287917145.02573","1799373622.66127","1779635074.02945","1793910875.64554","2358514709.96558","2313314678.22844","1990466386.57459","2400363085.00107","1979103064.19546","2206818070.77505","2451465262.10988","2356357404.14595","2417572423.60925","2403517254.49113","2653897870.26846","2847468330.54037","2558811545.03137","2830475501.85653","2737270368.08395","3407653188.2155","3119107014.86154","2820058118.84324","2566436386.20967","2739549381.51444","3119905451.02509","3494404508.21391","3773982057.60807","3643789491.45895","3994386878.65747","3849856223.41323","4432662506.62043","4756785106.77913","5053611100.9089","5340954254.7651","5729664870.23063","5851283328.80179","5694541244.17545","5655299294.66991","5976660204.88654","6140687422.37861","6688679725.24263","7157264375.98598",
"Malta","MLT","Agriculture, forestry, and fishing, value added (constant 2015 US$)","NV.AGR.TOTL.KD","","","","","","","","","","","","","","","","","","","","","","","","","","","","","","","","","","","","","","","","","109421265.836218","130138952.82308","132103870.937887","134061847.579117","137245234.852981","137513478.133921","142084197.938933","130818255.049269","82194950.8217769","103362252.859603","109906069.347301","92975059.2884401","90681761.3641694","90434205.0490405","101622485.907583","106780962.960508","135633919.525885","99658942.3419993","94795306.0974878","65067723.8612801","77547806.0799462","108589388.646235","88246060.1403577","17250592.7532942","163296447.736363","125358889.171349",
"Myanmar","MMR","Agriculture, forestry, and fishing, value added (constant 2015 US$)","NV.AGR.TOTL.KD","","","","","","","","","","","","","","","","","","","","","","","","","","","","","","","","","","","","","","","","","6756003585.45865","7343769856.48813","7786671436.84984","8698327422.77231","9653540146.11238","10819399321.2908","11412118259.1597","12394216961.065","13171105672.9524","13945934370.6155","13481303595.3145","13392236353.8638","13617497309.3397","14113245025.3503","15432002473.0231","15957931844.5665","14926987174.7352","14733825190.2411","15129676782.7882","15464444373.2324","14579135702.7014","12710036633.3871","12432122601.0187","12678631491.0916","12196986716.9623","12062848959.7934",
"Middle East, North Africa, Afghanistan & Pakistan (excluding high income)","MNA","Agriculture, forestry, and fishing, value added (constant 2015 US$)","NV.AGR.TOTL.KD","","37584268860.1556","38553031070.5609","38620657378.5529","40752013343.2472","43209858023.2023","43773192707.8438","46058569306.4112","49609955039.5553","50564792512.6214","53629594952.0074","54062457450.6816","56949431137.3192","56481161430.3712","59276932922.5862","58940537156.5896","63885730638.5533","63470668913.9405","65442469340.4019","67578921928.9204","70874015930.0523","71592317041.9286","75907942702.6147","77750597465.0677","78896388594.5732","86223877796.8407","90743276439.0976","91443663737.8267","94841808557.7542","100050828041.089","105373512606.552","109715063577.962","116601013283.32","113966561820.996","121679434890.413","122578189316.673","133007096106.804","131514412929.721","142368569643.165","141515595915.559","143088994458.48","146532914002.436","154046582752.338","157588294989.44","161355794722.508","171865120044.88","180888658658.299","178265547091.843","171668487085.034","184873481382.368","188620924339.328","197238747823.538","203892156004.293","214561622776.131","216970677130.314","217277284489.021","219237396668.191","224081124104.544","229607322852.166","241797881540.62","249318073553.598","249260298961.946","252997683444.192","259122187000.315","271422423293.852","271583320596.527",
"Montenegro","MNE","Agriculture, forestry, and fishing, value added (constant 2015 US$)","NV.AGR.TOTL.KD","","","","","","","","","","","","","","","","","","","","","","","","","","","","","","","","","","","","","","","","","146818373.611938","150582526.257137","163790319.769049","162297941.494686","168966421.864379","172001381.060222","179772018.711803","159195104.136388","177505892.138768","180975313.409858","178433281.455383","203687618.498111","173068291.90028","215559394.063655","203513896.421321","199088219.311523","223647877.224787","206081657.232443","186781144.959946","175746603.123905","167944797.995574","172751283.101514","210552412.135797","216470258.342262","209574297.227825","207607473.080797",
"Mongolia","MNG","Agriculture, forestry, and fishing, value added (constant 2015 US$)","NV.AGR.TOTL.KD","","","","","","","","","","","","","","","","","","","","","","680396860.390168","767158879.102285","783712162.743905","763163227.794059","830517969.443267","868190916.181838","756313633.158206","774008473.738139","833607131.693796","974943643.338782","878640914.256641","859811206.906732","852673628.989089","868470411.404859","870557417.936247","888935243.411477","928361542.546809","976272233.614911","1004221944.46611","840235700.407762","679328208.660043","604657802.117854","633585299.314696","736407754.902883","819439694.029635","872958077.020447","999024645.903805","1045705139.22385","1083699540.48878","903833482.476885","900972193.246267","1090638257.43242","1299797793.27614","1477622291.48222","1635988287.16204","1724334579.17125","1719306867.69996","1831204549.90798","1927337134.67691","2039617877.073","1926775725.32114","2158242837.02161","1965828254.33329","1401359399.07393","1867166266.06569",
"Northern Mariana Islands","MNP","Agriculture, forestry, and fishing, value added (constant 2015 US$)","NV.AGR.TOTL.KD","","","","","","","","","","","","","","","","","","","","","","","","","","","","","","","","","","","","","","","","","","","","","","","","","","","","","","","","","","","","","","","","","","",
"Mozambique","MOZ","Agriculture, forestry, and fishing, value added (constant 2015 US$)","NV.AGR.TOTL.KD","","","","","","","","","","","","","","","","","","","","","","","","","988742247.276596","959417029.574346","930443279.761836","1193960228.1455","1254794794.90761","1310630164.19759","1325047112.52154","1208959500.9317","966951763.485594","1202961996.00011","1194145920.98697","1388209054.94299","1455773809.85302","1589343315.71478","1726411349.34329","1833575110.51755","1603890010.51786","1767882899.02474","1974214876.24912","2078510526.2773","2184308223.65691","2335509473.2774","2585421532.45676","2809044525.54145","2994050441.10833","3157490087.50805","3309716881.59963","3442802934.50384","3488486657.19837","3577396925.63912","3708112071.78629","3819860887.04766","3981296975.99623","4140694448.77949","4279472507.9183","4359042436.63533","4528192487.3864","4682219910.09567","4942058315.49657","5131347120.02401","5249849030.77536","5320336612.36632",
"Mauritania","MRT","Agriculture, forestry, and fishing, value added (constant 2015 US$)","NV.AGR.TOTL.KD","","852786596.560143","827504553.705736","828865228.046358","846845358.448932","907480562.111875","914339046.325666","948342918.181752","986889712.636935","816782159.725381","784917616.368018","682288983.317969","966594770.463379","789260186.212498","786624157.00395","662114197.484577","679452682.984263","718792730.123229","698746140.033791","711485540.357071","793410524.335615","864182532.387734","878572436.013489","1010998524.62087","824538055.016463","844808957.753548","915316534.200335","966835162.687141","995919523.273884","1006976422.37025","940715260.135541","1005293839.98502","1074305639.86804","1175232395.8732","975441481.759352","1218311169.276","1321775393.68717","1027910015.89519","1043216521.53138","1102708387.55582","1007454349.5192","990103720.713912","911668064.51743","936759630.588437","920033019.609162","1012734557.93618","941206261.643887","1015379037.97992","1077124790.30927","1079650175.55083","1148245787.36852","1149047493.98632","1228497262.70835","1203746090.72028","1156665254.80135","1275381156.77651","1343916766.82091","1501166443.40963","1546104361.49469","1593799588.71014","1584120080.95794","1538355655.23461","1672866634.34387","1685803587.16972","1753308915.19951","1827066663.35449",
"Mauritius","MUS","Agriculture, forestry, and fishing, value added (constant 2015 US$)","NV.AGR.TOTL.KD","","","","","","","","","","","","","","","","","290996303.635856","290996303.635856","291306534.425848","303095298.859337","199478277.920293","243220790.554927","290375842.026472","252608003.487216","254505887.136285","283163893.374278","313529994.890551","301929384.868237","287351359.350947","266202955.755581","291765833.607823","287149899.08594","305102785.976225","287177809.438867","270586978.936459","290776475.02728","307324888.731871","318494551.407204","316056116.220465","235481552.828181","313713287.14944","340317871.869973","280651446.909732","289268683.848096","316704596.056446","303425883.284348","306263739.642074","299412951.968756","307446641.141547","338808898.771283","337537944.268564","349313105.483192","353178338.021828","354937645.788164","367951787.936768","368859590.320823","382415048.663375","381857206.177022","376935014.188631","392823287.627482","385310251.637959","413315469.775837","436159948.111664","496739573.476393","529593578.169024","575347831.483272",
"Malawi","MWI","Agriculture, forestry, and fishing, value added (constant 2015 US$)","NV.AGR.TOTL.KD","","","","","","","","448393365.414043","419890859.858337","437502186.379202","431708968.486995","504471524.611931","552902643.857896","518143455.883657","528802922.083409","533669208.665205","596930942.169994","663900280.402725","683365428.431959","704684360.830009","658570528.174452","604577946.944812","643276528.626164","671778994.230304","710245864.51676","713721753.667425","718124575.686527","724149508.403909","738748330.122354","756823128.274502","754969335.274703","851599824.780727","637715018.711472","975574251.773588","693430015.184697","967960667.516428","1214862194.27928","1216489513.01351","1342266220.70247","1478039162.79802","1556358662.09272","1463246700.27837","1549484843.51171","1600743512.33251","1659076987.32095","1504280929.32018","1434774769.80527","1595073357.43842","1652495998.40571","1718524755.81471","1835449743.70299","1947412178.02844","1924043231.86998","2043333912.27152","2163649704.09493","2120003047.68259","2070606128.68214","2178277647.37245","2184729992.14626","2313594633.621","2391911936.54627","2481703209.35147","2504981633.31816","2518584682.36679","2512463430.31839","2542612557.82712",
"Malaysia","MYS","Agriculture, forestry, and fishing, value added (constant 2015 US$)","NV.AGR.TOTL.KD","","","","","","","","","","","6942172237.36613","7042439848.83858","7579356120.12206","8472058928.26874","9057491922.91679","8782565101.62351","9857474887.68386","10090354054.8264","10256388174.1977","10846133952.3246","10985214180.5877","11518895837.7609","12263893829.8202","12185188600.9811","12531273280.1535","12780324406.0803","13312927893.8849","14248757425.3091","14635239075.2617","15331610280.5433","15066619783.3104","15223324270.8861","16267441609.1793","15756828355.1325","15458382396.6955","15066619792.5282","15749785865.7573","15855428660.2412","15417005479.9726","15490957072.2679","16429429234.8164","16401016670.3623","16871164160.0269","17888655468.4247","18724949673.46","19210643672.7339","20331749325.4375","22126389235.267","21364272791.0989","19168918374.9866","21928501490.4645","23429435200.771","23654588484.837","24124209050.1227","24618170479.842","24974802931.4601","24062882954.1154","25479178306.2527","25512029720.1839","26007805414.6287","25376867049.3413","25308766317.398","25646954264.9406","25705622643.3839","26490254241.845","27060799734.9375",
"North America","NAC","Agriculture, forestry, and fishing, value added (constant 2015 US$)","NV.AGR.TOTL.KD","","","","","","","","","","","","","","","","","","","","","","","","","","","","","","","","","","","","","","","","","","","","","","","","","","","","","","","","217357525348.067","","","","","","","","","","",
"Namibia","NAM","Agriculture, forestry, and fishing, value added (constant 2015 US$)","NV.AGR.TOTL.KD","","","","","","","","","","","","","","","","","","","","","563524523.555144","543387614.70436","519883388.665402","506228947.608047","526096192.640834","555213061.778597","559762679.106633","589922718.203287","594196564.472023","631201239.395895","663372866.981563","717530421.122751","566091555.754767","550686997.692348","689370055.91014","650083244.571986","749005649.079823","690552612.45586","677884222.391987","752105970.84084","787457437.442754","713957731.925231","864360051.579264","863097941.681214","928577476.915128","1067680534.6035","1107781587.85479","1057139435.95835","770452923.907855","821750606.916468","907461294.01042","916834476.783393","991313865.377687","799516780.144825","850153544.64602","753836590.055163","769872761.989458","792267938.919979","823965136.876713","798607404.904905","848815522.156983","862014586.178568","876382598.527036","848661408.588936","824230572.926251","797200531.945631",
"New Caledonia","NCL","Agriculture, forestry, and fishing, value added (constant 2015 US$)","NV.AGR.TOTL.KD","","","","","","","","","","","","","","","","","","","","","","","","","","","","","","","","","","","","","","","","","","","","","","","","","","","","","","","","167191625.311797","","","","","","","","","","",
"Niger","NER","Agriculture, forestry, and fishing, value added (constant 2015 US$)","NV.AGR.TOTL.KD","","","","","","","","","","","","","","","","","","","","","","","","","","","","","","","965072161.190559","1003080865.62929","1043228785.53733","1061177504.30574","1075496260.73197","1065119102.22724","1157055273.96381","1148181774.64411","1476092627.31469","1494048971.77796","1374088134.50102","1548688447.1288","1662330773.94216","1748879791.2791","1613601259.29037","1829885970.55805","2019792307.12042","2113317670.34826","2449976856.51342","2220567693.33411","2560892121.08249","2487730623.52362","2852688786.44549","2842185493.93453","3077606932.60166","3139219007.80793","3648410556.3148","3778548373.71638","4058948779.46072","4216291741.9134","4553338523.42008","4370875963.28312","5255655479.26624","5545067885.31102","6226180930.54038","6581073866.2008",
"Nigeria","NGA","Agriculture, forestry, and fishing, value added (constant 2015 US$)","NV.AGR.TOTL.KD","","","","","","","","","","","","","","","","","","","","","","15076634114.3309","15469353760.2273","15361723546.6074","14688505641.3297","17414860922.6328","19045819496.556","18439003915.334","20242910658.7631","21208195248.3753","22093069135.2968","22897291916.4749","23432640911.4221","23871815551.1943","24484029479.9954","25362127044.2313","26357935093.1851","27455546302.8486","28536771746.7539","29993199183.6257","30868880202.6625","32039436324.0387","49846329390.9747","53339090367.8415","56678772984.4566","60685936733.3526","65184514183.5642","69877645856.0498","74257736124.5809","78625409402.8885","83207416921.9108","85633619286.9063","91374632954.0423","94058013461.0277","98074410406.4302","101720740023.409","105898152646.026","109546568338.065","111871806896.987","114514494434.166","117555346035.75","121996429724.617","125001165368.727","126550372633.846","128688236931.297","132442539958.703",
"Nicaragua","NIC","Agriculture, forestry, and fishing, value added (constant 2015 US$)","NV.AGR.TOTL.KD","529025777.448991","576605839.772247","634750288.812024","723962905.623722","840332447.81228","917690371.186478","893880178.908787","961258385.800794","920633883.385384","1050087942.82829","974604996.498217","1011923087.78015","1011701316.30277","1102829232.21309","1214743183.82675","1236073567.62112","1277907732.6485","1338451345.79617","1420345503.94307","1202041726.53423","973133240.265545","1065732912.40854","1095853511.18918","1159058382.06543","1097163979.02622","1044483172.72318","952871391.714779","921944351.311237","828336627.0064","904452406.034663","906292661.240555","870988438.352204","897623964.650599","913978146.820199","1013838394.78303","1101817732.90351","1205726003.72801","1196436591.58955","1193254734.09021","1265665920.36461","1418358676.30704","1456422491.13365","1452684413.1594","1480952143.56963","1565499733.95618","1637855741.35481","1678083921.60601","1875695710.56749","1896913644.6444","1917120534.39546","1965313434.11278","2077608201.32103","2068427939.09134","2025882272.70137","2068546334.32599","2055094740.42208","2153707890.72909","2351940626.32782","2376390392.39851","2470479318.95219","2455018629.58749","2628032478.97209","2644017019.78306","2556389437.24727","2552571081.75642","2567553758.41379",
"Netherlands","NLD","Agriculture, forestry, and fishing, value added (constant 2015 US$)","NV.AGR.TOTL.KD","","","","","","","","","","2108046075.97029","2331582189.6775","2617764072.78136","2721864242.11338","2888006974.40337","3269032374.8413","3728359104.69276","4162755440.77503","4241573345.9153","4583724016.50672","5125189495.45612","5369622862.01001","5853681055.84767","6101107994.78079","5922728941.80813","6587737302.58761","6857056143.28227","7570623691.8911","7481849671.96759","8068661515.79985","8534313357.13783","9295602663.36059","9528138745.47482","9872904380.14886","10152325859.1766","10412217994.9943","10614585199.0544","10134068169.2566","10867489124.109","10370111190.932","11070865950.2935","11189941468.1264","10635661060.8998","10731553772.4118","11013962406.729","11625147427.0351","11693641304.2451","11773727654.1306","12089858095.2063","12401772508.301","12790611785.0529","12768483520.4847","12742139227.9355","12733709311.0033","12917063747.5802","13572506366.5376","14009819269.9219","14423949366.9852","14603089914.6109","14524057036.9633","14922380772.4","15171069738.9885","15545157195.8666","15425027136.2809","15227973282.5531","14869692187.3016","15093091403.0936",
"Norway","NOR","Agriculture, forestry, and fishing, value added (constant 2015 US$)","NV.AGR.TOTL.KD","","","","","","","","","","","2281822879.21103","2401488092.4409","2399627982.22266","2308607996.98446","2539630025.00992","2575095563.2613","2614405235.42319","2554758733.70392","2532313685.35869","2364410458.66706","2558230845.57079","2757755476.60328","2727870175.13278","2641438461.76623","2919334516.30058","2647018698.5471","2462622682.33477","2578691682.47605","2602376710.42626","2699596969.18475","2828686553.10602","3118735139.98519","2956784078.24423","3397251231.25895","3492983307.96901","3727725462.55711","3713216884.47637","3661754679.96967","3622568921.28181","3623808994.76064","3447225347.59107","3344424945.92554","3606448247.6786","3517784402.05017","3952547217.06228","4074816584.5977","4225111049.51153","4519375792.34486","4715304304.16259","4778299004.27469","5276800657.36005","5475209222.2616","5710447406.24123","5375880932.46294","5820812162.25375","5459832592.74568","5110385424.96917","5324542735.30412","5234266794.15321","5272584407.53204","5634308115.00125","6090895941.61919","6479404766.86183","5254107688.19291","5331362951.68998","5578753668.01442",
"Nepal","NPL","Agriculture, forestry, and fishing, value added (constant 2015 US$)","NV.AGR.TOTL.KD","","","","","","1702065843.76955","1901351198.54236","1823096597.56131","1832864398.18151","1887878324.87857","1953221557.44232","1967031285.67414","1981402289.96609","1964561083.23356","2075150441.87418","2110067613.97244","2121631787.81879","2032935791.55543","2032149870.30202","2093563261.80793","1993415530.49782","2202468571.19034","2303402455.79013","2278477844.33698","2499768773.4971","2555456529.40859","2624504488.37456","2606204107.00191","2777084313.24404","2948301374.06612","3118283319.00093","3185422852.95844","3151516265.90886","3131980683.74745","3370112710.29364","3358885361.08516","3507310889.31291","3652143662.7413","3690092094.17041","3790464575.8467","3978859457.09711","4149950413.55553","4277868884.9496","4420240516.54909","4632851309.84776","4794902707.10264","4880341686.41762","4927834452.23591","5214844355.32231","5372309141.0671","5480387849.21514","5727584895.87513","6030566459.44507","6109359419.75914","6383464870.91934","6460121143.10692","6454673796.144","6788685635.41126","6965820063.02312","7325042381.74173","7503162352.39506","7716897955.25708","7898364990.1619","8137223309.1952","8389452616.47634","8645297403.22628",
"Naoero","NRU","Agriculture, forestry, and fishing, value added (constant 2015 US$)","NV.AGR.TOTL.KD","","","","","","","","","","","","","","","","","","","","","","","","","","","","","","","","","","","","","","","","","","","","","","","","","","","","","","","","","","","","","","","","","","",
"New Zealand","NZL","Agriculture, forestry, and fishing, value added (constant 2015 US$)","NV.AGR.TOTL.KD","","","","","","","","","","","","","","","","","","3080083916.80083","2913009720.54299","3296478894.34079","3700292929.04555","3690428861.0819","3835308462.95768","3592403582.03348","3749613710.32767","4441954381.75237","4365006793.57957","4810505168.12197","4674228813.49269","4421135830.14881","5190994902.48696","5221081987.33869","4573765329.67505","5352040468.59301","5364001489.78024","5747556307.56233","6255071963.32574","6279251820.58073","6005672266.43836","6293285073.01667","6521511722.83974","6401135571.21113","6364650350.97642","7078517681.99851","6860929869.17222","7217145714.48504","7251419642.36252","6184213044.38651","6745050468.1826","6888872764.16987","6345152217.70795","7154639732.79698","7489984933.77353","7384660933.11559","7756398646.92118","7962481912.16723","8008810010.10144","7698954048.11905","8144838262.05459","7927366554.21731","8273915224.43757","8130803243.7633","8210969544.76832","8476786840.2728","8875133786.82584","",
"OECD members","OED","Agriculture, forestry, and fishing, value added (constant 2015 US$)","NV.AGR.TOTL.KD","","","","","","","","","","","","","","","","","","","","","","","","","","","","","","","","","","","","540096853240.401","566107887894.595","571637823333.483","580326574382.364","591721876720.543","609209360197.23","598316831164.831","614605677342.99","590483826339.486","626839247186.477","615103463814.568","619599583009.354","618925796190.518","649808173336.451","653376249443.49","647601187435.639","670734101126.439","659670876306.673","673430817154.427","696145247677.193","700166142771.36","687767755778.059","706160487270.896","700061207288.34","708892960400.007","701079452214.885","713363944242.111","733961397762.36","726514717239.218","731256191496.904","",
"Oman","OMN","Agriculture, forestry, and fishing, value added (constant 2015 US$)","NV.AGR.TOTL.KD","","","","","","","","","","","","","","","","","","","","","","","","","","","","","","","","","","","","","","","631648726.047612","685138645.930404","678123574.470366","712029753.193884","708229922.819697","694784369.187957","702676324.5805","687769297.727918","673739154.807842","702091735.292163","739797744.389869","779549815.996753","862269200.296371","862561494.940539","858177075.278015","994678674.104593","1011339468.82218","1361508452.53576","1473457301.2522","1561437989.14685","1901961249.60288","1982926866.03748","2266452670.8807","2482458412.92104","2650820127.96196","2805151700.0828","3005665825.98223","3311188162.05662",
"Other small states","OSS","Agriculture, forestry, and fishing, value added (constant 2015 US$)","NV.AGR.TOTL.KD","","","","","","","","","","","","","","","","","","","","","","","","","","","","","","","","","","","","3497934668.05131","3614991343.98419","3593307273.22145","3765618584.79152","3686008985.99172","3824209435.84636","3883621045.82946","4030622972.79534","4030692193.52388","4153243763.4267","4219032337.3539","4170755055.65575","4169858391.05785","4162276640.65747","4116367679.16763","4062048597.81999","4112402973.7594","4249451417.6434","4302716961.40225","4262915260.25858","4358832968.22532","4272413002.80942","4300558286.65257","4388277782.3776","4547983635.80766","4558919038.54145","4633943665.49571","4553661461.36497","4535476384.29565","4601065951.20481","4641256723.62044",
"Pakistan","PAK","Agriculture, forestry, and fishing, value added (constant 2015 US$)","NV.AGR.TOTL.KD","10257715286.8589","10237018460.9688","10869811981.3188","11436252224.3167","11724190528.8087","12339340492.8588","12395210727.3519","13074965255.5669","14608736234.0306","15268537103.4087","16726484191.745","16213010127.1398","16775703207.6934","17055054383.3617","17768065004.3005","17391606036.5955","18169798596.7073","18628732673.0941","19154178931.7166","19747467618.8495","21052436680.6559","21822647779.1602","22853524851.7209","23860120087.324","22708989778.5197","25189778165.6249","26688248475.0554","27556593787.9695","28309258163.9801","30254182445.362","31171089092.6957","32717832296.9388","35826457680.0216","33932661269.1379","35706488678.1921","38051597047.8367","42512444484.3863","42565002332.3503","44487934067.6609","45354852936.9517","48118647144.2941","48076313793.0648","48682816956.2158","50418110404.0274","51977425597.0002","55509110593.1972","56557107940.7209","58527301148.0834","59004100292.6433","61017815828.7103","61208608359.3472","62868909929.477","64900220414.4694","66939355138.33","68558301387.0889","69780052450.9496","70062961970.3206","71615756964.2366","74391942660.3056","75090601166.3027","78030098671.6896","80774153210.3475","84174302779.1006","86057700630.7829","91564325155.7146","92960731257.5465",
"Panama","PAN","Agriculture, forestry, and fishing, value added (constant 2015 US$)","NV.AGR.TOTL.KD","","","","","","","","","","","618423604.775261","666537054.561017","644554046.297924","651605300.609394","613446238.69641","657826793.704416","693082377.771168","727923081.229696","784331913.422356","750735507.503569","736633343.16556","811874867.51107","817928831.991116","876954733.663633","889711192.900857","949169446.29269","932521128.694716","980520152.847894","917602392.814626","968844575.607117","983763311.487207","994357689.428185","1038248621.62038","1038681082.34527","1066572478.68492","1100950030.41374","1072393268.37183","1118216189.44254","1180051705.44933","1182596607.84336","1293783156.00062","1376374196.57063","1422668323.91158","1549496632.20314","1566859709.05849","1601195601.23158","1660656198.78287","1668778732.88696","1737958742.22777","1526822285.77125","1450020844.18451","1466092798.59118","1487433175.82926","1571095061.24886","1622731109.23846","1644936300","1670498970.34491","1700043797.75652","1777204414.3648","1881366231.64702","1921771603.37568","2011477243.23069","2072705879.83822","2135908988.94152","2305957644.16154","2266969169.77463",
"Peru","PER","Agriculture, forestry, and fishing, value added (constant 2015 US$)","NV.AGR.TOTL.KD","2925880096.94952","3072025980.9686","3203359782.14791","3259151960.84438","3489232980.9555","3486270564.38754","3713882904.02537","3896071522.95455","3785474637.75093","3963713367.92284","4369070701.63792","4288591718.2085","4029874004.60716","3993831269.69705","4190338235.37135","4167626375.01703","4256992608.15032","4227862178.56544","4212556359.63101","4394251242.46554","4112327932.41522","4484604947.78814","4617419957.25143","4120227709.92976","4608038971.4529","4780352868.48891","5074619580.90571","5332349822.31773","5751038030.5886","5476027025.86351","5124486926.46627","5223727881.49274","4904280628.24833","5412335069.65249","6219099848.32538","6450662076.72047","6816520522.86283","7085606694.45201","7037220557.17542","7936313985.54955","8495223244.70359","8325378028.14088","8729747889.66664","8832444997.35573","9074375683.73866","9397772825.74034","10183306952.3429","10584714397.3007","11373210940.4712","11407772467.0973","11519356824.4903","12454986723.8692","12675686758.1818","13005996205.5087","12864293946.3415","13372842123.8403","13605391824.4247","14009267949.8559","15358648696.559","15588729716.6702","15739812961.6358","16586570363.9761","17134123692.953","16506585116.6413","17550836956.8452","18366982721.3166",
"Philippines","PHL","Agriculture, forestry, and fishing, value added (constant 2015 US$)","NV.AGR.TOTL.KD","7183585883.53564","7674200782.86697","8018176276.83369","8595302453.27597","8589774557.89132","9247661505.34981","9596856238.04708","9804315052.4905","10465250130.4861","10856829855.1241","10867126538.8571","11295439446.7463","11910748937.4238","12799547581.0589","12306400185.3595","12472532066.6967","13755606630.3007","14351122146.9877","14864174118.464","15307530251.2952","15905176899.7057","16495321952.921","16563439863.7779","15912499594.0652","15835086321.1385","15558793308.0882","16127228201.0942","16623609219.3567","17114128764.082","17580394332.8586","17614311392.7662","17873223663.0326","17936091938.7989","18314056976.6083","18767463049.5596","18873461439.3544","19562503824.4971","20137892230.7423","18733890830.4914","20541681678.135","21236896378.0247","22057474947.6485","22853318024.3448","23898799883.9348","25091137652.8234","25968552817.3541","27158311205.8578","28616716955.293","29586842058.2808","29544030685.7892","29935113963.2231","30948141649.1397","31901328559.9976","32837028475.2375","33452070606.0447","33698317641.2725","33373802394.6458","34791903563.6513","35180756514.5684","35604667104.5442","35535516124.6125","35432121535.5207","35602262159.2801","36031032161.0356","35487785243.1186","36583339007.0811",
"Palau","PLW","Agriculture, forestry, and fishing, value added (constant 2015 US$)","NV.AGR.TOTL.KD","","","","","","","","","","","","","","","","","","","","","","","","","","","","","","","","","","","","","","","","","9353700.57408879","9380810.2418335","9901277.40910261","10076721.1808548","10279755.2882194","11410574.5140389","12306923.9539386","11188217.5583881","11397692.6151815","10494325.4244116","9977992.00080574","9674498.30906792","9356296.18057499","9773996.55770544","9100196.34060363","8590400","9148359.26095861","10133824.5235511","9737465.79975157","9188735.36185499","8257008.76688414","7946497.32427624","7942459.7141866","7978605.93784622","7806334.57402164","",
"Papua New Guinea","PNG","Agriculture, forestry, and fishing, value added (constant 2015 US$)","NV.AGR.TOTL.KD","","","","","","","","","","","","","","","","","","","","","","","","","","","","","","","","","","","","","","","","","","","","","","","3089028187.64538","3054912576.10247","3095885388.96152","3275804636.27458","3367994910.10162","3396664889.70925","3599249546.34123","3767402272.3284","3895223636.49003","3792245229.39505","3892779039.50699","3984396397.42276","4166520942.64969","4260639463.6183","4340052241.0865","4387003390.69465","4523343113.08878","4566807251.42331","4662031227.1725","",
"Poland","POL","Agriculture, forestry, and fishing, value added (constant 2015 US$)","NV.AGR.TOTL.KD","","","","","","","","","","","","","","","","","","","","","","","","","","","","","","","","","","","","13947386470.3542","13583047141.5307","12425118981.2973","11132480169.7838","9827270884.73273","9712668391.0333","10504845019.2333","10746233956.7582","11079559702.8784","11866460246.7171","11670502453.9064","11104338373.7896","11654770553.1238","11508143785.648","12834176707.7862","12843412495.0259","12945470433.7445","11756486191.8026","12803389706.8577","13032597108.3698","11922801432.5507","11979307600.4775","12159637060.6181","11106711579.7851","10875277145.51","12512309040.6944","11111606657.7239","11222044110.3248","12839214283.397","12671459606.8582","12867860458.9468",
"Pre-demographic dividend","PRE","Agriculture, forestry, and fishing, value added (constant 2015 US$)","NV.AGR.TOTL.KD","","","","","","","","","","","","","","","","","","","","","","65927778277.4791","69578775344.8076","68338789281.3955","67703509911.1174","72873092549.199","77352209535.5548","78056558752.0676","81121475327.5784","87453749383.5541","87541419820.5672","88533232429.9009","90946122725.1278","94284706984.4349","95233181615.4355","101059985429.484","107108488050.092","110223685750.581","115321391052.929","121755176318.85","119884957618.568","124712105149.571","147808592778.777","153003845448.19","157557074163.52","168154204195.528","176959013352.229","180704690570.44","187574331936.456","195764359739.262","206625372093.907","209629829147.707","217560546232.058","227611681527.426","237148876304.981","240333870867.168","249329469344.756","256527096082.197","264433106576.36","275229332922.049","284940821665.485","290249400938.897","295921735015.39","301725523901.518","312157736544.177","321056738015.063",
"Puerto Rico (US)","PRI","Agriculture, forestry, and fishing, value added (constant 2015 US$)","NV.AGR.TOTL.KD","","","","","","","","","","","","","","","","","","","","","","","","","","","","","","","","","","","","","","","","","","","","","","","","","","","","","","","","854900000","","","","","","","","","","",
"Korea, Dem. People's Rep.","PRK","Agriculture, forestry, and fishing, value added (constant 2015 US$)","NV.AGR.TOTL.KD","","","","","","","","","","","","","","","","","","","","","","","","","","","","","","","","","","","","","","","","","","","","","","","","","","","","","","","","","","","","","","","","","","",
"Portugal","PRT","Agriculture, forestry, and fishing, value added (constant 2015 US$)","NV.AGR.TOTL.KD","","","","","","","","","","","","","","","","","","","","","","","","","","","","","","","","","","","","4204022146.66012","4424345783.43575","4064509485.87397","3910203730.46451","4149022301.38063","3941177277.49578","3839842154.54031","3996398681.62641","3914935390.73613","4150951670.08865","3924702998.11357","4036059617.77375","3861623386.49003","4005179258.58545","3873239536.38516","3894055608.53269","3931674970.2019","3898114985.08003","3926229186.76629","3834282263.54188","3931831868.10078","3923393613.8302","3992262282.47417","3984163498.20298","4148566822.02571","4092565682.88247","4288913418.9168","3953021642.51655","3873105459.99885","4059420288.57218","3944945679.75793",
"Paraguay","PRY","Agriculture, forestry, and fishing, value added (constant 2015 US$)","NV.AGR.TOTL.KD","","","281413931.420769","292346213.81506","299009471.932837","321643329.835631","314056733.015042","330025635.062009","327316324.079128","335030297.504227","341239815.306521","364326388.598532","382029629.253628","407087439.427303","446449288.890653","489925425.438701","508809318.530465","537086436.939235","561131508.391048","601073275.099251","649970702.716069","718871469.859861","723403404.626078","706625626.465461","751644557.91768","790958337.94828","750872093.090971","826474278.74732","933197339.494666","1027270725.33374","1046985135.84197","1035072999.29101","1081723021.40403","1155778994.5687","1187003741.97649","1345063006.38593","1332655640.48985","1431108004.23209","1452306430.5181","1465155923.13377","1361146266.85963","1518977387.15361","1588617929.78374","1740328172.39446","1823333978.5233","1824439627.0753","1910291505.99175","2208260866.92188","2426729971.08257","2143287711.61174","3038473734.48394","3210950486.93437","2254601500.36572","3236135384.80859","3468487956.86605","3418513026.79585","3510681947.97654","3683949476.97306","3764969409.9186","3637491903.07137","3908209204.32526","3428412681.17394","3130173321.96431","3644033023.88428","3766552713.34089","4110107823.58175",
"West Bank and Gaza","PSE","Agriculture, forestry, and fishing, value added (constant 2015 US$)","NV.AGR.TOTL.KD","","","","","","","","","","","","","","","","","","","","","","","","","","","","","","","","","","","611900000","631500000","737400000","652200000","729800000","714900000","603200000","503300000","414500000","468100000","869300000","727200000","929600000","756500000","1009700000","1089600000","985400000","1034000000","1085900000","1049400000","1077900000","1035200000","1142900000","1074100000","1091100000","1100700000","1001000000","993900000","938600000","679000000","582300000","622800000",
"Pacific island small states","PSS","Agriculture, forestry, and fishing, value added (constant 2015 US$)","NV.AGR.TOTL.KD","","","","","","","","","","","","","","","","","","","","","","","","","","","","","","","","","","","","","","","","","","","","1073465102.14548","1108422270.42408","1113736811.00112","1147129407.98568","1128110231.34612","1164360027.59831","1120159466.45327","1167133753.41773","1231067390.74852","1248405981.8818","1237023774.37983","1299435930.37763","1312992214.69077","1303203001.82627","1376106282.5039","1387137639.27437","1439655565.91399","1400452964.00821","1447296272.74821","1405555162.30336","1435486236.63591","1468966097.43573","",
"Post-demographic dividend","PST","Agriculture, forestry, and fishing, value added (constant 2015 US$)","NV.AGR.TOTL.KD","","","","","","","","","","","","","","","","","","","","","","","","","","","","","","","","","","","","","","498065960961.781","500862821522.003","518367484637.208","533089752181.396","523669873827.543","535766779237.335","506043021797.928","541178357626.229","522812741810.879","523793333714.106","521299609528.911","554316999904.594","553805132436.531","540332393801.389","563774962407.631","547657418623.066","557863739072.146","578025859244.15","573720262378.847","559765831634.845","569797354041.037","560704592970.01","564962006599.853","545322030693.154","562010466413.57","577562595220.508","565502056801.793","563659467795.068","",
"French Polynesia","PYF","Agriculture, forestry, and fishing, value added (constant 2015 US$)","NV.AGR.TOTL.KD","","","","","","","","","","","","","","","","","","","","","","","","","","","","","","","","","","","","","","","","","","","","","","","","","","","","","","","","171942760.921536","","","","","","","","","","",
"Qatar","QAT","Agriculture, forestry, and fishing, value added (constant 2015 US$)","NV.AGR.TOTL.KD","","","","","","","","","","","","","","","","","","","","","93325639.2020096","92560674.9462553","94090603.4577636","99062871.1201658","99827835.3759198","103270174.526814","101357763.887428","108242442.189216","110154852.828601","97915424.7365344","95238049.841395","105565058.069392","127749030.209133","171734471.07138","117804486.27653","116657057.762149","108242445.76116","105565058.069392","90648269.4162614","105565058.069392","96003017.554023","96003017.554023","71524161.1397488","79556269.7235043","80321249.3121981","95238037.9653292","110919806.207154","122011805.899911","166762199.105078","138458526.484656","165614770.590698","174794334.934607","182900061.59895","193639746.191754","242169564.144053","260916291.208791","284375638.016294","343032437.602015","396839843.660906","463110229.500294","484192382.550859","486449204.479508","523803350.967961","551910227.364814","558265903.491672","606763380.710568",
"Romania","ROU","Agriculture, forestry, and fishing, value added (constant 2015 US$)","NV.AGR.TOTL.KD","","","","","","","","","","","","","","","","","","","","","","","","","","","","","","","10226512169.6709","8964217962.22607","7805993657.96368","8870905414.9388","9128354163.23838","9580175238.28108","9296713495.35575","9288335142.43348","8223500698.41939","8399050765.00598","6959179076.42314","8920028210.01059","8408974995.29654","8855975507.31253","10508787806.7928","8707526634.32168","9000050081.39761","6610740040.31572","8164896530.83084","7990725447.74324","6853777397.01421","7991742095.50952","6066169895.0903","8082613705.14145","8752772056.87501","7873070826.90598","8047024378.21216","9057978132.72201","10022359598.0577","9968386117.72395","8440252203.48068","9774219037.11446","8399467600.34021","9148333958.30369","8623853837.0463","9191066954.6001",
"Russian Federation","RUS","Agriculture, forestry, and fishing, value added (constant 2015 US$)","NV.AGR.TOTL.KD","","","","","","","","","","","","","","","","","","","","","","","","","","","","","","","54176086383.6013","52171571190.0287","47476129776.2397","45577084584.8631","40107834437.426","36899207681.9088","34943549671.7661","35817138418.1786","29083516395.7245","34056797695.6268","38382011005.4073","42757304502.5823","43999559022.7964","43211565925.4794","43659314114.2225","43594013480.3624","44684907609.9694","45095361876.1897","47678581523.9155","48479823180.7332","42671480260.5889","48736211562.1665","48033438123.7661","49916082750.8238","51330603548.4752","52809089582.5487","53750552444.1806","54553200629.3139","55484736284.4557","57402164490.1601","57503314090.932","57760206319.708","61773195452.408","61815635348.1796","59684018115.2068","61081730160.2293",
"Rwanda","RWA","Agriculture, forestry, and fishing, value added (constant 2015 US$)","NV.AGR.TOTL.KD","","","","","","263180890.938054","275582070.59872","288567615.144515","302165049.434061","316403190.646152","344542360.9538","353714625.520101","245315739.049204","351497751.929402","414583607.625729","390719293.009705","502843127.690443","506638430.034919","520511317.451505","633167111.374501","623570989.121325","615967988.054463","673250086.348664","702651929.039346","640705192.707621","655390016.345386","674406360.976006","660781401.988059","697943110.41005","668175132.61661","651071596.901821","688833738.451635","724653108.528813","602020075.823429","413450216.307813","535097087.193818","641661832.112683","668164968.73968","737942306.761865","857741485.220682","924226614.958011","1007484172.63225","1147788507.31884","1121115117.97588","1209233377.38228","1246690703.35487","1326826675.03919","1315330154.79084","1415689926.5267","1479292969.98233","1559278595.17088","1610709328.77364","1724532125.30834","1777060333.05167","1862377579.36619","1952183399.36853","2005828198.25926","2161048589.15311","2258949720.24915","2357251329.14402","2429626718.15384","2512184214.69792","2523108471.37778","2646480552.76186","2731398314.40564","2932839129.24005",
"South Asia","SAS","Agriculture, forestry, and fishing, value added (constant 2015 US$)","NV.AGR.TOTL.KD","94462190319.3968","95033097806.2269","93785065305.4517","95573877989.9083","104307946065.549","93733501076.3438","93013726975.0047","104874316231.09","105708483973.669","111835812260.537","119482869845.229","117017820295.393","110886952990.924","117962290943.374","117121451585.288","130083389023.254","124059849163.381","134950804615.766","138580926760.608","122732072333.006","136550532286.017","142889654242.799","142801486114.517","156230985577.457","159168608878.36","159981469051.654","159910935846.271","157440652054.957","179610807523.675","181662199191.579","189731481168.144","186771427955.574","198095694415.581","204480108457.019","213638018490.221","212360088329.289","231751494932.959","227216715235.103","240899764815.417","247577879479.734","248921914554.53","262899944182.239","247438815343.684","268415576797.627","269929867238.175","282662823138.523","291543196558.731","307431545744.577","308329474480.144","306988531777.005","332869951527.563","353509516861.399","359595725612.903","378460384622.956","379465640043.953","383036465746.636","406652366701.565","431844253496.082","441657770015.489","467429373769.003","485510088822.781","507058704974.887","536634286159.492","550906417474.587","573177376589.173","587096071328.185",
"Saudi Arabia","SAU","Agriculture, forestry, and fishing, value added (constant 2015 US$)","NV.AGR.TOTL.KD","","","","","","","","","1781012308.22237","1881835321.71099","1861743681.47866","1935063938.9864","2045178611.43393","2161739020.80521","2265676528.70081","2419837070.12733","2605420579.0572","4020796978.56564","3534680985.56557","3073273650.77326","3469417899.21253","3628412743.33188","3907459437.65623","4253649224.93637","5075212110.34365","6005546806.33932","6906875686.17811","8046159687.45225","8925465632.80153","9556879278.95796","9829211663.9867","10120344107.7118","10730809115.6033","11106541873.9773","10862140997.5464","11018181546.1548","10959632769.0964","11342885547.3464","11464011682.0432","11707875396.2393","12174385618.2131","12208762869.89","12355671974.7709","12465249488.0607","12897651008.0487","12999977093.0554","13145274732.1828","13399344193.6252","13566933363.6406","13737745381.3591","15116058798.9603","15946144112.8462","16520415649.3574","17171787492.0652","18113542526.234","19095733333.3333","20037069347.8564","20842432272.1834","21324309159.7231","21476833651.6314","21791939232.6512","22113539681.0327","22501764839.7127","23529629186.2652","24719644980.1355","25467804557.5846",
"Sudan","SDN","Agriculture, forestry, and fishing, value added (constant 2015 US$)","NV.AGR.TOTL.KD","","","","","","5624077624.28347","4535488079.76911","4566360470.09817","4349430972.77431","4642885161.58818","5472998301.82051","5691734513.69363","5369213436.75062","5558883248.3324","6190623330.80525","6476687805.70702","7239964894.34888","7956440220.04355","7350318394.0073","6451234588.18029","6096363279.07443","7193327684.88882","8453523051.94756","7703383232.48276","7346705450.33149","6449099735.08727","7511906950.2706","8228218446.98975","7200224704.35502","9564609879.15698","7630799384.12347","7528328435.31033","9373133698.37646","9527496688.48828","9174432048.04598","9724884799.30805","11569690545.3819","13680762511.5147","14131931575.6854","14179070473.1952","13689617492.1545","14321179074.2921","14633926576.842","16182207842.3612","14917693615.8351","15631579034.783","17070942058.1014","16154676401.9823","16955986219.3263","16739695359.6478","17120624232.7922","16769696684.1772","15252083486.6298","15494604881.281","16045687589.625","16242202224.2424","16710040155.8813","16855676501.0729","16552274325.6759","16303990231.5473","15896388746.0493","15806474401.1786","15972880833.1105","13579690676.715","12543037438.799","13049392298.3726",
"Senegal","SEN","Agriculture, forestry, and fishing, value added (constant 2015 US$)","NV.AGR.TOTL.KD","1033344967.52336","885384103.135165","986111919.760572","1088878784.02177","1113909578.94613","1194550733.47218","1068080515.21043","1164415251.78077","1169849519.13625","1192574636.43557","1261244012.77268","1053259786.74232","1304224125.91315","1094263802.82863","1347204239.38724","1404017032.46875","1608543088.86501","1497881647.56335","1144160255.93962","1454769476.48213","1190492006.62436","1369233527.99977","1487379006.53578","1122052496.58199","1249023744.51422","1470845361.80829","1541226818.47","1627609088.62013","1374774534.6861","1563047806.91812","1414883701.16765","1500667080.9168","1410952435.82207","1520668912.48408","1518538495.60983","1660742400.31186","1599626091.94366","1584769159.10179","1597088241.63125","1815958951.95994","1824334815.92098","1858025865.01636","1430936978.22363","1690953598.10899","1748968744.92035","1951425521.0724","1776358663.30322","1650315748.98398","2003991915.85006","2284230467.52859","2392900197.55261","2017375399.22102","2214277729.01037","2257452754.91006","2294526730.30954","2538694692.7427","2675956976.53728","2982934316.76656","3224471847.1111","3362923324.82827","3774681277.75734","3806758594.9569","3814726601.62451","4040929591.9228","4008795671.91766","4290288103.63139",
"Singapore","SGP","Agriculture, forestry, and fishing, value added (constant 2015 US$)","NV.AGR.TOTL.KD","140745185.750914","143436437.364755","152673976.687942","152819449.74815","151437455.676177","150055461.604204","177040714.272726","183659738.512174","199007146.364083","209917625.879657","217773171.130871","240903387.703889","260833196.952339","246795046.6423","236975615.078283","257269106.977252","282726892.513593","285709090.24785","275380502.973106","280690269.670685","284327096.175877","292546324.07761","295310312.221555","313712654.337825","323313876.311531","290727910.825014","253777753.532268","232320477.151637","197406942.701798","188169403.378612","172749258.9966","158347426.036041","151146509.555762","144672958.376521","149328096.303166","141981706.762679","146418635.099013","142854545.123925","128889131.343989","127579873.80212","119942538.141218","104522393.759206","86556470.8235594","79355554.3432801","79355554.3432801","84810794.1010674","86265524.703144","86265524.703144","81246704.1259797","84374374.9204444","86701943.883767","90338770.3889586","94266543.0145655","97612423.3993417","100812830.72391","100449148.073391","99794519.3024567","102922190.096921","106122597.42149","113396250.431873","108813849.035332","120524430.382049","111577837.179277","115432873.27478","117760442.238103","114196352.263015",
"Solomon Islands","SLB","Agriculture, forestry, and fishing, value added (constant 2015 US$)","NV.AGR.TOTL.KD","","","","","","","","","","","","","","","","","","","","","","","","","","","","","","","","","","","","","","","","","","","","290472263.024833","306575033.793384","305181456.123353","314081592.990324","306588686.938554","347411362.492534","351236970.91288","397040559.467261","412662585.285273","415054741.996556","394103890.76236","420932920.845911","434527383.198506","449193060.467179","465161456.295453","466915042.839383","467522764.89631","449706652.942708","452825596.848243","411104912.805614","410225056.144906","417486844.154534","",
"Sierra Leone","SLE","Agriculture, forestry, and fishing, value added (constant 2015 US$)","NV.AGR.TOTL.KD","","","","","442747028.113981","421577730.322329","428744551.962276","434526623.109556","441714615.724752","453199551.804949","462446912.027646","466605238.281786","468922020.957052","471040800.164456","476466429.468841","492723548.713838","518129026.145898","583593175.319235","697967299.438425","771292657.844915","778025207.184984","810671975.159415","841861607.28711","866469494.203092","1030179286.39323","975204268.125322","978783952.030609","1038547422.39779","1044826036.36523","1039247615.32511","1557067829.1935","1616053678.00916","1104447709.40145","1068754283.15275","1122959433.63363","1012248668.35011","954089550.629784","1242908040.18592","1336796539.28027","1416882079.30543","1527377200.40641","954089550.629784","1256884888.16772","1375914445.93508","1496874788.16035","1599048433.12849","1694466063.88041","1804286203.97324","1898913110.53274","1956206693.7377","2022852880.27674","2100280987.3785","2170422727.73748","2250309172.74894","2270326265.35965","2328578546.09929","2397915841.02822","2474953534.91337","2558562042.3773","2716207794.29047","2788238938.97117","2850314221.99341","2934636363.66801","3005809678.50306","3112568280.0747","3224638645.42575",
"El Salvador","SLV","Agriculture, forestry, and fishing, value added (constant 2015 US$)","NV.AGR.TOTL.KD","","","","","","1453700524.09927","1482089706.54674","1567537362.17155","1595646438.40598","1654385787.87502","1762868662.86804","1818899920.24371","1856565268.75869","1903880573.5276","2069951143.07702","2182169323.89573","1988176574.23976","2058807205.6246","2340955938.90818","2368722452.94733","2241718237.90097","2006106708.75063","1848409765.52211","1891211426.88555","1948456795.1561","1909421668.64415","1828238541.25877","1852487635.61245","1833654724.41086","1823382335.65804","1942529843.29364","1880765958.22584","1981990548.31614","1904081878.75406","1788764598.40723","1792888874.36225","1742338143.3962","1679117628.41883","1599044800.40529","1648439989.12684","1531235847.35714","1431363390.68831","1378101356.98456","1337180903.49561","1325531945.03802","1341339841.5792","1378370790.36606","1475748194.59186","1473005126.85871","1394828886.35785","1465050323.5547","1403880875.3675","1465187523.50243","1359718116.0249","1371513172.7677","1296080000","1404292371.74163","1413618657.17769","1375079129.78009","1389342854.36059","1328584799.07848","1370964579.91488","1361226798.10469","1363558369.4637","1367535822.85022","1394417493.45275",
"San Marino","SMR","Agriculture, forestry, and fishing, value added (constant 2015 US$)","NV.AGR.TOTL.KD","","","","","","","","","","","","","","","","","","","","","","","","","","","","","","","","","","","","","","","","","","","","","","","","","","","","","","","","284701.007734375","199781.569220501","298322.478363045","242609.436332267","230583.273074522","198677.125656014","266784.478799367","198922.557559233","262366.70454142","","",
"Somalia, Fed. Rep.","SOM","Agriculture, forestry, and fishing, value added (constant 2015 US$)","NV.AGR.TOTL.KD","","","","","","","","","","","","","","","","","","","","","","","","","","","","","","","","","","","","","","","","","","","","","","","","","","","","","","","","","","","","","","","","","","",
"Serbia","SRB","Agriculture, forestry, and fishing, value added (constant 2015 US$)","NV.AGR.TOTL.KD","","","","","","","","","","","","","","","","","","","","","","","","","","","","","","","","","","","","1989115013.66194","2146490676.14089","2293133195.66821","2269504189.80967","2268604926.56207","2022654706.80372","2383616358.05754","2255200230.61073","2100580288.78219","2499526804.2514","2376938784.03961","2372813380.38486","2186330554.31007","2259160256.46386","2204054456.71873","2445885699.56955","2266831211.63381","2070319521.78346","2271879995.51592","2358672887.69147","2315113509.44995","2486084526.50997","2220874918.68925","2499410417.36017","2404154867.56615","2454139075.42763","2394249990.62542","2216287178.21658","2381040297.53431","2214026729.17862","2211422800.45829",
"Sub-Saharan Africa (excluding high income)","SSA","Agriculture, forestry, and fishing, value added (constant 2015 US$)","NV.AGR.TOTL.KD","","","","","","","","","","","","","","","","","","","","","","79373134992.2306","81372459716.2711","79881544823.0929","78388720448.1139","82506288729.0611","88546581291.1922","91130251564.0623","93926339945.8658","100581050814.334","100190894985.256","103056945117.083","101386930519.299","106885823881.083","107637436230.641","111524042770.142","120393767642.111","124656681130.833","127935618357.586","133888458991.224","134157843016.403","140280010644.254","161165547817.544","168264511661.015","173969010277.398","183309422898.152","193120092269.25","200867218283.228","211278592659.681","219622883588.572","231142909625.002","234907504789.644","244366108599.661","254300824374.566","266535553838.641","275272222478.642","285000371416.651","297144404739.791","305780514979.985","312234172015.603","322647586032.659","335197224583.934","346539967087.62","353054641116.487","362827775715.198","379820074186.911",
"South Sudan","SSD","Agriculture, forestry, and fishing, value added (constant 2015 US$)","NV.AGR.TOTL.KD","","","","","","","","","","","","","","","","","","","","","","","","","","","","","","","","","","","","","","","","","","","","","","","","","794367366.487634","1106792045.76081","1099376504.89179","938427844.915227","710288946.597089","1253670548.29643","1021690779.70742","1242375561.84451","","","","","","","","","","",
"Sub-Saharan Africa","SSF","Agriculture, forestry, and fishing, value added (constant 2015 US$)","NV.AGR.TOTL.KD","","","","","","","","","","","","","","","","","","","","","","79414654644.2732","81402276935.743","79920777318.2496","78421691491.2323","82538569004.7239","88581522364.5694","91163276232.4317","93957290688.3142","100610792707.444","100225592284.745","103089980155.782","101414656900.249","106911315140.231","107664602186.48","111550301278.504","120422605568.622","124686875988.9","127963873671.398","133920400365.072","134192301485.626","140313441475.52","161198871441.851","168295583301.204","173999010810.649","183341804203.499","193150466633.852","200898075124.874","211311447875.459","219649236464.701","231167414117.363","234933380843.813","244391629058.444","254333610566.232","266565439628.958","275301638428.469","285030207893.64","297182177042.342","305821429960.39","312276757826.558","322684416909.684","335240627266.124","346587617233.354","353106121758.749","362884195207.34","379879024666.197",
"Small states","SST","Agriculture, forestry, and fishing, value added (constant 2015 US$)","NV.AGR.TOTL.KD","","","","","","","","","","","","","","","","","","","","","","","","","","","","","","","","","","","","6621739326.63149","6895015457.53144","6836983151.88577","6852624089.47952","6958130218.917","7040039696.79484","7135246039.60732","7390575698.30591","7378177764.65617","7452485925.34727","7339723381.96112","7401280627.57396","7408636292.18608","7415361628.34435","7411368066.26953","7456993464.25064","7586543912.22659","7847844102.74257","7855710388.55174","7996344535.71423","8211991048.05592","7959176082.03867","8165579054.80648","8272985497.05109","8294883392.9204","8335873171.29007","8273758563.19006","8219755016.3423","8307938645.13401","8526115528.01147","8842234228.97732",
"Sao Tome and Principe","STP","Agriculture, forestry, and fishing, value added (constant 2015 US$)","NV.AGR.TOTL.KD","","","","","","","","","","","","","","","","","","","","","","","","","","","","","","","","","","","","","","","","","","","","","","","","","30875008.9365346","32830657.6510838","33213946.877956","33111949.4279676","34600645.30391","36937685.0151328","37049032.133118","36750609.123448","36739384.8057519","36646913.8775056","33450388.5450541","31099023.6804692","31488691.4324186","34372350.6993413","31427028.4265882","28646298.0393787","27354558.2843536","27540018.9118321",
"Suriname","SUR","Agriculture, forestry, and fishing, value added (constant 2015 US$)","NV.AGR.TOTL.KD","","","","","","","","","","","","","","","","248414555.764434","256402955.863126","297375907.573082","283975952.295029","313868160.403106","317448084.639211","358742144.31784","348418629.617695","317448084.639211","330352478.307075","332933356.982112","325190720.957003","343256871.974939","340675993.299903","332933356.982111","335514235.949831","377186363.20133","385734518.464925","357953087.028967","341925332.495089","319486476.147661","323760553.779458","315212398.515864","294910624.886768","307732799.245581","325897577.961212","363295662.117496","349404931.765373","362227164.660765","365432686.29925","347267907.583619","358479038.197167","377881250.938415","343234415.294203","450870541.378484","463805340.116552","484593435.649421","534022894.241669","485979289.172752","511848915.917179","533546874.775915","533801216.214516","499568146.383596","457131174.914032","371122207.695394","332855674.843349","307831052.894531","295931180.884763","293999620.097598","267633661.694277","",
"Slovak Republic","SVK","Agriculture, forestry, and fishing, value added (constant 2015 US$)","NV.AGR.TOTL.KD","","","","","","","","","","","","","","","","","","","","","","","","","","","","","","","","","","","","569240519.513783","592744703.29722","618677901.868002","619081733.110562","461000486.377121","531164657.939075","708347725.178843","744534620.911483","762922805.311552","757827298.856911","810269908.93562","1001216991.48154","1284411184.49231","1544183165.43455","1462770786.93429","1181034002.79592","1384185227.13194","1355252828.16865","1642533552.26086","2224127691.39782","1824566210.81055","1955834268.50434","1769217221.25179","2129724001.55105","1793947364.35966","1966080732.86783","2059593583.04817","1723825384.12156","2213741392.93243","1734637212.22463","1721672421.13883",
"Slovenia","SVN","Agriculture, forestry, and fishing, value added (constant 2015 US$)","NV.AGR.TOTL.KD","","","","","","","","","","","","","","","","","","","","","","","","","","","","","","","","","","","","750001824.569428","792802722.343137","848100692.535805","829500007.940459","791083587.254915","794028275.579517","798142857.910398","908981388.525044","680399432.240738","871021793.595991","832893120.62833","817330589.857189","863176992.674174","833516924.075125","759788397.499873","774739726.914052","812132227.800563","740283512.958919","729945598.598227","720922502.276907","842919133.265625","824897094.628501","775609271.112615","908888973.199593","869466485.675615","931265033.874448","798289882.291798","827906893.75058","827312495.180064","884111164.237161","890547681.620002",
"Sweden","SWE","Agriculture, forestry, and fishing, value added (constant 2015 US$)","NV.AGR.TOTL.KD","","","","","","","","","","","","","","","","","","","","","4115731893.92207","4147805800.18377","4482108204.79369","4688847910.03188","4829973326.65519","4888439637.62141","4875060177.81949","4583278707.708","4533426538.11126","5039095586.98605","5311266219.26591","4956253119.75575","4836571427.83132","4911716145.06398","4624231020.91148","4581540365.02502","4494805447.08984","4618504225.60964","4301135642.33661","4374542745.75114","4558424936.71576","4742203004.12944","4888080099.00001","4880166709.12837","5384541189.89429","5363299985.502","5526253342.72716","5744079811.29906","4854552315.59649","5071545795.76086","5092162258.84749","5334770132.54373","5391309220.70556","5744079811.29906","6321653148.37762","6536460033.97219","6516988929.94592","6757306085.52143","5926608396.10143","6403077765.21473","6243768732.27256","6172235852.775","6666926843.30326","6276047033.06477","6062593753.63245","5636728430.27725",
"Eswatini","SWZ","Agriculture, forestry, and fishing, value added (constant 2015 US$)","NV.AGR.TOTL.KD","","","","","","","","","","","","188706917.257244","178890533.52154","196327530.246476","196327530.246476","187673608.90387","183023751.727919","148278957.93912","172174074.845958","165070116.033413","179323214.001376","180182180.368595","158482819.001113","146470649.31182","177469755.445435","175661484.835926","207435522.811443","188577770.821077","178244732.908687","212214549.234234","207248041.876705","222565194.377759","181795433.634607","168944772.976157","176696621.781837","173235231.327225","197112590.149087","200739794.182991","200428887.980579","218026018.938463","219725616.327969","215777519.614361","223076912.75991","241994797.989057","210856207.225284","253201777.657143","244120244.491109","236578367.603869","257764462.655008","278941660.424143","244562602.129851","258685718.466031","292419093.918975","309624468.88916","294695892.636354","288370797.800146","235250992.862442","270389607.397181","305484778.787269","325027094.426783","295460501.168203","273089578.168803","278573728.943048","253183963.408883","249495383.876555","251145449.126056",
"Sint Maarten (Dutch part)","SXM","Agriculture, forestry, and fishing, value added (constant 2015 US$)","NV.AGR.TOTL.KD","","","","","","","","","","","","","","","","","","","","","","","","","","","","","","","","","","","","","","","","","","","","","","","","","","","","","","","","","","","","","","","","","","",
"Seychelles","SYC","Agriculture, forestry, and fishing, value added (constant 2015 US$)","NV.AGR.TOTL.KD","","","","","","","","","","","","","","","","","","","36752577.6643715","37169746.9135449","31726879.3496595","35634823.0718917","27328133.0029307","34404699.0671631","29556666.299856","29235869.7963965","31606317.6221523","30242679.8783329","28766959.0214224","28156591.3180181","31995383.8300514","30688429.1891187","26195604.8376858","24486708.2802351","25910660.7277744","25265592.7113863","27695657.3549626","28964003.9276643","27378003.6930806","30688487.1590823","32856802.9244392","32110548.3365586","32499947.0746615","30587242.6176261","29714207.7193163","32001861.9010231","30288407.4551831","30800456.1438076","32778007.2513935","26335319.696247","24498852.9876128","25866458.6305168","25516030.2004551","32756833.7221826","29872813.539771","29408307.4675575","29831024.4422489","37740134.6895292","40873751.7965371","42540504.1904386","36812571.7941926","43363242.8990657","47590521.3396624","51399988.5137386","56312769.0203458","58839513.0707434",
"Syrian Arab Republic","SYR","Agriculture, forestry, and fishing, value added (constant 2015 US$)","NV.AGR.TOTL.KD","","","","","","","","","","","","","","","","","","","","","","","","","","","","","","","","","","","","","","","","","10928043425.9004","11814354444.2729","12747796676.2194","12409331069.9307","12027983385.3849","12962744314.4988","14347229818.3179","12406156428.6019","11568344161.6067","13007335815.0099","11738895661.9184","13759970013.1208","10218584349.8615","9328204730.6983","5063116347.68627","5455547862.63403","5348782232.71382","5580433368.44647","4759471120.81202","5042014199.07755","5193371329.50882","4641667507.19466","4358245297.48422","","","",
"Turks and Caicos Islands","TCA","Agriculture, forestry, and fishing, value added (constant 2015 US$)","NV.AGR.TOTL.KD","","","","","","","","","","","","","","","","","","","","","","","","","","","","","","","","","","","","","","","","","","","","","","","","7778645.96273292","5952304.6747303","6029249.1010134","4892504.08630271","5210444.26283099","3507504.41320693","3298447.85877738","4387284.07976463","4441000","4284207.58417784","6540276.23406342","6544631.57894737","5754862.37332461","5545805.81889506","5955208.23798627","7974636.48251062","7793163.77901275","7958666.88460281","",
"Chad","TCD","Agriculture, forestry, and fishing, value added (constant 2015 US$)","NV.AGR.TOTL.KD","","","","","","","","","","","","","","","","","","","","","","","","","","","","","","","","","","","","","","","","","","","","","","3127754072.06923","3216995828.94641","3424537072.95604","3475553413.12773","3446645358.46308","4239530380.45173","3923469859.38513","4352174487.68067","4707471615.57027","4650108283.02456","4895086662.00309","5392165584.21263","5449035964.72698","5666569572.70812","5942579216.17033","6095331891.91601","6094600392.49135","6344273345.68196","6492093499.09243","7025143948.69388","7369374904.61547",
"East Asia & Pacific (IDA & IBRD countries)","TEA","Agriculture, forestry, and fishing, value added (constant 2015 US$)","NV.AGR.TOTL.KD","148512011683.9","151240905915.853","158022991180.195","171612690061.904","190390055937.228","204498537621.736","219083182438.33","221639133240.445","223528355989.532","226999254062.171","241922265955.126","247648813300.43","247574203987.843","268912040160.443","278762411913.649","283535529327.42","285124249566.404","282481654168.779","285521132682.379","299708365754.534","299810697797.908","319097053230.746","346894110123.416","369852026387.268","407521671238.942","416358655131.611","429121982500.707","445748913033.617","460844796958.884","478052558547.563","502295570310.589","514698910433.358","539794711214.75","543538717121.726","559307477413.216","583745875599.474","611444458106.173","629345852293.234","643978188042.638","663211546351.407","680630485118.781","699248699019.152","718481077232.6","741735321184.713","781507413945.159","817544382243.51","855056226463.14","886917940890.376","929070582604.635","960091825917.222","996726573138.22","1038213800786.12","1082089219849.41","1121337777642.42","1164506345411.74","1203187552181.83","1235717647400.38","1284136772489.09","1328640418169.42","1367174423743.43","1401465399560.48","1481962677267.64","1537505643565.12","1592293845923.61","1641805428101.51","1707125511283.09",
"Europe & Central Asia (IDA & IBRD countries)","TEC","Agriculture, forestry, and fishing, value added (constant 2015 US$)","NV.AGR.TOTL.KD","","","","","","","","","","","","","","","","","","","","","","","","","","","","","","","173272093105.409","164062631457.019","158088277262.844","154539104116.238","143518487281.119","138811113430.438","136345756749.821","137232019338.611","128110418980.745","131169056916.962","137531006430.028","143971122822.915","149879503553.084","149270215200.582","157994144957.093","160572557483.867","164020256739.25","159916973210.573","169575310689.74","175151811408.867","171634141998.038","186214932984.242","182466010114.967","193982348410.958","198238036990.881","204608673619.228","209000186860.46","214870471766.532","219869906199.163","225612858251.289","229938845420.727","232090889820.102","234168714027.207","238769116104.736","242070435233.731","239871601254.235",
"Togo","TGO","Agriculture, forestry, and fishing, value added (constant 2015 US$)","NV.AGR.TOTL.KD","","","","","","225340339.76779","239724100.961216","251110624.928023","269689260.201995","287069479.475191","266692801.914381","264894932.784364","279877916.165048","288867262.027562","293062309.249644","301453067.291728","286470026.135048","269089980.018673","315836136.122264","300254564.934903","349997034.96024","350701252.472299","319715534.421537","322532491.269013","419010531.499938","450418710.970651","457038396.555821","457946835.52495","500354931.688302","527890952.729112","543684187.386303","537492760.736744","544068689.156904","576682207.164617","576320723.534774","608277041.311115","707832016.75304","739423793.471902","719008002.377751","758444302.70738","722529090.377723","762923175.519718","765353670.749329","752877876.052677","778231036.189343","856421372.820915","811421266.029224","828614590.972912","796691100.407473","896721646.122212","940534306.640121","934925329.845773","1005174853.36091","949375597.185169","1096241348.61243","1089039682.70262","1179820239.13682","1260127985.32478","1317986953.73289","1391198848.258","1378573274.51524","1435571586.21343","1512177858.58394","1607013113.90392","1701053705.39878","1719787762.49211",
"Thailand","THA","Agriculture, forestry, and fishing, value added (constant 2015 US$)","NV.AGR.TOTL.KD","9089345846.21627","9363465911.07404","10029700698.3484","10947754956.4501","11067946153.2172","11465790715.5219","13039445964.3842","12654109163.8995","13874635250.5486","14934374210.541","15525809727.4064","16189668472.0046","15894578296.1202","17406554559.8699","17922930984.1464","18697370094.281","19840577780.645","20283150277.4292","22827753863.1627","22385181366.3785","22790851907.7994","24353160435.5352","24955892463.7089","26146671048.0712","27302179389.499","28532997852.9509","28641820985.8488","28661276102.661","31673681072.0734","34714076312.2903","33087126596.4936","35488640942.0565","37187762865.9791","22016839673.3314","23485862324.1187","23786257510.7968","25044841655.1353","24924359828.9157","25095138770.6877","26306200812.7457","28094812492.0081","28960443194.4969","28993223038.7706","32459445866.4214","32098462889.9745","32078922171.5186","33338084443.622","33974371861.7474","34970717251.8957","34885269968.2332","34725533266.7722","36912648414.4281","37911190690.0833","38177534151.4047","38067574250.5075","35605906227.2676","35193701130.8444","36890679559.3592","39139827816.1964","38756240044.1391","37531823250.7104","38374675719.2593","39270426878.303","40208150113.0834","40987755404.1447","42483025055.4617",
"Tajikistan","TJK","Agriculture, forestry, and fishing, value added (constant 2015 US$)","NV.AGR.TOTL.KD","","","","","","","","","","","","","","","","","","","","","","","","","","1234682081.08852","1282834677.26535","1200733264.21799","1331613100.40773","1157171771.39666","1051869234.00801","1005586902.69365","737095195.213625","704663057.530066","645471372.243196","558978149.584729","459480058.901142","476021308.483829","506010621.791772","521696968.123397","588959590.855369","627830923.851824","733306514.86051","799304101.197956","889625495.596672","903859451.04597","952667919.130726","1014591332.56222","1094744022.77531","1209692167.47083","1291951152.46485","1394015396.10846","1538993001.50216","1655956387.74714","1730474404.85966","1785849595.26162","1878713788.90969","2006466327.08035","2146918954.2319","2297203231.1719","2478682292.73211","2471246235.09546","2360040194.53236","2647965075.6988","2600301726.64033","",
"Turkmenistan","TKM","Agriculture, forestry, and fishing, value added (constant 2015 US$)","NV.AGR.TOTL.KD","","","","","","","","","","","","","","","","","","","","","","","","","","","","","","","","","","","","","","","","","","","","","","","","","","","2552009883.84062","2554457351.87554","2761519546.01053","3034754422.89927","3086364775.73673","3331714285.71429","3662857165.3688","3882733008.47296","4039010520.59398","4198478901.68362","4436415590.40466","4616000270.69458","4948346920.02015","5203120230.84702","5477309410.48641","5860721046.84361",
"Latin America & the Caribbean (IDA & IBRD countries)","TLA","Agriculture, forestry, and fishing, value added (constant 2015 US$)","NV.AGR.TOTL.KD","","","","","","74571255376.4165","75729074507.6102","78419237084.6783","78890645322.7135","81772947383.7401","83714192845.5479","87763460699.0667","89806436954.2893","92856016067.5853","96370888601.5616","99222694700.6885","101151145975.551","107343048056.328","109718289293.644","111791079571.394","115048663016.098","121802324789.181","122239451325.287","122159601022.422","125056325805.85","130061468374.695","127482099783.472","134763018251.72","137157097409.158","137376287928.903","140287671843.088","144009542768.07","146682285104.033","149965342228.791","156528366877.778","162508418888.119","166621952323.798","168770559350.149","173796107221.516","179870925578.298","182779424218.115","188852133126.276","194416309275.756","205772150005.398","210146100202.888","217974705326.092","227230498974.064","236922310813.501","242654548724.019","229790815723.542","248330553268.705","256203098063.988","252183633370.312","268587211941.885","275333425122.732","284428506953.764","281667357048.171","301730357191.28","302680221617.972","311684781791.382","313789179107.912","319678596866.928","318221515221.67","328778708719.768","337460608990.266","361286171347.492",
"Timor-Leste","TLS","Agriculture, forestry, and fishing, value added (constant 2015 US$)","NV.AGR.TOTL.KD","","","","","","","","","","","","","","","","","","","","","","","","","","","","","","","","","","","","","","","","","238913000","236579900","250692000","248367900","261341900","267172200","282962700","278879200","296675200","304980400","318297000","266512400","316738500","300246400","296512400","283511700","279741500","271493300","279349900","286203800","287801700","303603400","319710000","329046400","331069600","",
"Middle East, North Africa, Afghanistan & Pakistan (IDA & IBRD)","TMN","Agriculture, forestry, and fishing, value added (constant 2015 US$)","NV.AGR.TOTL.KD","","37390724095.3183","38354497546.8656","38421775604.9575","40542155892.82","42987343602.5847","43547777326.7347","45821385100.4787","49354482540.7435","50304402962.0805","53353422828.4541","53784056249.0312","56656163113.4525","56190304818.3282","58971679145.1223","58637015690.0472","63556743296.5644","63143818982.7971","65105465383.0816","67230916049.0838","70509041562.7898","71223643695.705","75517045517.0309","77350211304.615","78490102043.3071","85779857448.4964","90275982897.6343","90972763466.7624","94353409126.5359","99535604130.3338","104830878884.093","109150072510.601","116000562180.235","113379677146.212","121052831837.443","121929049101.98","132240769337.502","130848039205.283","141618967204.289","140782986728.199","142482096989.178","146029299401.967","153635229626.15","157123045966.324","160486154969.244","171139218643.133","179959053231.601","177509061039.553","170658766524.07","183783858969.961","187635516738.837","196204739443.205","202806245283.758","213512222776.131","215892777130.314","216242084489.021","218094496668.191","223007024104.544","228516222852.166","240697181540.62","248317073553.598","248266398961.946","252059083444.192","258448154387.101","270847594997.611","270966558297.036",
"Tonga","TON","Agriculture, forestry, and fishing, value added (constant 2015 US$)","NV.AGR.TOTL.KD","","","","","","","","","","","","","","","","59700132.9784195","65675472.381769","63888931.3015145","59223844.462892","58803367.8192568","60297177.161926","58045979.2908161","60276311.4803869","54131342.7589","59242465.4256347","63656602.9060869","64121259.6969422","65282850.6577439","59010137.0302071","61663241.5985457","58557111.9640243","64314070.0706363","69023260.9512076","70863274.2821507","70519431.101794","72380981.3155038","70224678.7351426","72110836.601031","71923021.7043023","71221724.3656555","74096255.0133124","73820881.6914627","73136183.1063933","70832940.0599879","71595320.8117997","67985755.8588498","65144464.2152317","64486033.1576986","63422302.0346884","57553522.2291973","60249201.3070573","71513488.9566629","70419631.0959096","73204735.9586681","75034499.5592771","73725936.8209997","72798066.4960209","70966974.9951257","72798315.4773245","72231883.0114944","78989484.5741735","74200744.1670823","72858278.474623","81447303.5132688","65617030.7295813","",
"South Asia (IDA & IBRD)","TSA","Agriculture, forestry, and fishing, value added (constant 2015 US$)","NV.AGR.TOTL.KD","94462190319.3968","95033097806.2269","93785065305.4517","95573877989.9083","104307946065.549","93733501076.3438","93013726975.0047","104874316231.09","105708483973.669","111835812260.537","119482869845.229","117017820295.393","110886952990.924","117962290943.374","117121451585.288","130083389023.254","124059849163.381","134950804615.766","138580926760.608","122732072333.006","136550532286.017","142889654242.799","142801486114.517","156230985577.457","159168608878.36","159981469051.654","159910935846.271","157440652054.957","179610807523.675","181662199191.579","189731481168.144","186771427955.574","198095694415.581","204480108457.019","213638018490.221","212360088329.289","231751494932.959","227216715235.103","240899764815.417","247577879479.734","248921914554.53","262899944182.239","247438815343.684","268415576797.627","269929867238.175","282662823138.523","291543196558.731","307431545744.577","308329474480.144","306988531777.005","332869951527.563","353509516861.399","359595725612.903","378460384622.956","379465640043.953","383036465746.636","406652366701.565","431844253496.082","441657770015.489","467429373769.003","485510088822.781","507058704974.887","536634286159.492","550906417474.587","573177376589.173","587096071328.185",
"Sub-Saharan Africa (IDA & IBRD countries)","TSS","Agriculture, forestry, and fishing, value added (constant 2015 US$)","NV.AGR.TOTL.KD","","","","","","","","","","","","","","","","","","","","","","79414654644.2733","81402276935.7431","79920777318.2496","78421691491.2323","82538569004.724","88581522364.5695","91163276232.4318","93957290688.3142","100610792707.444","100225592284.745","103089980155.782","101414656900.249","106911315140.231","107664602186.48","111550301278.504","120422605568.622","124686875988.9","127963873671.398","133920400365.072","134192301485.626","140313441475.52","161198871441.851","168295583301.204","173999010810.649","183341804203.499","193150466633.853","200898075124.874","211311447875.459","219649236464.701","231167414117.363","234933380843.813","244391629058.444","254333610566.232","266565439628.958","275301638428.469","285030207893.64","297182177042.342","305821429960.39","312276757826.558","322684416909.685","335240627266.124","346587617233.354","353106121758.749","362884195207.34","379879024666.197",
"Trinidad and Tobago","TTO","Agriculture, forestry, and fishing, value added (constant 2015 US$)","NV.AGR.TOTL.KD","","","","","","","","","","","","","","","","","","","","","","","","","178573918.161115","198954600.779475","200410403.834661","200895640.409863","214676872.246175","227196489.128371","268588731.927715","249663822.492005","246800796.195986","267569703.532677","288144545.440134","290955038.494903","310953216.720481","351743935.170891","326278941.404478","333661452.645248","325764957.020537","354033426.447111","384871800.117331","326138752.596821","214513339.377149","202832152.495024","182273254.390934","221989286.254948","238950364.375681","161620920.649816","213485388.285325","214139543.800865","192480452.560203","183915908.03919","185206048.083728","247489667.487372","229975788.36164","248149585.397477","225877400.121566","141231023.326208","184835292.789239","155444535.154908","134895429.586368","127048974.878877","120195013.092972","",
"Tunisia","TUN","Agriculture, forestry, and fishing, value added (constant 2015 US$)","NV.AGR.TOTL.KD","","","","","","736193947.631742","658233236.92446","587987866.779058","728478540.289302","702453168.738869","751855173.599502","928735165.940276","1188067105.30085","1072910899.82677","1205225409.69959","1275240301.78156","1332818669.09196","1199467638.78054","1270403846.16943","1209831718.6022","1329133608.71571","1415961320.3039","1269943287.66725","1301726363.86596","1469163657.96277","1724234706.02293","1514304904.57433","1825226631.92844","1354237599.19821","1502443746.32168","1958001898.09624","2230346461.80411","2352066623.30947","2233110208.40276","2010398010.37065","1811177632.93828","2346308762.66997","2415978371.73041","2449252371.84333","2718382615.41849","2708022197.82233","2638766424.32193","2377214397.8797","2799485311.18749","3177837810.98613","2929685635.20196","3161480040.33102","3187637883.61111","3166674548.32528","3458950271.1852","3144650676.57835","3502512912.53698","3809550554.58525","3619965133.56955","3956620718.50841","4214414069.9675","3891675349.76037","4119850758.32886","4361943031.62908","4620348113.40604","4636762876.93577","4528690520.77732","4622132326.83319","3872049002.06178","4219766710.24893","4656491179.68733",
"Turkiye","TUR","Agriculture, forestry, and fishing, value added (constant 2015 US$)","NV.AGR.TOTL.KD","","","","","","","","","26635750065.7511","26310877125.1255","27056822040.6942","28456854811.6828","28782500165.9325","26550174830.5492","28222500691.7555","29106435422.6956","31138380448.1119","30561720834.9542","31411062972.1757","31397860081.4333","31752041290.0719","31154995984.8734","32129170109.9478","31829548018.4096","31981770724.6069","31836025309.4125","33306424189.384","33456216881.3975","36074966796.0541","33350548865.1105","35623567617.1306","35302054013.9392","36815325178.1766","36342676938.7487","36079482853.1972","36788076929.3929","38520940630.1601","38049742256.4786","40226638990.3456","38350084698.0356","40806445966.5893","37169502107.8703","40387464914.3121","39753267987.8184","41345669092.4841","44671392747.9934","45385052903.6032","42569900681.1998","44500649929.6072","46409592665.0229","49966942822.6964","51691856471.9669","52827999409.3999","54077272358.466","54379833279.6167","59516807885.5621","58686515075.1842","62062938637.8646","63985583381.1345","66415578870.7813","69967996504.3328","68201288385.087","69026136661.8065","69275306756.4797","72835608206.3253","66425194452.9276",
"Tuvalu","TUV","Agriculture, forestry, and fishing, value added (constant 2015 US$)","NV.AGR.TOTL.KD","","","","","","","","","","","","","","","","","","","","","","","","","","","","","","","","","","","","","","","","","","","","","","","","","","","","","","","","5859107.9491244","","","","","","","","","","",
"Tanzania","TZA","Agriculture, forestry, and fishing, value added (constant 2015 US$)","NV.AGR.TOTL.KD","","","","","","","","","","","","","","","","","","","","","","","","","","","","","","","4895117622.70931","5069870815.88603","5132569422.03888","5291976919.8745","5403411309.43926","5718706265.65001","5939982646.15545","6085452464.12709","6201488047.91769","6447764801.7827","6695117833.30199","7043546130.77226","7379245846.27554","7601164576.73238","7950451541.7443","8360163519.76463","8647738062.64398","8970817299.69646","9618742266.94805","10023980650.6924","10344844608.9184","10601899694.8231","10958815759.0934","11260921101.5606","12036778844.3762","12681272814.1946","13285209487.2496","14070645873.8412","14554084083.7999","15063477026.7449","15525363397.7228","16099801843.4219","16711594313.5064","17229814735.2193","17874646764.8182","18512603642.7083",
"Uganda","UGA","Agriculture, forestry, and fishing, value added (constant 2015 US$)","NV.AGR.TOTL.KD","","","","","","","","","","","","","","","","","","","","","","","3145851616.07477","3344163567.49628","3243432806.08645","3130736635.57652","3205688772.95111","3270801567.02792","3451236946.1292","3664819253.90848","3856791004.77153","3967977293.76902","3928976469.69679","4295644554.18452","4370157863.61543","4627914364.3479","4824846926.77453","4877398274.73431","4963725652.43141","5252734922.79332","5229710519.84099","5640592352.19539","6039196686.75717","6168431662.52933","6266424339.24164","6394845582.00974","6424171448.81536","6431831488.5754","6518393809.36923","6733756909.99909","6908805446.35219","7101064680.44373","7145147422.55208","7241628936.63585","7430803731.35445","7602039498.29227","7823727386.67583","8039511639.16378","8392380509.6036","8838498944.6244","9264762865.009","9665009718.53461","10068318812.0571","10525090569.7888","11112175836.8914","11862751192.6498",
"Ukraine","UKR","Agriculture, forestry, and fishing, value added (constant 2015 US$)","NV.AGR.TOTL.KD","","","","","","","","","","","","","","","","","","","","","","","","","","","","","","","11856661729.313","9796261924.5023","8820357601.32823","9303568562.65891","8363899111.88283","7991465924.51779","7207401664.33072","7138680111.68979","6340367955.29196","6090041475.26973","6826947492.24015","7510969383.56709","7654534685.58233","6803659863.76485","8144326078.67246","8167154633.26852","8302873924.48062","7790253980.96782","9104293839.93157","8922207965.88738","8940779636.90959","10690273097.5346","10262331638.9377","11559010116.7343","11480383072.7467","10977766778.9227","11673038463.4635","11378438234.9566","12308794191.0204","12432326072.3543","11102424255.1544","12781951305.0203","9564895158.13221","10626930137.9308","10217682714.1132","9579195226.02272",
"Upper middle income","UMC","Agriculture, forestry, and fishing, value added (constant 2015 US$)","NV.AGR.TOTL.KD","230236195196.435","235729118959.094","245427676677.297","264148764381.801","288795452183.853","309756001657.891","327739394204.184","334543886868.827","337346102879.617","343284421805.093","361475504741.426","372920468913.202","376887758022.047","397832828374.581","414057040688.936","421997745716.497","429588280666.746","431632234692.229","438871315938.877","455856718239.048","459821217603.819","485881954039.4","517392793193.289","540390467380.498","583815404440.981","599575076967.596","613209145294.263","636357489713.992","657480881402.058","673887173386.394","705920185387.358","715242095586.461","745959814586.605","751135538837.178","771381136924.468","799097668516.903","832642224222.236","850305546780.231","871747945002.137","894467709515.954","916900539264.684","938308515302.211","970342837871.168","998785619301.632","1046283288328.63","1096317768379.32","1144200986411.96","1177945514829.81","1220163762441.81","1247477996294.74","1305726732755.81","1362350575825.47","1404282420796.77","1467209129869.5","1519673247040.49","1568629043421.45","1601718917396.13","1668657124388.93","1717577032141.93","1773940348528.81","1819586139909.39","1900729409582.55","1954657083549.78","2020315370530.68","2084434744414.25","2159908392303.42",
"Uruguay","URY","Agriculture, forestry, and fishing, value added (constant 2015 US$)","NV.AGR.TOTL.KD","","","","","","","","","","","","","","","","","","","","","","","","2049767717.03576","1804992622.75437","2021645476.51308","1952695470.98546","2034220729.40784","2022817543.80933","2110523057.10738","2022044775.28385","2100253652.01879","2331430501.81636","2198063343.16847","2452408438.33293","2589881557.46668","2827337604.77306","2871065392.68722","2946049038.80682","2835382598.7512","2772659968.33471","2562357804.50471","2583510978.04923","2807262337.92519","3076680990.58731","3171151014.23373","3337994038.27984","2997686267.48405","3061611475.07187","3163911474.23592","3117838730.65087","3530048595.29991","3502407887.23889","3571817602.39751","3581392995.79713","3536635823.71474","3616969317.54935","3243185700.09713","3436483628.94676","3524609773.99798","3238329855.07736","3628582488.46589","3312591657.52421","3494924600.71995","3992852360.55638","4064113244.22138",
"United States","USA","Agriculture, forestry, and fishing, value added (constant 2015 US$)","NV.AGR.TOTL.KD","","","","","","","","","","","","","","","","","","","","","","","","","","","","","","","","","","","","","","","","","","","","","","","","","","","","","","","","188238199000","","","","","","","","","","",
"Uzbekistan","UZB","Agriculture, forestry, and fishing, value added (constant 2015 US$)","NV.AGR.TOTL.KD","","","","","","","","","","","","","","","","","","","","","","","","","","","","8455435738.33488","9285782624.41063","8964828631.24519","9486378872.86032","9696700996.40755","9069381826.64159","9205422552.27776","8892438184.78802","9070286949.23268","8553280593.75688","9049370867.73327","9420395073.97039","9938516803.37405","10252474547.9415","10676716413.4422","11317076707.0819","12087114671.7939","13094494342.7127","13860889900.3862","14846402695.5754","15804826377.8744","16550319372.5819","17514027018.8984","18505985879.9706","19630845144.3432","20997692389.0067","22349764482.9673","23687053181.8549","25132430322.5804","26682602683.1934","26989852360.4295","27157263364.4947","28030121979.2979","28818176575.7853","29976344845.1366","31055562294.7314","32314604057.6087","33420446452.0472","34874645593.6796",
"St. Vincent and the Grenadines","VCT","Agriculture, forestry, and fishing, value added (constant 2015 US$)","NV.AGR.TOTL.KD","","","","","","","","","","","","","","","","","","31362723.1240511","40314174.1543129","33214733.8919535","28735943.4678447","40235036.3076391","37081403.3796964","37651499.7800107","44327203.907925","48294847.8523707","48410286.1638195","43802842.5970432","64971660.5402835","61209937.0929881","71189552.9132683","61512008.056948","67480609.3321227","62234947.2025758","40212674.2556606","58631037.5736582","55978198.1607371","46431655.0441123","50637253.1860295","49228500.7159188","52834371.4537857","48665730.0718971","54028720.6161734","49672624.2685039","48481622.5162194","48829381.2324994","49482160.0148524","53899388.862185","52394068.6824296","63689447.610764","48495147.4055254","46967375.9095221","47606697.4270157","49695954.7025567","51252568.025005","49240740.7407407","52331177.9471568","54332861.5644416","57396248.9922457","56449506.7408272","57362436.7689807","40395463.1346309","37653291.8278438","35783475.8812923","31529898.1945621","32368441.3315327",
"Venezuela, RB","VEN","Agriculture, forestry, and fishing, value added (constant 2015 US$)","NV.AGR.TOTL.KD","","","","","","","","","","","","","","","","","","","","","","","","","","","","","","","","","","","","","","","","","","","","","","","","","","","","","","","","","","","","","","","","","","",
"British Virgin Islands","VGB","Agriculture, forestry, and fishing, value added (constant 2015 US$)","NV.AGR.TOTL.KD","","","","","","","","","","","","","","","","","","","","","","","","","","","","","","","","","","","","","","","","","","","","","","","","","","","","","","","","","","","","","","","","","","",
"Virgin Islands (U.S.)","VIR","Agriculture, forestry, and fishing, value added (constant 2015 US$)","NV.AGR.TOTL.KD","","","","","","","","","","","","","","","","","","","","","","","","","","","","","","","","","","","","","","","","","","","","","","","","","","","","","","","","","","","","","","","","","","",
"Viet Nam","VNM","Agriculture, forestry, and fishing, value added (constant 2015 US$)","NV.AGR.TOTL.KD","","","","","","","","","","","","","","","","","","","","","","","","","","12261948759.1564","12628156750.8969","12484003223.5474","12939432356.9785","13845628213.164","13983456277.6931","14287740362.3517","15270507831.2474","15771212197.7827","16302213157.0909","17084897719.2221","17836621025.7424","18596811795.3594","19264495813.2479","20272897464.292","21212386479.3722","21885153246.4585","22801470442.8655","23648191077.5852","24702425085.9801","25737289177.3063","26714794289.3554","27771430767.7521","29074545686.3775","29629816639.6642","29773814704.4701","31036897288.9232","31928113867.595","32736295163.3696","33784990147.6579","34631987893.6014","35204722270.4599","36320143975.1868","37814879023.5828","38823440398.7427","40003447238.4642","41487876695.0412","43024409935.2717","44722205092.9203","46324157424.1876","48076507025.4931",
"Vanuatu","VUT","Agriculture, forestry, and fishing, value added (constant 2015 US$)","NV.AGR.TOTL.KD","","","","","","","","","","","","","","","","","","","","104550246.699916","85624789.4246404","104632167.074569","92391110.6138427","132386612.68957","140868608.481674","130796237.817575","125976921.946489","114699722.314619","110121371.532047","114121404.339584","134362531.703187","122651594.911992","117157573.267864","126121500.999598","127711875.871592","132579384.760381","138989075.503463","145446959.264246","157928987.863888","150772830.601306","157823231.84523","157347329.761265","159656336.16865","165631551.222875","173193106.556983","177194209.26291","179802857.723162","186095340.833363","184456122.544151","175607868.983027","183751082.419759","189638167.458435","186007210.817815","188562981.268737","212449562.149015","199946477.249432","210700582.702752","211329973.230127","213078952.67639","226998166.262566","220425876.717093","225582037.575973","234544800.759072","239876464.745777","249244700.672473","",
"World","WLD","Agriculture, forestry, and fishing, value added (constant 2015 US$)","NV.AGR.TOTL.KD","","","","","","","","","823296614404.081","845343196115.586","890172022339.968","908354190875.19","910175594503.216","957446418098.068","986630088695.553","1021103489517.18","1033926615388.95","1060600350620.99","1077927374965.34","1091603145443.74","1115337631213.86","1164355963828.1","1226214959669.69","1273689618227.41","1348323262470.33","1385166137500.48","1417659406132.39","1450954170523.82","1524760542340.54","1565564787493.02","1630692863913.24","1646052880786.93","1698333280724.17","1712627429964.14","1741904512220.68","1773172979413.93","1864459460795.22","1891480936624.76","1934772165575.12","1991433266100.54","2035612130576.06","2085346306930.32","2138567924730.08","2186164249380.13","2278973047787.16","2348926577871.01","2432192159615.25","2493826346299.74","2581698007118.58","2632308247723.23","2720862742306.4","2842055577410.81","2895051861052.25","3014494080186.06","3106156879017.1","3174287094891.66","3239724326028.18","3371660609719.49","3446143579398.34","3554469703454.52","3624473037333.66","3767842670892.52","3892341977254.35","3988298078845.96","4100148580746.72","4236508238747.03",
"Samoa","WSM","Agriculture, forestry, and fishing, value added (constant 2015 US$)","NV.AGR.TOTL.KD","","","","","","","","","","","","","","","","","","","","","","","","","","","","","","","","","","","88645837.4928585","99878459.7928587","103036617.904204","96309905.3152356","89711059.3806214","86923714.5669024","84524417.2520484","81479597.1780988","75248265.9520562","73539782.1358978","68026134.9373644","76283244.5963545","76216383.3081069","73743924.0292835","72880212.5762225","70874262.7403994","72642677.1015114","70019668.7357358","63058793.3867077","64677918.7960119","69676726.6624791","68601905.5099401","69946099.0809844","81124757.9465674","74815113.027583","70217806.4557866","69221224.8705927","69841767.3035914","63307892.4545082","63829699.5926667","67914390.6002987","65712489.7495282",
"Kosovo","XKX","Agriculture, forestry, and fishing, value added (constant 2015 US$)","NV.AGR.TOTL.KD","","","","","","","","","","","","","","","","","","","","","","","","","","","","","","","","","","","","","","","","","","","","","","","","","323948844.982686","343884708.978819","417291559.211863","360701629.984367","277709854.440406","341562761.432132","409873752.417414","483342648.107422","560515893.399648","538204900.036575","481968621.781991","541776701.676998","510562388.534154","497842581.95013","520329790.9164","504896166.461831","531035844.294353","549470467.903451",
"Yemen, Rep.","YEM","Agriculture, forestry, and fishing, value added (constant 2015 US$)","NV.AGR.TOTL.KD","","","","","","","","","","","","","","","","","","","","","","","","","","","","","","","6551408415.78449","6651036328.83141","7554264364.29949","7342096773.20195","8419428515.46829","7284411898.52729","6130070678.35176","6195997410.98654","7974462541.32081","6817777801.68208","6003515422.17613","6435022817.54758","6408709879.16926","6384489189.9123","5995993509.3533","5657050784.36592","5632446012.29105","5664827297.54155","5746112347.87682","5864209941.98378","6224255447.56488","5366233878.9409","9572366346.16904","10444336667.9499","10419671341.4038","8576307093.95389","9651286603.76719","9844668083.50018","10575089483.7705","","","","","","","",
"South Africa","ZAF","Agriculture, forestry, and fishing, value added (constant 2015 US$)","NV.AGR.TOTL.KD","2405279232.77747","2494607644.07661","2636090044.41345","2721497103.15338","2409828001.74617","2436571626.20008","2628247339.295","3285466028.22113","2892311220.63322","3029872268.41084","2828393173.91785","3359187456.33456","3337620017.25882","2915133492.52791","3800574900.40093","3474553648.62696","3390479849.75717","3788810842.72325","3940724040.86763","3855316982.12771","4240001668.18769","4485164630.19044","4106361972.9693","3174021188.48795","3535883602.65324","4255059662.01511","4535436369.9997","4650802562.2921","4781226748.41193","5484168408.17861","5092895849.81914","5320334298.25419","3869982840.69921","4799061201.01998","5178187040.43364","4147727819.18344","5143182490.76813","5189471132.40077","4914429165.76374","5219123773.03722","5464422586.37804","5284096647.90561","5627562922.76498","5665890544.22975","5714585476.80413","5875153076.5186","5554206376.50718","5719675180.67297","6829950388.34144","6700708490.01822","6680583489.11058","6813796337.26019","6933950634.35339","7244584647.69636","8037807442.73728","7745421796.45039","7346426996.92308","8748151659.32575","8791274483.23946","8217959555.49345","9636339551.16043","10115763369.9943","10334382892.5913","9861938336.25585","9002769990.52964","10571711376.4733",
"Zambia","ZMB","Agriculture, forestry, and fishing, value added (constant 2015 US$)","NV.AGR.TOTL.KD","","","","","","626676876.827429","642376505.440089","639236600.540818","644469775.372936","653104580.364681","680840620.991757","697325240.289833","728462795.391751","719827735.893476","752797228.996156","787859772.23059","843070371.162436","851966554.360181","856938131.185205","810362799.98425","795186008.762939","860077770.009467","759600142.261055","823183658.965587","869235886.700185","899589098.95149","978086640.4539","956630721.974287","1141363129.70731","1110748840.03045","1011841158.94743","1064173242.75449","712239635.279025","1197358441.68108","971022071.339515","1286422562.14651","1268668718.78484","1193049310.64743","1195567930.40227","1300584346.62196","1302725857.11066","1249173865.66437","1205127334.47945","1238327341.08716","1258084324.36474","1213395696.34234","1196099316.89932","1150336150.74006","1119793296.4187","1126882656.78277","1059517508.53281","1141934843.92084","1180590672.30024","1135219272.66954","1147246649.70215","1058488376.67455","1097859079.19043","1205320632.18875","950063886.65264","1023244069.50399","1199311281.85193","1282476993.69053","1146315421.87847","911872752.491028","827706783.716805","1250899593.4629",
"Zimbabwe","ZWE","Agriculture, forestry, and fishing, value added (constant 2015 US$)","NV.AGR.TOTL.KD","","","","","","","","","","1384032163.22201","1280051769.27134","1624260027.85102","1835816629.15714","1484428951.41492","1753352112.27462","1649367140.51515","1835816629.15715","1444987033.61594","1591994604.45894","1591994604.45894","1617095740.71457","1846572660.41994","1713906252.56514","1444987923.77942","1778446763.4031","2201571919.11476","2020566759.75334","1934137031.67269","1995872406.36867","2064870998.16132","2315444423.53687","2339414918.02423","1796872019.54816","2284207970.87935","2451263656.04578","2265319540.29409","2714172941.59453","2801346732.87438","2943703970.42003","3075076290.38206","3136587226.30431","3575702372.38137","2717536635.66773","2309894361.98381","2102003877.07618","1996906028.08011","1917024134.19353","1782852699.14071","1082192573.74168","1242356225.13702","1332093983.24573","1350817768.20629","1456644806.94169","1419220737.89964","1745616811.47021","1654750000","1590510451.62421","1848691736.87298","2188965986.1054","1961246163.75478","2042635740.15122","2399587907.75619","2547232599.02158","2707758387.10858","2216997249.35476","2790571168.30763",
